time_stamp,pm2.5_alt,pm2.5_alt_a,pm2.5_alt_b,pm2.5_atm,pm2.5_atm_a,pm2.5_atm_b,pm2.5_cf_1,pm2.5_cf_1_a,pm2.5_cf_1_b,pm10.0_atm,pm10.0_atm_a,pm10.0_atm_b,pm10.0_cf_1,pm10.0_cf_1_a,pm10.0_cf_1_b
2021-08-30T00:00:00Z,35.6,35.6,,64.454,64.454,,88.131,88.131,,105.174,105.174,,148.556,148.556,
2021-08-31T00:00:00Z,83.1,83.1,,110.058,110.058,,161.857,161.857,,142.961,142.961,,210.035,210.035,
2021-09-01T00:00:00Z,171,171,,220.865,220.865,,329.91,329.91,,286.472,286.472,,427.78,427.78,
2021-09-02T00:00:00Z,9.9,9.9,,15.88,15.88,,15.88,15.88,,16.88,16.88,,16.88,16.88,
2021-09-27T00:00:00Z,3.9,3.9,,4.808,4.808,,6.004,6.004,,5.337,5.337,,6.518,6.518,
2021-09-28T00:00:00Z,2.1,2.1,,3.016,3.016,,3.016,3.016,,3.359,3.359,,3.358,3.358,
2021-09-29T00:00:00Z,0.4,0.4,,0.319,0.319,,0.319,0.319,,0.476,0.476,,0.476,0.476,
2021-09-30T00:00:00Z,0.8,0.8,,0.53,0.53,,0.53,0.53,,0.755,0.755,,0.755,0.755,
2021-10-01T00:00:00Z,0.7,0.7,,0.55,0.55,,0.55,0.55,,0.706,0.706,,0.706,0.706,
2021-10-02T00:00:00Z,2.9,2.9,,3.968,3.968,,4.628,4.628,,4.609,4.609,,5.184,5.184,
2021-10-03T00:00:00Z,1.2,1.2,,1.361,1.361,,1.408,1.408,,1.58,1.58,,1.596,1.596,
2021-10-04T00:00:00Z,1.1,1.1,,1.085,1.085,,1.085,1.085,,1.33,1.33,,1.331,1.331,
2021-10-05T00:00:00Z,1.8,1.8,,2.217,2.217,,2.42,2.42,,2.765,2.765,,2.925,2.925,
2021-10-06T00:00:00Z,3.1,3.1,,3.816,3.816,,4.838,4.838,,4.344,4.344,,5.236,5.236,
2021-10-07T00:00:00Z,2.7,2.7,,3.424,3.424,,3.948,3.948,,4.04,4.04,,4.416,4.416,
2021-10-08T00:00:00Z,2.6,2.6,,3.282,3.282,,3.88,3.88,,3.901,3.901,,4.591,4.591,
2021-10-09T00:00:00Z,4.6,4.6,,6.411,6.411,,7.977,7.977,,7.713,7.713,,9.007,9.007,
2021-10-10T00:00:00Z,1.5,1.5,,1.953,1.953,,2.016,2.016,,2.12,2.12,,2.129,2.129,
2021-10-11T00:00:00Z,1.3,1.3,,1.497,1.497,,1.497,1.497,,1.747,1.747,,1.747,1.747,
2021-10-12T00:00:00Z,3.1,3.1,,4.106,4.106,,5.485,5.485,,5.086,5.086,,6.536,6.536,
2021-10-13T00:00:00Z,0.2,0.2,,0.031,0.031,,0.031,0.031,,0.088,0.088,,0.088,0.088,
2021-10-14T00:00:00Z,0.4,0.4,,0.191,0.191,,0.191,0.191,,0.327,0.327,,0.327,0.327,
2021-10-15T00:00:00Z,0.4,0.4,,0.175,0.175,,0.175,0.175,,0.262,0.262,,0.262,0.262,
2021-10-16T00:00:00Z,0.6,0.6,,0.406,0.406,,0.406,0.406,,0.479,0.479,,0.479,0.479,
2021-10-17T00:00:00Z,0.7,0.7,,0.613,0.613,,0.613,0.613,,0.713,0.713,,0.713,0.713,
2021-10-18T00:00:00Z,0.4,0.4,,0.122,0.122,,0.122,0.122,,0.249,0.249,,0.249,0.249,
2021-10-19T00:00:00Z,0.5,0.5,,0.589,0.589,,0.589,0.589,,0.833,0.833,,0.833,0.833,
2021-10-20T00:00:00Z,0.4,0.4,,0.112,0.112,,0.112,0.112,,0.246,0.246,,0.246,0.246,
2021-10-21T00:00:00Z,0.5,0.5,,0.113,0.113,,0.113,0.113,,0.216,0.216,,0.216,0.216,
2021-10-22T00:00:00Z,0.7,0.7,,0.383,0.383,,0.383,0.383,,0.523,0.523,,0.523,0.523,
2021-10-23T00:00:00Z,0.5,0.5,,0.356,0.356,,0.356,0.356,,0.512,0.512,,0.512,0.512,
2021-10-24T00:00:00Z,2.9,2.9,,3.649,3.649,,4.872,4.872,,4.455,4.455,,5.66,5.66,
2021-10-25T00:00:00Z,1.8,1.8,,2.151,2.151,,2.965,2.965,,2.779,2.779,,3.705,3.705,
2021-10-26T00:00:00Z,0.9,0.9,,1.305,1.305,,1.367,1.367,,1.685,1.685,,1.717,1.717,
2021-10-27T00:00:00Z,0.4,0.4,,0.147,0.147,,0.147,0.147,,0.245,0.245,,0.245,0.245,
2021-10-28T00:00:00Z,0.4,0.4,,0.127,0.127,,0.127,0.127,,0.236,0.236,,0.236,0.236,
2021-10-29T00:00:00Z,0.6,0.6,,0.44,0.44,,0.44,0.44,,0.579,0.579,,0.579,0.579,
2021-10-30T00:00:00Z,0.8,0.8,,0.729,0.729,,0.729,0.729,,0.902,0.902,,0.902,0.902,
2021-10-31T00:00:00Z,2.5,2.5,,3.726,3.726,,3.726,3.726,,4.11,4.11,,4.11,4.11,
2021-11-01T00:00:00Z,1.1,1.1,,1.337,1.337,,1.337,1.337,,1.554,1.554,,1.554,1.554,
2021-11-02T00:00:00Z,2.7,2.7,,3.304,3.304,,4.56,4.56,,3.961,3.961,,5.356,5.356,
2021-11-03T00:00:00Z,1.6,1.6,,2,2,,2.504,2.504,,2.498,2.498,,2.967,2.967,
2021-11-04T00:00:00Z,2.2,2.2,,2.689,2.689,,3.249,3.249,,3.095,3.095,,3.51,3.51,
2021-11-05T00:00:00Z,1.1,1.1,,1.28,1.28,,1.28,1.28,,1.487,1.487,,1.487,1.487,
2021-11-06T00:00:00Z,0.3,0.3,,0.074,0.074,,0.074,0.074,,0.134,0.134,,0.134,0.134,
2021-11-07T00:00:00Z,0.2,0.2,,0.021,0.021,,0.021,0.021,,0.068,0.068,,0.068,0.068,
2021-11-08T00:00:00Z,0.8,0.8,,0.909,0.909,,1.174,1.174,,1.143,1.143,,1.442,1.442,
2021-11-09T00:00:00Z,1.6,1.6,,1.863,1.863,,2.177,2.177,,2.346,2.346,,2.605,2.605,
2021-11-10T00:00:00Z,0.4,0.4,,0.124,0.124,,0.124,0.124,,0.243,0.243,,0.234,0.234,
2021-11-11T00:00:00Z,2.3,2.3,,2.676,2.676,,3.251,3.251,,3.245,3.245,,3.619,3.619,
2021-11-12T00:00:00Z,2,2,,2.723,2.723,,3.174,3.174,,3.123,3.123,,3.336,3.336,
2021-11-13T00:00:00Z,1.1,1.1,,1.187,1.187,,1.187,1.187,,1.374,1.374,,1.374,1.374,
2021-11-14T00:00:00Z,1.6,1.6,,2.036,2.036,,2.036,2.036,,2.378,2.378,,2.378,2.378,
2021-11-15T00:00:00Z,0.7,0.7,,0.399,0.399,,0.399,0.399,,0.538,0.538,,0.538,0.538,
2021-11-16T00:00:00Z,0.3,0.3,,0.071,0.071,,0.071,0.071,,0.19,0.19,,0.19,0.19,
2021-11-17T00:00:00Z,0.5,0.5,,0.311,0.311,,0.311,0.311,,0.534,0.534,,0.534,0.534,
2021-11-18T00:00:00Z,0.4,0.4,,0.114,0.114,,0.114,0.114,,0.207,0.207,,0.207,0.207,
2021-11-19T00:00:00Z,0.4,0.4,,0.141,0.141,,0.141,0.141,,0.266,0.266,,0.266,0.266,
2021-11-20T00:00:00Z,1.3,1.3,,1.427,1.427,,1.427,1.427,,1.738,1.738,,1.738,1.738,
2021-11-21T00:00:00Z,1.6,1.6,,2.14,2.14,,2.255,2.255,,2.811,2.811,,2.922,2.922,
2021-11-22T00:00:00Z,2.2,2.2,,2.863,2.863,,3.217,3.217,,3.31,3.31,,3.518,3.518,
2021-11-23T00:00:00Z,0.9,0.9,,0.763,0.763,,0.763,0.763,,0.919,0.919,,0.919,0.919,
2021-11-24T00:00:00Z,1.5,1.5,,1.778,1.778,,2.362,2.362,,2.061,2.061,,2.673,2.673,
2021-11-25T00:00:00Z,2.2,2.2,,3.073,3.073,,3.405,3.405,,3.642,3.642,,3.841,3.841,
2021-11-26T00:00:00Z,3.5,3.5,,5.301,5.301,,5.629,5.629,,6.089,6.089,,6.212,6.212,
2021-11-27T00:00:00Z,2.1,2.1,,2.69,2.69,,2.69,2.69,,2.989,2.989,,2.989,2.989,
2021-11-28T00:00:00Z,2.3,2.3,,3.238,3.238,,3.238,3.238,,3.574,3.574,,3.574,3.574,
2021-11-29T00:00:00Z,2.2,2.2,,3.048,3.048,,3.048,3.048,,3.327,3.327,,3.327,3.327,
2021-11-30T00:00:00Z,1.1,1.1,,1.125,1.125,,1.125,1.125,,1.283,1.283,,1.283,1.283,
2021-12-01T00:00:00Z,1.4,1.4,,1.549,1.549,,1.549,1.549,,1.798,1.798,,1.798,1.798,
2021-12-02T00:00:00Z,0.8,0.8,,0.547,0.547,,0.547,0.547,,0.689,0.689,,0.689,0.689,
2021-12-03T00:00:00Z,1.5,1.5,,1.728,1.728,,1.728,1.728,,2.01,2.01,,2.01,2.01,
2021-12-04T00:00:00Z,7.4,7.4,,9.613,9.613,,12.662,12.662,,10.94,10.94,,13.803,13.803,
2021-12-05T00:00:00Z,2,2,,2.635,2.635,,2.676,2.676,,2.955,2.955,,2.956,2.956,
2021-12-06T00:00:00Z,2.5,2.5,,3.007,3.007,,3.833,3.833,,3.633,3.633,,4.413,4.413,
2021-12-07T00:00:00Z,0.9,0.9,,0.79,0.79,,0.79,0.79,,1.004,1.004,,1.004,1.004,
2021-12-08T00:00:00Z,0.7,0.7,,0.441,0.441,,0.441,0.441,,0.587,0.587,,0.587,0.587,
2021-12-09T00:00:00Z,0.3,0.3,,0.032,0.032,,0.032,0.032,,0.089,0.089,,0.089,0.089,
2021-12-10T00:00:00Z,2,2,,2.985,2.985,,3.082,3.082,,3.669,3.669,,3.734,3.734,
2021-12-11T00:00:00Z,0.2,0.2,,0.008,0.008,,0.008,0.008,,0.055,0.055,,0.055,0.055,
2021-12-12T00:00:00Z,10.8,10.8,,12.895,12.895,,18.887,18.887,,14.203,14.203,,20.542,20.542,
2021-12-13T00:00:00Z,1.2,1.2,,1.751,1.751,,1.945,1.945,,2.275,2.275,,2.416,2.416,
2021-12-14T00:00:00Z,0.5,0.5,,0.491,0.491,,0.491,0.491,,0.643,0.643,,0.643,0.643,
2021-12-15T00:00:00Z,0.8,0.8,,1.056,1.056,,1.06,1.06,,1.26,1.26,,1.26,1.26,
2021-12-16T00:00:00Z,1.6,1.6,,2.388,2.388,,2.648,2.648,,2.917,2.917,,3.009,3.009,
2021-12-17T00:00:00Z,0.3,0.3,,0.064,0.064,,0.064,0.064,,0.149,0.149,,0.149,0.149,
2021-12-18T00:00:00Z,0.4,0.4,,0.114,0.114,,0.114,0.114,,0.213,0.213,,0.213,0.213,
2021-12-19T00:00:00Z,3.6,3.6,,4.47,4.47,,5.915,5.915,,5.429,5.429,,6.968,6.968,
2021-12-20T00:00:00Z,1,1,,0.801,0.801,,0.801,0.801,,0.974,0.974,,0.974,0.974,
2021-12-21T00:00:00Z,1.2,1.2,,1.165,1.165,,1.165,1.165,,1.329,1.329,,1.33,1.33,
2021-12-22T00:00:00Z,2.1,2.1,,2.773,2.773,,2.773,2.773,,3.073,3.073,,3.073,3.073,
2021-12-23T00:00:00Z,4.4,4.4,,5.474,5.474,,7.433,7.433,,6.377,6.377,,8.468,8.468,
2021-12-24T00:00:00Z,0.7,0.7,,0.741,0.741,,0.741,0.741,,0.972,0.972,,0.972,0.972,
2021-12-25T00:00:00Z,2.9,2.9,,3.667,3.667,,5.02,5.02,,4.702,4.702,,6.277,6.277,
2021-12-26T00:00:00Z,0.2,0.2,,0.082,0.082,,0.082,0.082,,0.166,0.166,,0.166,0.166,
2021-12-27T00:00:00Z,0.2,0.2,,0.061,0.061,,0.061,0.061,,0.095,0.095,,0.095,0.095,
2021-12-28T00:00:00Z,0.3,0.3,,0.051,0.051,,0.052,0.052,,0.112,0.112,,0.113,0.113,
2021-12-29T00:00:00Z,0.4,0.4,,0.084,0.084,,0.084,0.084,,0.156,0.156,,0.156,0.156,
2021-12-30T00:00:00Z,0.1,0.1,,0.013,0.013,,0.013,0.013,,0.057,0.057,,0.057,0.057,
2021-12-31T00:00:00Z,1.3,1.3,,1.679,1.679,,1.854,1.854,,1.979,1.979,,2.084,2.084,
2022-01-01T00:00:00Z,1.1,1.1,,1.299,1.299,,1.299,1.299,,1.609,1.609,,1.609,1.609,
2022-01-02T00:00:00Z,0.7,0.7,,0.525,0.525,,0.525,0.525,,0.688,0.688,,0.688,0.688,
2022-01-03T00:00:00Z,1.4,1.4,,1.505,1.505,,1.505,1.505,,1.77,1.77,,1.77,1.77,
2022-01-04T00:00:00Z,0.8,0.8,,0.975,0.975,,0.975,0.975,,1.233,1.233,,1.233,1.233,
2022-01-05T00:00:00Z,0.5,0.5,,0.184,0.184,,0.184,0.184,,0.311,0.311,,0.311,0.311,
2022-01-06T00:00:00Z,0.8,0.8,,0.493,0.493,,0.493,0.493,,0.695,0.695,,0.695,0.695,
2022-01-07T00:00:00Z,2,2,,3.132,3.132,,3.192,3.192,,3.821,3.821,,3.86,3.86,
2022-01-08T00:00:00Z,2.4,2.4,,3.643,3.643,,3.76,3.76,,4.081,4.081,,4.141,4.141,
2022-01-09T00:00:00Z,6.4,6.4,,7.828,7.828,,10.947,10.947,,8.997,8.997,,12.399,12.399,
2022-01-10T00:00:00Z,1,1,,0.868,0.868,,0.868,0.868,,1.072,1.072,,1.072,1.072,
2022-01-11T00:00:00Z,1.1,1.1,,1.016,1.016,,1.016,1.016,,1.234,1.234,,1.234,1.234,
2022-01-12T00:00:00Z,1.2,1.2,,1.265,1.265,,1.265,1.265,,1.48,1.48,,1.48,1.48,
2022-01-13T00:00:00Z,1.8,1.8,,2.184,2.184,,2.184,2.184,,2.461,2.461,,2.461,2.461,
2022-01-14T00:00:00Z,1.6,1.6,,2.001,2.001,,2.001,2.001,,2.27,2.27,,2.27,2.27,
2022-01-15T00:00:00Z,1,1,,0.91,0.91,,0.91,0.91,,1.02,1.02,,1.02,1.02,
2022-01-16T00:00:00Z,1.6,1.6,,1.856,1.856,,1.856,1.856,,2.02,2.02,,2.02,2.02,
2022-01-17T00:00:00Z,1.9,1.9,,2.446,2.446,,2.446,2.446,,2.67,2.67,,2.67,2.67,
2022-01-18T00:00:00Z,1.8,1.8,,2.151,2.151,,2.179,2.179,,2.447,2.447,,2.451,2.451,
2022-01-19T00:00:00Z,2.5,2.5,,3.44,3.44,,3.442,3.442,,3.843,3.843,,3.843,3.843,
2022-01-20T00:00:00Z,1.2,1.2,,1.221,1.221,,1.221,1.221,,1.432,1.432,,1.432,1.432,
2022-01-21T00:00:00Z,0.8,0.8,,0.639,0.639,,0.639,0.639,,0.811,0.811,,0.811,0.811,
2022-01-22T00:00:00Z,0.7,0.7,,0.635,0.635,,0.635,0.635,,0.781,0.781,,0.781,0.781,
2022-01-23T00:00:00Z,1.2,1.2,,1.183,1.183,,1.183,1.183,,1.429,1.429,,1.429,1.429,
2022-01-24T00:00:00Z,1.5,1.5,,1.8,1.8,,1.807,1.807,,2.157,2.157,,2.159,2.159,
2022-01-25T00:00:00Z,0.8,0.8,,0.625,0.625,,0.625,0.625,,0.795,0.795,,0.795,0.795,
2022-01-26T00:00:00Z,0.4,0.4,,0.095,0.095,,0.095,0.095,,0.177,0.177,,0.177,0.177,
2022-01-27T00:00:00Z,1.1,1.1,,0.978,0.978,,0.978,0.978,,1.21,1.21,,1.21,1.21,
2022-01-28T00:00:00Z,1.2,1.2,,1.228,1.228,,1.228,1.228,,1.501,1.501,,1.501,1.501,
2022-01-29T00:00:00Z,1.2,1.2,,1.191,1.191,,1.191,1.191,,1.39,1.39,,1.39,1.39,
2022-01-30T00:00:00Z,2.4,2.4,,3.332,3.332,,3.332,3.332,,3.684,3.684,,3.684,3.684,
2022-01-31T00:00:00Z,2.5,2.5,,3.584,3.584,,3.584,3.584,,3.997,3.997,,3.997,3.997,
2022-02-01T00:00:00Z,5.1,5.1,,6.575,6.575,,8.904,8.904,,7.36,7.36,,9.298,9.298,
2022-02-02T00:00:00Z,21.2,21.2,,26.621,26.621,,38.242,38.242,,30.791,30.791,,43.888,43.888,
2022-02-03T00:00:00Z,5.3,5.3,,9.72,9.72,,9.722,9.722,,13.002,13.002,,13.002,13.002,
2022-02-04T00:00:00Z,0.6,0.6,,0.352,0.352,,0.352,0.352,,0.525,0.525,,0.525,0.525,
2022-02-05T00:00:00Z,0.8,0.8,,0.662,0.662,,0.662,0.662,,0.792,0.792,,0.792,0.792,
2022-02-06T00:00:00Z,10.2,10.2,,12.622,12.622,,18.031,18.031,,14.367,14.367,,20.261,20.261,
2022-02-07T00:00:00Z,0.8,0.8,,0.547,0.547,,0.547,0.547,,0.74,0.74,,0.739,0.739,
2022-02-08T00:00:00Z,1.6,1.6,,1.85,1.85,,1.85,1.85,,2.211,2.211,,2.211,2.211,
2022-02-09T00:00:00Z,1.9,1.9,,2.42,2.42,,2.421,2.421,,2.774,2.774,,2.774,2.774,
2022-02-10T00:00:00Z,1.5,1.5,,1.7,1.7,,1.7,1.7,,2.028,2.028,,2.028,2.028,
2022-02-11T00:00:00Z,1,1,,0.895,0.895,,0.895,0.895,,1.144,1.144,,1.144,1.144,
2022-02-12T00:00:00Z,1,1,,0.901,0.901,,0.901,0.901,,1.139,1.139,,1.139,1.139,
2022-02-13T00:00:00Z,1.3,1.3,,1.321,1.321,,1.321,1.321,,1.672,1.672,,1.672,1.672,
2022-02-14T00:00:00Z,1.1,1.1,,1.026,1.026,,1.026,1.026,,1.259,1.259,,1.259,1.259,
2022-02-15T00:00:00Z,1.1,1.1,,1.385,1.385,,1.385,1.385,,1.651,1.651,,1.651,1.651,
2022-02-16T00:00:00Z,0.6,0.6,,0.417,0.417,,0.417,0.417,,0.614,0.614,,0.614,0.614,
2022-02-17T00:00:00Z,0.4,0.4,,0.127,0.127,,0.127,0.127,,0.237,0.237,,0.237,0.237,
2022-02-18T00:00:00Z,0.7,0.7,,0.394,0.394,,0.394,0.394,,0.541,0.541,,0.541,0.541,
2022-02-19T00:00:00Z,0.9,0.9,,0.785,0.785,,0.785,0.785,,0.987,0.987,,0.987,0.987,
2022-02-20T00:00:00Z,1,1,,1.232,1.232,,1.24,1.24,,1.861,1.861,,1.873,1.873,
2022-02-21T00:00:00Z,0.4,0.4,,0.156,0.156,,0.156,0.156,,0.307,0.307,,0.307,0.307,
2022-02-22T00:00:00Z,0.6,0.6,,0.382,0.382,,0.382,0.382,,0.763,0.763,,0.763,0.763,
2022-02-23T00:00:00Z,0.7,0.7,,0.363,0.363,,0.363,0.363,,0.54,0.54,,0.54,0.54,
2022-02-24T00:00:00Z,0.7,0.7,,0.413,0.413,,0.413,0.413,,0.58,0.58,,0.58,0.58,
2022-02-25T00:00:00Z,0.6,0.6,,0.281,0.281,,0.3,0.3,,0.459,0.459,,0.473,0.473,
2022-02-26T00:00:00Z,4.3,4.3,,5.162,5.162,,7.231,7.231,,5.804,5.804,,7.7,7.7,
2022-02-27T00:00:00Z,2.7,2.7,,3.232,3.232,,4.198,4.198,,3.939,3.939,,4.938,4.938,
2022-02-28T00:00:00Z,6.4,6.4,,7.649,7.649,,10.773,10.773,,8.432,8.432,,11.621,11.621,
2022-03-01T00:00:00Z,3.3,3.3,,4.012,4.012,,5.176,5.176,,4.72,4.72,,5.879,5.879,
2022-03-02T00:00:00Z,3.1,3.1,,4.492,4.492,,4.853,4.853,,5.069,5.069,,5.259,5.259,
2022-03-03T00:00:00Z,0.9,0.9,,0.982,0.982,,0.982,0.982,,1.185,1.185,,1.185,1.185,
2022-03-04T00:00:00Z,0.4,0.4,,0.149,0.149,,0.149,0.149,,0.281,0.281,,0.281,0.281,
2022-03-05T00:00:00Z,0.4,0.4,,0.096,0.096,,0.096,0.096,,0.27,0.27,,0.27,0.27,
2022-03-06T00:00:00Z,0.3,0.3,,0.047,0.047,,0.047,0.047,,0.134,0.134,,0.134,0.134,
2022-03-07T00:00:00Z,1.7,1.7,,2.093,2.093,,2.346,2.346,,2.479,2.479,,2.555,2.555,
2022-03-08T00:00:00Z,0.5,0.5,,0.135,0.135,,0.135,0.135,,0.256,0.256,,0.256,0.256,
2022-03-09T00:00:00Z,0.4,0.4,,0.116,0.116,,0.116,0.116,,0.209,0.209,,0.209,0.209,
2022-03-10T00:00:00Z,0.3,0.3,,0.142,0.142,,0.142,0.142,,0.27,0.27,,0.27,0.27,
2022-03-11T00:00:00Z,1,1,,1.021,1.021,,1.024,1.024,,1.208,1.208,,1.208,1.208,
2022-03-12T00:00:00Z,0.8,0.8,,0.89,0.89,,0.891,0.891,,1.096,1.096,,1.096,1.096,
2022-03-13T00:00:00Z,0.3,0.3,,0.143,0.143,,0.143,0.143,,0.328,0.328,,0.328,0.328,
2022-03-14T00:00:00Z,0.6,0.6,,0.422,0.422,,0.422,0.422,,0.553,0.553,,0.553,0.553,
2022-03-15T00:00:00Z,0.5,0.5,,0.272,0.272,,0.272,0.272,,0.458,0.458,,0.458,0.458,
2022-03-16T00:00:00Z,0.7,0.7,,0.594,0.594,,0.594,0.594,,0.774,0.774,,0.774,0.774,
2022-03-17T00:00:00Z,0.9,0.9,,0.938,0.938,,1,1,,1.217,1.217,,1.244,1.244,
2022-03-18T00:00:00Z,0.5,0.5,,0.208,0.208,,0.208,0.208,,0.385,0.385,,0.385,0.385,
2022-03-19T00:00:00Z,0.6,0.6,,0.309,0.309,,0.309,0.309,,0.503,0.503,,0.503,0.503,
2022-03-20T00:00:00Z,1.8,1.8,,2.686,2.686,,2.825,2.825,,3.336,3.336,,3.401,3.401,
2022-03-21T00:00:00Z,0.5,0.5,,0.392,0.392,,0.392,0.392,,0.57,0.57,,0.57,0.57,
2022-03-22T00:00:00Z,0.8,0.8,,0.697,0.697,,0.697,0.697,,0.913,0.913,,0.913,0.913,
2022-03-23T00:00:00Z,0.6,0.6,,0.446,0.446,,0.446,0.446,,0.601,0.601,,0.601,0.601,
2022-03-24T00:00:00Z,1.1,1.1,,1.117,1.117,,1.277,1.277,,1.435,1.435,,1.534,1.534,
2022-03-25T00:00:00Z,1.3,1.3,,1.409,1.409,,1.443,1.443,,1.763,1.763,,1.794,1.794,
2022-03-26T00:00:00Z,1.8,1.8,,2.155,2.155,,2.358,2.358,,2.741,2.741,,2.869,2.869,
2022-03-27T00:00:00Z,0.6,0.6,,0.374,0.374,,0.374,0.374,,0.504,0.504,,0.504,0.504,
2022-03-28T00:00:00Z,0.6,0.6,,0.335,0.335,,0.335,0.335,,0.669,0.669,,0.669,0.669,
2022-03-29T00:00:00Z,0.6,0.6,,0.645,0.645,,0.654,0.654,,1.1,1.1,,1.112,1.112,
2022-03-30T00:00:00Z,0.4,0.4,,0.199,0.199,,0.199,0.199,,0.325,0.325,,0.325,0.325,
2022-03-31T00:00:00Z,0.5,0.5,,0.174,0.174,,0.174,0.174,,0.325,0.325,,0.325,0.325,
2022-04-01T00:00:00Z,2.5,2.5,,3.348,3.348,,4.07,4.07,,4.249,4.249,,4.839,4.839,
2022-04-02T00:00:00Z,1.7,1.7,,2.202,2.202,,2.21,2.21,,2.534,2.534,,2.536,2.536,
2022-04-03T00:00:00Z,2.4,2.4,,3.133,3.133,,3.752,3.752,,3.808,3.808,,4.283,4.283,
2022-04-04T00:00:00Z,0.7,0.7,,0.458,0.458,,0.458,0.458,,0.746,0.746,,0.746,0.746,
2022-04-05T00:00:00Z,0.3,0.3,,0.074,0.074,,0.074,0.074,,0.212,0.212,,0.212,0.212,
2022-04-06T00:00:00Z,3.3,3.3,,4.002,4.002,,5.571,5.571,,4.92,4.92,,6.717,6.717,
2022-04-07T00:00:00Z,1.9,1.9,,2.351,2.351,,2.547,2.547,,2.805,2.805,,2.957,2.957,
2022-04-08T00:00:00Z,0.8,0.8,,0.668,0.668,,0.668,0.668,,0.977,0.977,,0.977,0.977,
2022-04-09T00:00:00Z,0.6,0.6,,0.417,0.417,,0.417,0.417,,0.675,0.675,,0.675,0.675,
2022-04-10T00:00:00Z,0.5,0.5,,0.407,0.407,,0.414,0.414,,0.609,0.609,,0.609,0.609,
2022-04-11T00:00:00Z,3.3,3.3,,3.907,3.907,,5.349,5.349,,4.768,4.768,,6.321,6.321,
2022-04-12T00:00:00Z,0.3,0.3,,0.089,0.089,,0.089,0.089,,0.25,0.25,,0.25,0.25,
2022-04-13T00:00:00Z,0.5,0.5,,0.479,0.479,,0.479,0.479,,0.77,0.77,,0.77,0.77,
2022-04-14T00:00:00Z,0.4,0.4,,0.076,0.076,,0.076,0.076,,0.205,0.205,,0.205,0.205,
2022-04-15T00:00:00Z,2,2,,3.107,3.107,,3.265,3.265,,3.752,3.752,,3.823,3.823,
2022-04-16T00:00:00Z,0.7,0.7,,0.455,0.455,,0.455,0.455,,0.719,0.719,,0.719,0.719,
2022-04-17T00:00:00Z,1,1,,1.226,1.226,,1.242,1.242,,1.61,1.61,,1.611,1.611,
2022-04-18T00:00:00Z,1.9,1.9,,2.494,2.494,,2.756,2.756,,3.049,3.049,,3.162,3.162,
2022-04-19T00:00:00Z,3.7,3.7,,5.16,5.16,,5.95,5.95,,6.653,6.653,,7.227,7.227,
2022-04-20T00:00:00Z,0.4,0.4,,0.232,0.232,,0.232,0.232,,0.487,0.487,,0.487,0.487,
2022-04-21T00:00:00Z,0.4,0.4,,0.133,0.133,,0.133,0.133,,0.289,0.289,,0.289,0.289,
2022-04-22T00:00:00Z,0.3,0.3,,0.042,0.042,,0.042,0.042,,0.177,0.177,,0.177,0.177,
2022-04-23T00:00:00Z,0.2,0.2,,0.002,0.002,,0.002,0.002,,0.021,0.021,,0.021,0.021,
2022-04-24T00:00:00Z,0.2,0.2,,0.011,0.011,,0.011,0.011,,0.04,0.04,,0.04,0.04,
2022-04-25T00:00:00Z,0.2,0.2,,0.005,0.005,,0.005,0.005,,0.026,0.026,,0.026,0.026,
2022-04-26T00:00:00Z,0.5,0.5,,0.189,0.189,,0.189,0.189,,0.274,0.274,,0.274,0.274,
2022-04-27T00:00:00Z,2,2,,2.097,2.097,,2.671,2.671,,2.528,2.528,,3.102,3.102,
2022-04-28T00:00:00Z,3.4,3.4,,4.423,4.423,,5.377,5.377,,5.275,5.275,,5.957,5.957,
2022-04-29T00:00:00Z,1.5,1.5,,1.799,1.799,,1.8,1.8,,2.535,2.535,,2.535,2.535,
2022-04-30T00:00:00Z,1,1,,0.875,0.875,,0.875,0.875,,1.207,1.207,,1.207,1.207,
2022-05-01T00:00:00Z,1.1,1.1,,1.152,1.152,,1.152,1.152,,1.629,1.629,,1.629,1.629,
2022-05-02T00:00:00Z,0.5,0.5,,0.255,0.255,,0.255,0.255,,0.466,0.466,,0.466,0.466,
2022-05-03T00:00:00Z,0.4,0.4,,0.2,0.2,,0.2,0.2,,0.438,0.438,,0.438,0.438,
2022-05-04T00:00:00Z,1.1,1.1,,1.384,1.384,,1.583,1.583,,1.645,1.645,,1.825,1.825,
2022-05-05T00:00:00Z,0.8,0.8,,0.558,0.558,,0.558,0.558,,0.792,0.792,,0.792,0.792,
2022-05-06T00:00:00Z,2.3,2.3,,3.013,3.013,,3.473,3.473,,3.715,3.715,,3.962,3.962,
2022-05-07T00:00:00Z,1,1,,1.239,1.239,,1.239,1.239,,2.003,2.003,,2.003,2.003,
2022-05-08T00:00:00Z,11.6,11.6,,14.314,14.314,,20.451,20.451,,15.863,15.863,,22.107,22.107,
2022-05-09T00:00:00Z,1,1,,1.246,1.246,,1.251,1.251,,1.845,1.845,,1.846,1.846,
2022-05-10T00:00:00Z,0.5,0.5,,0.374,0.374,,0.374,0.374,,0.633,0.633,,0.633,0.633,
2022-05-11T00:00:00Z,0.8,0.8,,0.728,0.728,,0.728,0.728,,1.03,1.03,,1.03,1.03,
2022-05-12T00:00:00Z,0.2,0.2,,0.03,0.03,,0.03,0.03,,0.138,0.138,,0.138,0.138,
2022-05-13T00:00:00Z,0.7,0.7,,0.406,0.406,,0.406,0.406,,0.626,0.626,,0.626,0.626,
2022-05-14T00:00:00Z,3.9,3.9,,5.752,5.752,,6.46,6.46,,6.97,6.97,,7.551,7.551,
2022-05-15T00:00:00Z,2.2,2.2,,2.887,2.887,,3.06,3.06,,3.431,3.431,,3.527,3.527,
2022-05-16T00:00:00Z,0.8,0.8,,0.598,0.598,,0.598,0.598,,0.828,0.828,,0.828,0.828,
2022-05-17T00:00:00Z,0.7,0.7,,0.533,0.533,,0.533,0.533,,0.852,0.852,,0.852,0.852,
2022-05-18T00:00:00Z,1.4,1.4,,1.72,1.72,,1.72,1.72,,2.078,2.078,,2.078,2.078,
2022-05-19T00:00:00Z,0.9,0.9,,0.638,0.638,,0.638,0.638,,0.868,0.868,,0.868,0.868,
2022-05-20T00:00:00Z,0.9,0.9,,0.798,0.798,,0.798,0.798,,1.219,1.219,,1.219,1.219,
2022-05-21T00:00:00Z,0.5,0.5,,0.192,0.192,,0.192,0.192,,0.363,0.363,,0.363,0.363,
2022-05-22T00:00:00Z,1.7,1.7,,2.195,2.195,,2.195,2.195,,2.832,2.832,,2.832,2.832,
2022-05-23T00:00:00Z,4.7,4.7,,5.777,5.777,,8.083,8.083,,7.148,7.148,,9.577,9.577,
2022-05-24T00:00:00Z,2.2,2.2,,3.035,3.035,,3.223,3.223,,3.704,3.704,,3.801,3.801,
2022-05-25T00:00:00Z,1.9,1.9,,2.35,2.35,,2.35,2.35,,2.84,2.84,,2.84,2.84,
2022-05-26T00:00:00Z,1.3,1.3,,1.359,1.359,,1.359,1.359,,1.778,1.778,,1.778,1.778,
2022-05-27T00:00:00Z,0.6,0.6,,0.267,0.267,,0.267,0.267,,0.4,0.4,,0.4,0.4,
2022-05-28T00:00:00Z,1.7,1.7,,2.114,2.114,,2.114,2.114,,2.41,2.41,,2.41,2.41,
2022-05-29T00:00:00Z,5.5,5.5,,6.719,6.719,,9.294,9.294,,7.571,7.571,,10.131,10.131,
2022-05-30T00:00:00Z,6.9,6.9,,9.621,9.621,,12.626,12.626,,10.88,10.88,,13.404,13.404,
2022-05-31T00:00:00Z,0.8,0.8,,0.62,0.62,,0.62,0.62,,0.775,0.775,,0.775,0.775,
2022-06-01T00:00:00Z,1.2,1.2,,1.327,1.327,,1.33,1.33,,1.714,1.714,,1.714,1.714,
2022-06-02T00:00:00Z,1.2,1.2,,1.23,1.23,,1.23,1.23,,1.532,1.532,,1.532,1.532,
2022-06-03T00:00:00Z,1.5,1.5,,1.804,1.804,,1.805,1.805,,2.146,2.146,,2.146,2.146,
2022-06-04T00:00:00Z,0.8,0.8,,0.543,0.543,,0.543,0.543,,0.776,0.776,,0.776,0.776,
2022-06-05T00:00:00Z,1.7,1.7,,1.671,1.671,,2.417,2.417,,2.005,2.005,,2.838,2.838,
2022-06-06T00:00:00Z,2.4,2.4,,3.044,3.044,,3.58,3.58,,3.687,3.687,,4.102,4.102,
2022-06-07T00:00:00Z,1.7,1.7,,2.189,2.189,,2.271,2.271,,2.649,2.649,,2.669,2.669,
2022-06-08T00:00:00Z,1,1,,0.768,0.768,,0.768,0.768,,1.012,1.012,,1.012,1.012,
2022-06-09T00:00:00Z,0.8,0.8,,0.673,0.673,,0.673,0.673,,0.893,0.893,,0.893,0.893,
2022-06-10T00:00:00Z,2,2,,2.725,2.725,,2.936,2.936,,3.284,3.284,,3.37,3.37,
2022-06-11T00:00:00Z,0.7,0.7,,0.338,0.338,,0.338,0.338,,0.486,0.486,,0.486,0.486,
2022-06-12T00:00:00Z,0.8,0.8,,0.546,0.546,,0.546,0.546,,0.72,0.72,,0.72,0.72,
2022-06-13T00:00:00Z,0.7,0.7,,0.541,0.541,,0.541,0.541,,0.816,0.816,,0.816,0.816,
2022-06-14T00:00:00Z,0.8,0.8,,0.704,0.704,,0.704,0.704,,1.032,1.032,,1.032,1.032,
2022-06-15T00:00:00Z,5.7,5.7,,9.068,9.068,,9.537,9.537,,10.249,10.249,,10.429,10.429,
2022-06-16T00:00:00Z,1.6,1.6,,1.851,1.851,,1.857,1.857,,2.171,2.171,,2.176,2.176,
2022-06-17T00:00:00Z,1,1,,0.966,0.966,,0.966,0.966,,1.293,1.293,,1.293,1.293,
2022-06-18T00:00:00Z,1.7,1.7,,2.249,2.249,,2.274,2.274,,2.709,2.709,,2.71,2.71,
2022-06-19T00:00:00Z,1.9,1.9,,2.508,2.508,,2.629,2.629,,3.047,3.047,,3.061,3.061,
2022-06-20T00:00:00Z,0.5,0.5,,0.181,0.181,,0.181,0.181,,0.403,0.403,,0.403,0.403,
2022-06-21T00:00:00Z,0.6,0.6,,0.248,0.248,,0.248,0.248,,0.449,0.449,,0.449,0.449,
2022-06-22T00:00:00Z,0.6,0.6,,0.269,0.269,,0.269,0.269,,0.389,0.389,,0.389,0.389,
2022-06-23T00:00:00Z,0.8,0.8,,0.567,0.567,,0.567,0.567,,0.744,0.744,,0.744,0.744,
2022-06-24T00:00:00Z,1,1,,0.846,0.846,,0.846,0.846,,1.156,1.156,,1.156,1.156,
2022-06-25T00:00:00Z,0.7,0.7,,0.365,0.365,,0.365,0.365,,0.471,0.471,,0.471,0.471,
2022-06-26T00:00:00Z,1.3,1.3,,1.401,1.401,,1.401,1.401,,1.59,1.59,,1.59,1.59,
2022-06-27T00:00:00Z,1.3,1.3,,1.306,1.306,,1.306,1.306,,1.552,1.552,,1.552,1.552,
2022-06-28T00:00:00Z,1,1,,0.828,0.828,,0.828,0.828,,0.993,0.993,,0.993,0.993,
2022-06-29T00:00:00Z,0.5,0.5,,0.095,0.095,,0.095,0.095,,0.165,0.165,,0.165,0.165,
2022-06-30T00:00:00Z,0.7,0.7,,0.358,0.358,,0.358,0.358,,0.49,0.49,,0.49,0.49,
2022-07-01T00:00:00Z,0.8,0.8,,0.466,0.466,,0.466,0.466,,0.643,0.643,,0.643,0.643,
2022-07-02T00:00:00Z,0.6,0.6,,0.28,0.28,,0.28,0.28,,0.415,0.415,,0.415,0.415,
2022-07-03T00:00:00Z,1,1,,1.183,1.183,,1.22,1.22,,1.396,1.396,,1.4,1.4,
2022-07-04T00:00:00Z,5,5,,6.109,6.109,,8.416,8.416,,6.827,6.827,,9.01,9.01,
2022-07-05T00:00:00Z,1.6,1.6,,2.106,2.106,,2.14,2.14,,2.42,2.42,,2.424,2.424,
2022-07-06T00:00:00Z,0.5,0.5,,0.205,0.205,,0.205,0.205,,0.35,0.35,,0.35,0.35,
2022-07-07T00:00:00Z,1.4,1.4,,1.843,1.843,,1.911,1.911,,2.125,2.125,,2.131,2.131,
2022-07-08T00:00:00Z,0.2,0.2,,0.014,0.014,,0.014,0.014,,0.057,0.057,,0.057,0.057,
2022-07-09T00:00:00Z,0.8,0.8,,0.557,0.557,,0.557,0.557,,0.694,0.694,,0.694,0.694,
2022-07-10T00:00:00Z,0.8,0.8,,0.87,0.87,,0.87,0.87,,1.008,1.008,,1.008,1.008,
2022-07-11T00:00:00Z,0.7,0.7,,0.396,0.396,,0.396,0.396,,0.52,0.52,,0.52,0.52,
2022-07-12T00:00:00Z,0.5,0.5,,0.241,0.241,,0.241,0.241,,0.35,0.35,,0.35,0.35,
2022-07-13T00:00:00Z,1.8,1.8,,1.904,1.904,,2.574,2.574,,2.266,2.266,,2.806,2.806,
2022-07-14T00:00:00Z,1.3,1.3,,1.482,1.482,,1.506,1.506,,1.647,1.647,,1.647,1.647,
2022-07-15T00:00:00Z,0.6,0.6,,0.516,0.516,,0.516,0.516,,0.605,0.605,,0.605,0.605,
2022-07-16T00:00:00Z,1,1,,0.956,0.956,,0.957,0.957,,1.233,1.233,,1.233,1.233,
2022-07-17T00:00:00Z,0.5,0.5,,0.166,0.166,,0.166,0.166,,0.264,0.264,,0.264,0.264,
2022-07-18T00:00:00Z,0.7,0.7,,0.606,0.606,,0.606,0.606,,0.73,0.73,,0.73,0.73,
2022-07-19T00:00:00Z,0.5,0.5,,0.256,0.256,,0.256,0.256,,0.408,0.408,,0.408,0.408,
2022-07-20T00:00:00Z,1.4,1.4,,1.804,1.804,,1.824,1.824,,2.203,2.203,,2.206,2.206,
2022-07-21T00:00:00Z,1.7,1.7,,2.309,2.309,,2.325,2.325,,2.874,2.874,,2.878,2.878,
2022-07-22T00:00:00Z,0.8,0.8,,0.564,0.564,,0.63,0.63,,0.727,0.727,,0.791,0.791,
2022-07-23T00:00:00Z,0.8,0.8,,0.549,0.549,,0.549,0.549,,0.682,0.682,,0.682,0.682,
2022-07-24T00:00:00Z,2.4,2.4,,3.395,3.395,,3.709,3.709,,4.43,4.43,,4.754,4.754,
2022-07-25T00:00:00Z,1,1,,0.781,0.781,,0.781,0.781,,1.001,1.001,,1.001,1.001,
2022-07-26T00:00:00Z,1.4,1.4,,1.502,1.502,,1.502,1.502,,1.69,1.69,,1.69,1.69,
2022-07-27T00:00:00Z,1.9,1.9,,2.522,2.522,,2.592,2.592,,2.972,2.972,,2.989,2.989,
2022-07-28T00:00:00Z,5.2,5.2,,6.515,6.515,,8.699,8.699,,7.597,7.597,,9.382,9.382,
2022-07-29T00:00:00Z,0.6,0.6,,0.298,0.298,,0.298,0.298,,0.402,0.402,,0.402,0.402,
2022-07-30T00:00:00Z,0.5,0.5,,0.171,0.171,,0.171,0.171,,0.256,0.256,,0.256,0.256,
2022-07-31T00:00:00Z,0.7,0.7,,0.426,0.426,,0.426,0.426,,0.529,0.529,,0.529,0.529,
2022-08-01T00:00:00Z,0.9,0.9,,0.797,0.797,,0.799,0.799,,0.956,0.956,,0.956,0.956,
2022-08-02T00:00:00Z,0.3,0.3,,0.07,0.07,,0.07,0.07,,0.128,0.128,,0.128,0.128,
2022-08-03T00:00:00Z,1.7,1.7,,1.869,1.869,,2.243,2.243,,2.291,2.291,,2.662,2.662,
2022-08-04T00:00:00Z,1.4,1.4,,1.684,1.684,,1.732,1.732,,1.99,1.99,,2.008,2.008,
2022-08-05T00:00:00Z,0.9,0.9,,0.635,0.635,,0.635,0.635,,0.791,0.791,,0.791,0.791,
2022-08-06T00:00:00Z,4.5,4.5,,6.123,6.123,,7.472,7.472,,7.148,7.148,,8.346,8.346,
2022-08-07T00:00:00Z,1.7,1.7,,2.117,2.117,,2.117,2.117,,2.374,2.374,,2.374,2.374,
2022-08-08T00:00:00Z,1.1,1.1,,1.006,1.006,,1.021,1.021,,1.162,1.162,,1.174,1.174,
2022-08-09T00:00:00Z,1.7,1.7,,2.196,2.196,,2.321,2.321,,2.654,2.654,,2.739,2.739,
2022-08-10T00:00:00Z,0.5,0.5,,0.254,0.254,,0.254,0.254,,0.355,0.355,,0.355,0.355,
2022-08-11T00:00:00Z,0.3,0.3,,0.052,0.052,,0.052,0.052,,0.135,0.135,,0.135,0.135,
2022-08-12T00:00:00Z,0.4,0.4,,0.179,0.179,,0.179,0.179,,0.257,0.257,,0.257,0.257,
2022-08-13T00:00:00Z,0.3,0.3,,0.022,0.022,,0.022,0.022,,0.062,0.062,,0.062,0.062,
2022-08-14T00:00:00Z,4.1,4.1,,5.401,5.401,,6.986,6.986,,6.132,6.132,,7.616,7.616,
2022-08-15T00:00:00Z,0.6,0.6,,0.53,0.53,,0.53,0.53,,0.645,0.645,,0.645,0.645,
2022-08-16T00:00:00Z,0.4,0.4,,0.15,0.15,,0.15,0.15,,0.252,0.252,,0.252,0.252,
2022-08-17T00:00:00Z,4,4,,5.321,5.321,,6.525,6.525,,6.019,6.019,,6.984,6.984,
2022-08-18T00:00:00Z,0.7,0.7,,0.358,0.358,,0.358,0.358,,0.463,0.463,,0.463,0.463,
2022-08-19T00:00:00Z,0.4,0.4,,0.145,0.145,,0.145,0.145,,0.21,0.21,,0.21,0.21,
2022-08-20T00:00:00Z,0.8,0.8,,0.56,0.56,,0.56,0.56,,0.74,0.74,,0.74,0.74,
2022-08-21T00:00:00Z,1.5,1.5,,1.739,1.739,,1.739,1.739,,2.033,2.033,,2.033,2.033,
2022-08-22T00:00:00Z,0.5,0.5,,0.256,0.256,,0.256,0.256,,0.348,0.348,,0.348,0.348,
2022-08-23T00:00:00Z,0.6,0.6,,0.291,0.291,,0.291,0.291,,0.387,0.387,,0.387,0.387,
2022-08-24T00:00:00Z,0.6,0.6,,0.292,0.292,,0.292,0.292,,0.411,0.411,,0.411,0.411,
2022-08-25T00:00:00Z,0.5,0.5,,0.322,0.322,,0.322,0.322,,0.452,0.452,,0.452,0.452,
2022-08-26T00:00:00Z,1.8,1.8,,2.327,2.327,,2.727,2.727,,2.863,2.863,,3.222,3.222,
2022-08-27T00:00:00Z,0.5,0.5,,0.247,0.247,,0.247,0.247,,0.388,0.388,,0.388,0.388,
2022-08-28T00:00:00Z,7.1,7.1,,9.303,9.303,,11.998,11.998,,10.319,10.319,,12.904,12.904,
2022-08-29T00:00:00Z,2.2,2.2,,2.914,2.914,,2.914,2.914,,3.289,3.289,,3.289,3.289,
2022-08-30T00:00:00Z,1.3,1.3,,1.222,1.222,,1.222,1.222,,1.455,1.455,,1.455,1.455,
2022-08-31T00:00:00Z,0.8,0.8,,0.545,0.545,,0.545,0.545,,0.694,0.694,,0.694,0.694,
2022-09-01T00:00:00Z,0.7,0.7,,0.414,0.414,,0.414,0.414,,0.567,0.567,,0.567,0.567,
2022-09-02T00:00:00Z,1.1,1.1,,1.022,1.022,,1.022,1.022,,1.215,1.215,,1.215,1.215,
2022-09-03T00:00:00Z,1,1,,0.791,0.791,,0.791,0.791,,0.896,0.896,,0.896,0.896,
2022-09-04T00:00:00Z,1.1,1.1,,0.516,0.516,,0.516,0.516,,0.605,0.605,,0.605,0.605,
2022-09-05T00:00:00Z,1.1,1.1,,0.533,0.533,,0.533,0.533,,0.658,0.658,,0.658,0.658,
2022-09-06T00:00:00Z,1.1,1.1,,0.922,0.922,,0.922,0.922,,1.121,1.121,,1.121,1.121,
2022-09-07T00:00:00Z,1.3,1.3,,1.119,1.119,,1.372,1.372,,1.43,1.43,,1.723,1.723,
2022-09-08T00:00:00Z,3.2,3.2,,4.459,4.459,,4.877,4.877,,5.279,5.279,,5.62,5.62,
2022-09-09T00:00:00Z,2.4,2.4,,3.302,3.302,,3.301,3.301,,3.619,3.619,,3.619,3.619,
2022-09-10T00:00:00Z,4.3,4.3,,6.842,6.842,,6.842,6.842,,7.47,7.47,,7.47,7.47,
2022-09-11T00:00:00Z,9.7,9.7,,13.568,13.568,,16.614,16.614,,15.14,15.14,,18.328,18.328,
2022-09-12T00:00:00Z,3.7,3.7,,5.631,5.631,,5.668,5.668,,6.17,6.17,,6.179,6.179,
2022-09-13T00:00:00Z,4.1,4.1,,5.091,5.091,,6.827,6.827,,6.156,6.156,,8.278,8.278,
2022-09-14T00:00:00Z,1.4,1.4,,1.599,1.599,,1.599,1.599,,1.871,1.871,,1.871,1.871,
2022-09-15T00:00:00Z,3.3,3.3,,4.478,4.478,,5.069,5.069,,5.123,5.123,,5.483,5.483,
2022-09-16T00:00:00Z,1.4,1.4,,1.703,1.703,,1.855,1.855,,2.185,2.185,,2.295,2.295,
2022-09-17T00:00:00Z,1,1,,0.879,0.879,,0.879,0.879,,1.053,1.053,,1.053,1.053,
2022-09-18T00:00:00Z,1.3,1.3,,1.383,1.383,,1.383,1.383,,1.665,1.665,,1.665,1.665,
2022-09-19T00:00:00Z,0.5,0.5,,0.237,0.237,,0.237,0.237,,0.438,0.438,,0.438,0.438,
2022-09-20T00:00:00Z,0.6,0.6,,0.223,0.223,,0.223,0.223,,0.381,0.381,,0.381,0.381,
2022-09-21T00:00:00Z,1.3,1.3,,1.426,1.426,,1.426,1.426,,1.764,1.764,,1.764,1.764,
2022-09-22T00:00:00Z,0.9,0.9,,0.704,0.704,,0.704,0.704,,0.93,0.93,,0.93,0.93,
2022-09-23T00:00:00Z,1.5,1.5,,1.848,1.848,,1.848,1.848,,2.105,2.105,,2.105,2.105,
2022-09-24T00:00:00Z,1,1,,1.09,1.09,,1.09,1.09,,1.308,1.308,,1.308,1.308,
2022-09-25T00:00:00Z,1.1,1.1,,1.221,1.221,,1.221,1.221,,1.611,1.611,,1.611,1.611,
2022-09-26T00:00:00Z,1.4,1.4,,1.685,1.685,,1.711,1.711,,1.965,1.965,,1.981,1.981,
2022-09-27T00:00:00Z,0.4,0.4,,0.099,0.099,,0.099,0.099,,0.239,0.239,,0.239,0.239,
2022-09-28T00:00:00Z,3,3,,4.043,4.043,,4.739,4.739,,4.717,4.717,,5.239,5.239,
2022-09-29T00:00:00Z,2,2,,2.692,2.692,,2.692,2.692,,3.084,3.084,,3.084,3.084,
2022-09-30T00:00:00Z,1.3,1.3,,1.38,1.38,,1.38,1.38,,1.776,1.776,,1.776,1.776,
2022-10-01T00:00:00Z,0.8,0.8,,0.625,0.625,,0.625,0.625,,0.92,0.92,,0.92,0.92,
2022-10-02T00:00:00Z,0.9,0.9,,0.62,0.62,,0.62,0.62,,0.754,0.754,,0.754,0.754,
2022-10-03T00:00:00Z,1.8,1.8,,2.07,2.07,,2.399,2.399,,2.47,2.47,,2.786,2.786,
2022-10-04T00:00:00Z,2.2,2.2,,3.009,3.009,,3.009,3.009,,3.609,3.609,,3.609,3.609,
2022-10-05T00:00:00Z,3.3,3.3,,4.735,4.735,,5.002,5.002,,5.502,5.502,,5.647,5.647,
2022-10-06T00:00:00Z,6.5,6.5,,8.51,8.51,,11.398,11.398,,10.637,10.637,,14.248,14.248,
2022-10-07T00:00:00Z,0.8,0.8,,0.616,0.616,,0.616,0.616,,0.878,0.878,,0.878,0.878,
2022-10-08T00:00:00Z,2.7,2.7,,3.963,3.963,,3.989,3.989,,4.735,4.735,,4.748,4.748,
2022-10-09T00:00:00Z,9.5,9.5,,13.256,13.256,,17.178,17.178,,16.008,16.008,,20.073,20.073,
2022-10-10T00:00:00Z,2.6,2.6,,3.733,3.733,,3.733,3.733,,4.317,4.317,,4.317,4.317,
2022-10-11T00:00:00Z,3.5,3.5,,5.296,5.296,,5.48,5.48,,6.378,6.378,,6.501,6.501,
2022-10-12T00:00:00Z,3.9,3.9,,6.221,6.221,,6.262,6.262,,7.196,7.196,,7.202,7.202,
2022-10-13T00:00:00Z,7.9,7.9,,11.058,11.058,,13.759,13.759,,12.898,12.898,,15.55,15.55,
2022-10-14T00:00:00Z,3.7,3.7,,5.815,5.815,,5.815,5.815,,6.619,6.619,,6.619,6.619,
2022-10-15T00:00:00Z,2.9,2.9,,4.333,4.333,,4.333,4.333,,5.007,5.007,,5.007,5.007,
2022-10-16T00:00:00Z,6.2,6.2,,8.809,8.809,,10.367,10.367,,9.898,9.898,,11.327,11.327,
2022-10-17T00:00:00Z,1.8,1.8,,2.396,2.396,,2.396,2.396,,2.894,2.894,,2.894,2.894,
2022-10-18T00:00:00Z,3.2,3.2,,4.239,4.239,,5.528,5.528,,5.19,5.19,,6.548,6.548,
2022-10-19T00:00:00Z,1.3,1.3,,1.51,1.51,,1.51,1.51,,1.99,1.99,,1.99,1.99,
2022-10-20T00:00:00Z,1,1,,0.972,0.972,,0.972,0.972,,1.28,1.28,,1.28,1.28,
2022-10-21T00:00:00Z,0.7,0.7,,0.44,0.44,,0.44,0.44,,0.738,0.738,,0.738,0.738,
2022-10-22T00:00:00Z,0.3,0.3,,0.062,0.062,,0.062,0.062,,0.166,0.166,,0.166,0.166,
2022-10-23T00:00:00Z,3.6,3.6,,4.797,4.797,,6.114,6.114,,5.736,5.736,,6.727,6.727,
2022-10-24T00:00:00Z,1.8,1.8,,2.39,2.39,,2.796,2.796,,3.059,3.059,,3.415,3.415,
2022-10-25T00:00:00Z,0.4,0.4,,0.064,0.064,,0.064,0.064,,0.171,0.171,,0.171,0.171,
2022-10-26T00:00:00Z,6.6,6.6,,8.612,8.612,,11.552,11.552,,10.081,10.081,,12.948,12.948,
2022-10-27T00:00:00Z,0.8,0.8,,0.776,0.776,,0.776,0.776,,1.021,1.021,,1.021,1.021,
2022-10-28T00:00:00Z,2.3,2.3,,2.811,2.811,,3.391,3.391,,3.452,3.452,,3.887,3.887,
2022-10-29T00:00:00Z,1.6,1.6,,2.082,2.082,,2.082,2.082,,2.552,2.552,,2.552,2.552,
2022-10-30T00:00:00Z,1.9,1.9,,2.542,2.542,,2.542,2.542,,2.978,2.978,,2.978,2.978,
2022-10-31T00:00:00Z,2.8,2.8,,4.013,4.013,,4.298,4.298,,4.69,4.69,,4.805,4.805,
2022-11-01T00:00:00Z,1.2,1.2,,1.438,1.438,,1.438,1.438,,1.839,1.839,,1.839,1.839,
2022-11-02T00:00:00Z,1.6,1.6,,2.078,2.078,,2.078,2.078,,2.47,2.47,,2.47,2.47,
2022-11-03T00:00:00Z,2.3,2.3,,2.847,2.847,,3.466,3.466,,3.521,3.521,,3.953,3.953,
2022-11-04T00:00:00Z,1.6,1.6,,1.98,1.98,,2.015,2.015,,2.324,2.324,,2.325,2.325,
2022-11-05T00:00:00Z,5.7,5.7,,7.625,7.625,,10.118,10.118,,8.994,8.994,,11.492,11.492,
2022-11-06T00:00:00Z,0.3,0.3,,0.079,0.079,,0.079,0.079,,0.25,0.25,,0.25,0.25,
2022-11-07T00:00:00Z,2.1,2.1,,3.078,3.078,,3.311,3.311,,3.659,3.659,,3.766,3.766,
2022-11-08T00:00:00Z,0.6,0.6,,0.689,0.689,,0.689,0.689,,0.887,0.887,,0.887,0.887,
2022-11-09T00:00:00Z,3.6,3.6,,5.266,5.266,,6.166,6.166,,6.691,6.691,,7.361,7.361,
2022-11-10T00:00:00Z,0.8,0.8,,0.614,0.614,,0.614,0.614,,0.869,0.869,,0.869,0.869,
2022-11-11T00:00:00Z,2.1,2.1,,2.952,2.952,,3.174,3.174,,3.703,3.703,,3.878,3.878,
2022-11-12T00:00:00Z,1,1,,0.909,0.909,,0.928,0.928,,1.112,1.112,,1.123,1.123,
2022-11-13T00:00:00Z,1.7,1.7,,2.167,2.167,,2.208,2.208,,2.5,2.5,,2.512,2.512,
2022-11-14T00:00:00Z,0.9,0.9,,0.787,0.787,,0.793,0.793,,1.056,1.056,,1.06,1.06,
2022-11-15T00:00:00Z,1.2,1.2,,1.307,1.307,,1.307,1.307,,1.661,1.661,,1.661,1.661,
2022-11-16T00:00:00Z,2.3,2.3,,3.094,3.094,,3.25,3.25,,3.745,3.745,,3.788,3.788,
2022-11-17T00:00:00Z,0.8,0.8,,0.65,0.65,,0.65,0.65,,0.837,0.837,,0.837,0.837,
2022-11-18T00:00:00Z,1.4,1.4,,1.514,1.514,,1.514,1.514,,1.792,1.792,,1.792,1.792,
2022-11-19T00:00:00Z,4.1,4.1,,5.519,5.519,,6.708,6.708,,6.525,6.525,,7.364,7.364,
2022-11-20T00:00:00Z,1.6,1.6,,2.07,2.07,,2.071,2.071,,2.393,2.393,,2.393,2.393,
2022-11-21T00:00:00Z,6.5,6.5,,10.535,10.535,,11.17,11.17,,12.06,12.06,,12.176,12.176,
2022-11-22T00:00:00Z,4.7,4.7,,7.526,7.526,,7.613,7.613,,8.395,8.395,,8.398,8.398,
2022-11-23T00:00:00Z,18.3,18.3,,25.248,25.248,,32.747,32.747,,28.218,28.218,,36.112,36.112,
2022-11-24T00:00:00Z,1.6,1.6,,1.991,1.991,,1.999,1.999,,2.506,2.506,,2.51,2.51,
2022-11-25T00:00:00Z,12,12,,15.305,15.305,,21.092,21.092,,17.239,17.239,,23.522,23.522,
2022-11-26T00:00:00Z,2.8,2.8,,4.209,4.209,,4.209,4.209,,4.718,4.718,,4.718,4.718,
2022-11-27T00:00:00Z,1.7,1.7,,2.255,2.255,,2.26,2.26,,2.718,2.718,,2.721,2.721,
2022-11-28T00:00:00Z,0.4,0.4,,0.099,0.099,,0.099,0.099,,0.24,0.24,,0.24,0.24,
2022-11-29T00:00:00Z,3.5,3.5,,4.926,4.926,,5.684,5.684,,5.971,5.971,,6.474,6.474,
2022-11-30T00:00:00Z,0.8,0.8,,0.872,0.872,,0.872,0.872,,1.246,1.246,,1.246,1.246,
2022-12-01T00:00:00Z,39.6,39.6,,50.565,50.565,,71.478,71.478,,57.821,57.821,,78.787,78.787,
2022-12-02T00:00:00Z,1.1,1.1,,1.275,1.275,,1.275,1.275,,1.738,1.738,,1.738,1.738,
2022-12-03T00:00:00Z,1.5,1.5,,1.813,1.813,,1.813,1.813,,2.172,2.172,,2.172,2.172,
2022-12-04T00:00:00Z,1.4,1.4,,1.537,1.537,,1.537,1.537,,1.89,1.89,,1.89,1.89,
2022-12-05T00:00:00Z,1.2,1.2,,1.407,1.407,,1.407,1.407,,1.725,1.725,,1.725,1.725,
2022-12-06T00:00:00Z,1.3,1.3,,1.4,1.4,,1.4,1.4,,1.629,1.629,,1.629,1.629,
2022-12-07T00:00:00Z,1.8,1.8,,2.335,2.335,,2.335,2.335,,2.672,2.672,,2.672,2.672,
2022-12-08T00:00:00Z,2.3,2.3,,3.137,3.137,,3.137,3.137,,3.569,3.569,,3.569,3.569,
2022-12-09T00:00:00Z,0.4,0.4,,0.13,0.13,,0.13,0.13,,0.228,0.228,,0.228,0.228,
2022-12-10T00:00:00Z,2.8,2.8,,3.622,3.622,,4.566,4.566,,4.23,4.23,,5.087,5.087,
2022-12-11T00:00:00Z,0.2,0.2,,0.017,0.017,,0.017,0.017,,0.076,0.076,,0.076,0.076,
2022-12-12T00:00:00Z,0.8,0.8,,1.058,1.058,,1.078,1.078,,1.273,1.273,,1.283,1.283,
2022-12-13T00:00:00Z,3,3,,4.423,4.423,,5.131,5.131,,5.48,5.48,,5.963,5.963,
2022-12-14T00:00:00Z,5.4,5.4,,7.044,7.044,,9.545,9.545,,8.432,8.432,,11.228,11.228,
2022-12-15T00:00:00Z,4.4,4.4,,5.512,5.512,,7.439,7.439,,6.453,6.453,,8.461,8.461,
2022-12-16T00:00:00Z,1.9,1.9,,2.332,2.332,,2.766,2.766,,2.886,2.886,,3.168,3.168,
2022-12-17T00:00:00Z,1.6,1.6,,1.878,1.878,,2.02,2.02,,2.288,2.288,,2.361,2.361,
2022-12-18T00:00:00Z,5,5,,6.197,6.197,,8.282,8.282,,6.972,6.972,,9.056,9.056,
2022-12-19T00:00:00Z,1.4,1.4,,1.53,1.53,,1.53,1.53,,1.774,1.774,,1.774,1.774,
2022-12-20T00:00:00Z,1.9,1.9,,2.454,2.454,,2.544,2.544,,2.922,2.922,,2.953,2.953,
2022-12-21T00:00:00Z,1.5,1.5,,1.838,1.838,,1.838,1.838,,2.13,2.13,,2.13,2.13,
2022-12-22T00:00:00Z,0.3,0.3,,0.061,0.061,,0.061,0.061,,0.171,0.171,,0.171,0.171,
2022-12-23T00:00:00Z,0.7,0.7,,0.407,0.407,,0.407,0.407,,0.604,0.604,,0.604,0.604,
2022-12-24T00:00:00Z,1.3,1.3,,1.293,1.293,,1.292,1.292,,1.564,1.564,,1.564,1.564,
2022-12-25T00:00:00Z,8.8,8.8,,12.524,12.524,,15.351,15.351,,13.872,13.872,,16.564,16.564,
2022-12-26T00:00:00Z,1.4,1.4,,1.627,1.627,,1.627,1.627,,1.844,1.844,,1.844,1.844,
2022-12-27T00:00:00Z,1,1,,1.125,1.125,,1.125,1.125,,1.405,1.405,,1.405,1.405,
2022-12-28T00:00:00Z,3.1,3.1,,4.325,4.325,,5.495,5.495,,5.25,5.25,,6.144,6.144,
2022-12-29T00:00:00Z,0.5,0.5,,0.327,0.327,,0.327,0.327,,0.467,0.467,,0.467,0.467,
2022-12-30T00:00:00Z,4.9,4.9,,6.157,6.157,,8.533,8.533,,7.102,7.102,,9.418,9.418,
2022-12-31T00:00:00Z,9,9,,11.207,11.207,,16.293,16.293,,13.33,13.33,,18.748,18.748,
2023-01-01T00:00:00Z,4,4,,6.395,6.395,,6.656,6.656,,7.643,7.643,,7.763,7.763,
2023-01-02T00:00:00Z,6.6,6.6,,8.173,8.173,,11.52,11.52,,9.491,9.491,,13.137,13.137,
2023-01-03T00:00:00Z,2,2,,2.734,2.734,,2.778,2.778,,3.233,3.233,,3.236,3.236,
2023-01-04T00:00:00Z,0.7,0.7,,0.457,0.457,,0.457,0.457,,0.625,0.625,,0.625,0.625,
2023-01-05T00:00:00Z,0.8,0.8,,0.609,0.609,,0.609,0.609,,0.893,0.893,,0.893,0.893,
2023-01-06T00:00:00Z,0.5,0.5,,0.168,0.168,,0.168,0.168,,0.32,0.32,,0.32,0.32,
2023-01-07T00:00:00Z,3.4,3.4,,5.049,5.049,,5.49,5.49,,5.766,5.766,,5.968,5.968,
2023-01-08T00:00:00Z,1.1,1.1,,1.168,1.168,,1.168,1.168,,1.545,1.545,,1.545,1.545,
2023-01-09T00:00:00Z,0.5,0.5,,0.18,0.18,,0.18,0.18,,0.368,0.368,,0.368,0.368,
2023-01-10T00:00:00Z,0.6,0.6,,0.699,0.699,,0.701,0.701,,0.91,0.91,,0.91,0.91,
2023-01-11T00:00:00Z,0.3,0.3,,0.093,0.093,,0.093,0.093,,0.243,0.243,,0.243,0.243,
2023-01-12T00:00:00Z,0.5,0.5,,0.274,0.274,,0.274,0.274,,0.417,0.417,,0.417,0.417,
2023-01-13T00:00:00Z,1.1,1.1,,1.161,1.161,,1.161,1.161,,1.505,1.505,,1.505,1.505,
2023-01-14T00:00:00Z,0.6,0.6,,0.526,0.526,,0.526,0.526,,0.726,0.726,,0.726,0.726,
2023-01-15T00:00:00Z,1.4,1.4,,1.847,1.847,,1.888,1.888,,2.267,2.267,,2.273,2.273,
2023-01-16T00:00:00Z,10.1,10.1,,13.561,13.561,,18.103,18.103,,15.828,15.828,,20.661,20.661,
2023-01-17T00:00:00Z,0.9,0.9,,0.665,0.665,,0.665,0.665,,0.969,0.969,,0.969,0.969,
2023-01-18T00:00:00Z,0.8,0.8,,0.698,0.698,,0.698,0.698,,0.967,0.967,,0.967,0.967,
2023-01-19T00:00:00Z,0.6,0.6,,0.324,0.324,,0.324,0.324,,0.514,0.514,,0.514,0.514,
2023-01-20T00:00:00Z,5.1,5.1,,7.301,7.301,,8.681,8.681,,8.239,8.239,,9.451,9.451,
2023-01-21T00:00:00Z,4.3,4.3,,5.437,5.437,,7.169,7.169,,6.606,6.606,,8.215,8.215,
2023-01-22T00:00:00Z,3.9,3.9,,4.742,4.742,,6.151,6.151,,5.398,5.398,,6.885,6.885,
2023-01-23T00:00:00Z,4,4,,5.221,5.221,,6.789,6.789,,6.491,6.491,,8.189,8.189,
2023-01-24T00:00:00Z,1.9,1.9,,2.528,2.528,,2.532,2.532,,2.896,2.896,,2.896,2.896,
2023-01-25T00:00:00Z,1.1,1.1,,0.926,0.926,,0.926,0.926,,1.15,1.15,,1.15,1.15,
2023-01-26T00:00:00Z,1.9,1.9,,2.478,2.478,,2.478,2.478,,2.872,2.872,,2.872,2.872,
2023-01-27T00:00:00Z,0.7,0.7,,0.432,0.432,,0.432,0.432,,0.611,0.611,,0.611,0.611,
2023-01-28T00:00:00Z,0.5,0.5,,0.27,0.27,,0.27,0.27,,0.426,0.426,,0.426,0.426,
2023-01-29T00:00:00Z,0.4,0.4,,0.064,0.064,,0.064,0.064,,0.166,0.166,,0.166,0.166,
2023-01-30T00:00:00Z,0.6,0.6,,0.312,0.312,,0.312,0.312,,0.533,0.533,,0.533,0.533,
2023-01-31T00:00:00Z,0.8,0.8,,0.494,0.494,,0.494,0.494,,0.692,0.692,,0.692,0.692,
2023-02-01T00:00:00Z,1.5,1.5,,1.645,1.645,,1.645,1.645,,1.993,1.993,,1.993,1.993,
2023-02-02T00:00:00Z,2.2,2.2,,2.923,2.923,,2.923,2.923,,3.343,3.343,,3.343,3.343,
2023-02-03T00:00:00Z,3.2,3.2,,4.843,4.843,,4.843,4.843,,5.367,5.367,,5.367,5.367,
2023-02-04T00:00:00Z,3.3,3.3,,4.949,4.949,,4.949,4.949,,5.321,5.321,,5.321,5.321,
2023-02-05T00:00:00Z,2.8,2.8,,4.149,4.149,,4.149,4.149,,4.488,4.488,,4.488,4.488,
2023-02-06T00:00:00Z,1,1,,0.983,0.983,,0.983,0.983,,1.085,1.085,,1.085,1.085,
2023-02-07T00:00:00Z,0.9,0.9,,0.696,0.696,,0.696,0.696,,0.817,0.817,,0.817,0.817,
2023-02-08T00:00:00Z,1.6,1.6,,1.929,1.929,,1.929,1.929,,2.173,2.173,,2.173,2.173,
2023-02-09T00:00:00Z,0.4,0.4,,0.117,0.117,,0.117,0.117,,0.184,0.184,,0.184,0.184,
2023-02-10T00:00:00Z,0.6,0.6,,0.222,0.222,,0.222,0.222,,0.318,0.318,,0.318,0.318,
2023-02-11T00:00:00Z,1.6,1.6,,1.944,1.944,,1.944,1.944,,2.162,2.162,,2.162,2.162,
2023-02-12T00:00:00Z,2,2,,2.625,2.625,,2.625,2.625,,2.892,2.892,,2.892,2.892,
2023-02-13T00:00:00Z,1.7,1.7,,2.135,2.135,,2.135,2.135,,2.473,2.473,,2.473,2.473,
2023-02-14T00:00:00Z,0.6,0.6,,0.435,0.435,,0.435,0.435,,0.616,0.616,,0.616,0.616,
2023-02-15T00:00:00Z,0.3,0.3,,0.141,0.141,,0.141,0.141,,0.32,0.32,,0.32,0.32,
2023-02-16T00:00:00Z,0.7,0.7,,0.506,0.506,,0.506,0.506,,0.733,0.733,,0.733,0.733,
2023-02-17T00:00:00Z,0.8,0.8,,0.605,0.605,,0.605,0.605,,0.876,0.876,,0.876,0.876,
2023-02-18T00:00:00Z,1.4,1.4,,1.49,1.49,,1.49,1.49,,1.843,1.843,,1.843,1.843,
2023-02-19T00:00:00Z,0.7,0.7,,0.434,0.434,,0.434,0.434,,0.628,0.628,,0.628,0.628,
2023-02-20T00:00:00Z,3.2,3.2,,4.702,4.702,,5.009,5.009,,5.693,5.693,,5.86,5.86,
2023-02-21T00:00:00Z,2.4,2.4,,3.284,3.284,,3.622,3.622,,4.052,4.052,,4.227,4.227,
2023-02-22T00:00:00Z,0.8,0.8,,0.604,0.604,,0.604,0.604,,0.947,0.947,,0.947,0.947,
2023-02-23T00:00:00Z,4.4,4.4,,5.932,5.932,,7.664,7.664,,6.723,6.723,,7.913,7.913,
2023-02-24T00:00:00Z,2.2,2.2,,3.071,3.071,,3.484,3.484,,3.716,3.716,,3.999,3.999,
2023-02-25T00:00:00Z,0.8,0.8,,0.559,0.559,,0.559,0.559,,0.849,0.849,,0.849,0.849,
2023-02-26T00:00:00Z,1.6,1.6,,1.977,1.977,,1.977,1.977,,2.352,2.352,,2.352,2.352,
2023-02-27T00:00:00Z,2.7,2.7,,3.511,3.511,,4.766,4.766,,4.378,4.378,,5.731,5.731,
2023-02-28T00:00:00Z,0.3,0.3,,0.251,0.251,,0.251,0.251,,0.319,0.319,,0.319,0.319,
2023-03-01T00:00:00Z,7.2,7.2,,8.806,8.806,,12.568,12.568,,9.68,9.68,,13.399,13.399,
2023-03-02T00:00:00Z,0.3,0.3,,0.119,0.119,,0.119,0.119,,0.26,0.26,,0.26,0.26,
2023-03-03T00:00:00Z,0.4,0.4,,0.159,0.159,,0.159,0.159,,0.355,0.355,,0.355,0.355,
2023-03-04T00:00:00Z,0.8,0.8,,0.647,0.647,,0.647,0.647,,0.86,0.86,,0.86,0.86,
2023-03-05T00:00:00Z,0.4,0.4,,0.217,0.217,,0.217,0.217,,0.42,0.42,,0.42,0.42,
2023-03-06T00:00:00Z,0.5,0.5,,0.213,0.213,,0.223,0.223,,0.384,0.384,,0.393,0.393,
2023-03-07T00:00:00Z,0.4,0.4,,0.061,0.061,,0.061,0.061,,0.167,0.167,,0.167,0.167,
2023-03-08T00:00:00Z,0.9,0.9,,0.733,0.733,,0.733,0.733,,1.047,1.047,,1.047,1.047,
2023-03-09T00:00:00Z,9.2,9.2,,10.987,10.987,,16.146,16.146,,11.586,11.586,,16.851,16.851,
2023-03-10T00:00:00Z,0.9,0.9,,1.099,1.099,,1.11,1.11,,1.515,1.515,,1.517,1.517,
2023-03-11T00:00:00Z,0.7,0.7,,0.772,0.772,,0.772,0.772,,1.109,1.109,,1.109,1.109,
2023-03-12T00:00:00Z,8.5,8.5,,11.547,11.547,,14.788,14.788,,12.97,12.97,,16.02,16.02,
2023-03-13T00:00:00Z,1.3,1.3,,1.583,1.583,,1.588,1.588,,1.825,1.825,,1.825,1.825,
2023-03-14T00:00:00Z,0.6,0.6,,0.456,0.456,,0.456,0.456,,0.69,0.69,,0.69,0.69,
2023-03-15T00:00:00Z,1,1,,1.242,1.242,,1.312,1.312,,1.611,1.611,,1.646,1.646,
2023-03-16T00:00:00Z,1.5,1.5,,2.047,2.047,,2.119,2.119,,2.515,2.515,,2.541,2.541,
2023-03-17T00:00:00Z,0.6,0.6,,0.325,0.325,,0.325,0.325,,0.513,0.513,,0.513,0.513,
2023-03-18T00:00:00Z,0.9,0.9,,0.72,0.72,,0.72,0.72,,0.975,0.975,,0.975,0.975,
2023-03-19T00:00:00Z,0.6,0.6,,0.322,0.322,,0.322,0.322,,0.521,0.521,,0.521,0.521,
2023-03-20T00:00:00Z,1.9,1.9,,2.897,2.897,,3.302,3.302,,4.016,4.016,,4.415,4.415,
2023-03-21T00:00:00Z,0.5,0.5,,0.232,0.232,,0.232,0.232,,0.408,0.408,,0.408,0.408,
2023-03-22T00:00:00Z,0.4,0.4,,0.335,0.335,,0.335,0.335,,0.538,0.538,,0.538,0.538,
2023-03-23T00:00:00Z,0.2,0.2,,0.018,0.018,,0.018,0.018,,0.082,0.082,,0.082,0.082,
2023-03-24T00:00:00Z,0.3,0.3,,0.165,0.165,,0.165,0.165,,0.295,0.295,,0.295,0.295,
2023-03-25T00:00:00Z,0.3,0.3,,0.104,0.104,,0.104,0.104,,0.196,0.196,,0.196,0.196,
2023-03-26T00:00:00Z,0.7,0.7,,0.69,0.69,,0.69,0.69,,0.947,0.947,,0.947,0.947,
2023-03-27T00:00:00Z,0.4,0.4,,0.307,0.307,,0.309,0.309,,0.497,0.497,,0.497,0.497,
2023-03-28T00:00:00Z,3.4,3.4,,4.467,4.467,,5.648,5.648,,5.514,5.514,,6.665,6.665,
2023-03-29T00:00:00Z,9.4,9.4,,12.137,12.137,,16.971,16.971,,14.115,14.115,,18.729,18.729,
2023-03-30T00:00:00Z,1.9,1.9,,2.734,2.734,,2.877,2.877,,3.296,3.296,,3.39,3.39,
2023-03-31T00:00:00Z,2.1,2.1,,2.455,2.455,,3.122,3.122,,3.056,3.056,,3.765,3.765,
2023-04-01T00:00:00Z,1.2,1.2,,1.338,1.338,,1.338,1.338,,1.68,1.68,,1.68,1.68,
2023-04-02T00:00:00Z,1,1,,1.104,1.104,,1.104,1.104,,1.552,1.552,,1.552,1.552,
2023-04-03T00:00:00Z,2.4,2.4,,3.005,3.005,,3.991,3.991,,3.584,3.584,,4.593,4.593,
2023-04-04T00:00:00Z,0.2,0.2,,0.125,0.125,,0.125,0.125,,0.225,0.225,,0.225,0.225,
2023-04-05T00:00:00Z,0.2,0.2,,0.013,0.013,,0.013,0.013,,0.073,0.073,,0.073,0.073,
2023-04-06T00:00:00Z,2.5,2.5,,3.206,3.206,,4.038,4.038,,3.787,3.787,,4.642,4.642,
2023-04-07T00:00:00Z,0.7,0.7,,0.462,0.462,,0.462,0.462,,0.652,0.652,,0.652,0.652,
2023-04-08T00:00:00Z,0.7,0.7,,0.57,0.57,,0.57,0.57,,0.706,0.706,,0.706,0.706,
2023-04-09T00:00:00Z,0.7,0.7,,0.462,0.462,,0.462,0.462,,0.637,0.637,,0.637,0.637,
2023-04-10T00:00:00Z,0.7,0.7,,0.489,0.489,,0.489,0.489,,0.664,0.664,,0.664,0.664,
2023-04-11T00:00:00Z,0.5,0.5,,0.335,0.335,,0.335,0.335,,0.509,0.509,,0.509,0.509,
2023-04-12T00:00:00Z,1,1,,1.269,1.269,,1.467,1.467,,1.625,1.625,,1.744,1.744,
2023-04-13T00:00:00Z,0.4,0.4,,0.411,0.411,,0.411,0.411,,0.798,0.798,,0.798,0.798,
2023-04-14T00:00:00Z,0.2,0.2,,0.017,0.017,,0.017,0.017,,0.088,0.088,,0.088,0.088,
2023-04-15T00:00:00Z,0.6,0.6,,0.549,0.549,,0.549,0.549,,0.708,0.708,,0.708,0.708,
2023-04-16T00:00:00Z,1.1,1.1,,1.39,1.39,,1.401,1.401,,1.825,1.825,,1.825,1.825,
2023-04-17T00:00:00Z,0.9,0.9,,1.076,1.076,,1.077,1.077,,1.334,1.334,,1.334,1.334,
2023-04-18T00:00:00Z,1,1,,0.981,0.981,,1.235,1.235,,1.34,1.34,,1.565,1.565,
2023-04-19T00:00:00Z,2.7,2.7,,4.058,4.058,,4.536,4.536,,5.02,5.02,,5.304,5.304,
2023-04-20T00:00:00Z,0.3,0.3,,0.151,0.151,,0.151,0.151,,0.239,0.239,,0.239,0.239,
2023-04-21T00:00:00Z,0.2,0.2,,0.011,0.011,,0.011,0.011,,0.08,0.08,,0.08,0.08,
2023-04-22T00:00:00Z,0.3,0.3,,0.054,0.054,,0.054,0.054,,0.16,0.16,,0.16,0.16,
2023-04-23T00:00:00Z,3.5,3.5,,4.989,4.989,,5.547,5.547,,5.806,5.806,,6.118,6.118,
2023-04-24T00:00:00Z,0.8,0.8,,0.784,0.784,,0.784,0.784,,1.038,1.038,,1.038,1.038,
2023-04-25T00:00:00Z,4.4,4.4,,6.317,6.317,,7.76,7.76,,8.064,8.064,,9.159,9.159,
2023-04-26T00:00:00Z,0.9,0.9,,0.745,0.745,,0.745,0.745,,0.916,0.916,,0.916,0.916,
2023-04-27T00:00:00Z,0.6,0.6,,0.441,0.441,,0.441,0.441,,0.601,0.601,,0.601,0.601,
2023-04-28T00:00:00Z,0.3,0.3,,0.127,0.127,,0.127,0.127,,0.227,0.227,,0.227,0.227,
2023-04-29T00:00:00Z,4.6,4.6,,6.086,6.086,,7.592,7.592,,7.329,7.329,,8.252,8.252,
2023-04-30T00:00:00Z,0.6,0.6,,0.355,0.355,,0.355,0.355,,0.551,0.551,,0.551,0.551,
2023-05-01T00:00:00Z,0.4,0.4,,0.237,0.237,,0.237,0.237,,0.297,0.297,,0.297,0.297,
2023-05-02T00:00:00Z,0.5,0.5,,0.215,0.215,,0.215,0.215,,0.301,0.301,,0.301,0.301,
2023-05-03T00:00:00Z,3.5,3.5,,4.146,4.146,,5.586,5.586,,4.877,4.877,,6.315,6.315,
2023-05-04T00:00:00Z,0.7,0.7,,0.413,0.413,,0.413,0.413,,0.663,0.663,,0.663,0.663,
2023-05-05T00:00:00Z,0.2,0.2,,0.014,0.014,,0.014,0.014,,0.053,0.053,,0.053,0.053,
2023-05-06T00:00:00Z,0.6,0.6,,0.746,0.746,,0.746,0.746,,0.831,0.831,,0.831,0.831,
2023-05-07T00:00:00Z,0.2,0.2,,0.052,0.052,,0.052,0.052,,0.119,0.119,,0.119,0.119,
2023-05-08T00:00:00Z,0.4,0.4,,0.093,0.093,,0.093,0.093,,0.183,0.183,,0.183,0.183,
2023-05-09T00:00:00Z,0.4,0.4,,0.173,0.173,,0.173,0.173,,0.292,0.292,,0.292,0.292,
2023-05-10T00:00:00Z,0.4,0.4,,0.119,0.119,,0.119,0.119,,0.233,0.233,,0.233,0.233,
2023-05-11T00:00:00Z,0.6,0.6,,0.197,0.197,,0.197,0.197,,0.31,0.31,,0.31,0.31,
2023-05-12T00:00:00Z,0.9,0.9,,0.764,0.764,,0.764,0.764,,0.927,0.927,,0.927,0.927,
2023-05-13T00:00:00Z,0.4,0.4,,0.06,0.06,,0.06,0.06,,0.134,0.134,,0.134,0.134,
2023-05-14T00:00:00Z,0.9,0.9,,0.803,0.803,,0.803,0.803,,0.961,0.961,,0.961,0.961,
2023-05-15T00:00:00Z,0.8,0.8,,0.607,0.607,,0.607,0.607,,0.762,0.762,,0.762,0.762,
2023-05-16T00:00:00Z,1.4,1.4,,1.606,1.606,,1.687,1.687,,1.834,1.834,,1.862,1.862,
2023-05-17T00:00:00Z,1.3,1.3,,1.479,1.479,,1.708,1.708,,1.745,1.745,,1.901,1.901,
2023-05-18T00:00:00Z,0.8,0.8,,0.708,0.708,,0.708,0.708,,0.917,0.917,,0.917,0.917,
2023-05-19T00:00:00Z,0.9,0.9,,0.731,0.731,,0.731,0.731,,0.897,0.897,,0.897,0.897,
2023-05-20T00:00:00Z,7.7,7.7,,11.194,11.194,,13.317,13.317,,12.982,12.982,,15.469,15.469,
2023-05-21T00:00:00Z,4.3,4.3,,5.536,5.536,,6.923,6.923,,6.387,6.387,,7.828,7.828,
2023-05-22T00:00:00Z,4.2,4.2,,5.105,5.105,,6.791,6.791,,5.754,5.754,,7.381,7.381,
2023-05-23T00:00:00Z,0.9,0.9,,1.056,1.056,,1.056,1.056,,1.184,1.184,,1.184,1.184,
2023-05-24T00:00:00Z,2.2,2.2,,2.642,2.642,,3.31,3.31,,3.128,3.128,,3.705,3.705,
2023-05-25T00:00:00Z,0.2,0.2,,0.042,0.042,,0.042,0.042,,0.113,0.113,,0.113,0.113,
2023-05-26T00:00:00Z,0.4,0.4,,0.09,0.09,,0.09,0.09,,0.177,0.177,,0.177,0.177,
2023-05-27T00:00:00Z,4.4,4.4,,6.017,6.017,,7.771,7.771,,7.096,7.096,,8.595,8.595,
2023-05-28T00:00:00Z,0.6,0.6,,0.281,0.281,,0.281,0.281,,0.4,0.4,,0.4,0.4,
2023-05-29T00:00:00Z,0.4,0.4,,0.08,0.08,,0.08,0.08,,0.165,0.165,,0.165,0.165,
2023-05-30T00:00:00Z,1.3,1.3,,1.443,1.443,,1.494,1.494,,1.646,1.646,,1.668,1.668,
2023-05-31T00:00:00Z,0.7,0.7,,0.41,0.41,,0.41,0.41,,0.63,0.63,,0.63,0.63,
2023-06-01T00:00:00Z,10.8,10.8,,13.411,13.411,,19.035,19.035,,15.617,15.617,,21.541,21.541,
2023-06-02T00:00:00Z,0.9,0.9,,0.835,0.835,,0.835,0.835,,1.07,1.07,,1.07,1.07,
2023-06-03T00:00:00Z,2.6,2.6,,3.7,3.7,,3.853,3.853,,4.262,4.262,,4.278,4.278,
2023-06-04T00:00:00Z,0.4,0.4,,0.237,0.237,,0.237,0.237,,0.319,0.319,,0.319,0.319,
2023-06-05T00:00:00Z,0.3,0.3,,0.039,0.039,,0.039,0.039,,0.107,0.107,,0.107,0.107,
2023-06-06T00:00:00Z,1.2,1.2,,1.575,1.575,,1.595,1.595,,1.788,1.788,,1.79,1.79,
2023-06-07T00:00:00Z,0.3,0.3,,0.108,0.108,,0.108,0.108,,0.219,0.219,,0.219,0.219,
2023-06-08T00:00:00Z,0.4,0.4,,0.158,0.158,,0.158,0.158,,0.284,0.284,,0.284,0.284,
2023-06-09T00:00:00Z,0.9,0.9,,1.049,1.049,,1.049,1.049,,1.29,1.29,,1.29,1.29,
2023-06-10T00:00:00Z,5.7,5.7,,7.41,7.41,,9.848,9.848,,8.166,8.166,,10.403,10.403,
2023-06-11T00:00:00Z,0.3,0.3,,0.056,0.056,,0.056,0.056,,0.142,0.142,,0.142,0.142,
2023-06-12T00:00:00Z,0.2,0.2,,0.01,0.01,,0.01,0.01,,0.045,0.045,,0.045,0.045,
2023-06-13T00:00:00Z,0.3,0.3,,0.016,0.016,,0.016,0.016,,0.064,0.064,,0.064,0.064,
2023-06-14T00:00:00Z,1.1,1.1,,1.175,1.175,,1.241,1.241,,1.399,1.399,,1.417,1.417,
2023-06-15T00:00:00Z,0.9,0.9,,1.037,1.037,,1.044,1.044,,1.212,1.212,,1.212,1.212,
2023-06-16T00:00:00Z,1.7,1.7,,2.023,2.023,,2.023,2.023,,2.357,2.357,,2.357,2.357,
2023-06-17T00:00:00Z,0.4,0.4,,0.042,0.042,,0.042,0.042,,0.077,0.077,,0.077,0.077,
2023-06-18T00:00:00Z,12.7,12.7,,15.578,15.578,,22.419,22.419,,17.494,17.494,,24.86,24.86,
2023-06-19T00:00:00Z,0.5,0.5,,0.167,0.167,,0.167,0.167,,0.304,0.304,,0.304,0.304,
2023-06-20T00:00:00Z,0.3,0.3,,0.048,0.048,,0.048,0.048,,0.131,0.131,,0.131,0.131,
2023-06-21T00:00:00Z,1.1,1.1,,1.42,1.42,,1.47,1.47,,1.742,1.742,,1.759,1.759,
2023-06-22T00:00:00Z,0.4,0.4,,0.161,0.161,,0.161,0.161,,0.258,0.258,,0.258,0.258,
2023-06-23T00:00:00Z,1.3,1.3,,1.551,1.551,,1.628,1.628,,1.872,1.872,,1.893,1.893,
2023-06-24T00:00:00Z,0.9,0.9,,0.879,0.879,,0.888,0.888,,1.107,1.107,,1.108,1.108,
2023-06-25T00:00:00Z,1.1,1.1,,1.264,1.264,,1.282,1.282,,1.591,1.591,,1.595,1.595,
2023-06-26T00:00:00Z,0.4,0.4,,0.162,0.162,,0.162,0.162,,0.241,0.241,,0.241,0.241,
2023-06-27T00:00:00Z,0.4,0.4,,0.152,0.152,,0.152,0.152,,0.259,0.259,,0.259,0.259,
2023-06-28T00:00:00Z,1.1,1.1,,1.303,1.303,,1.332,1.332,,1.635,1.635,,1.648,1.648,
2023-06-29T00:00:00Z,0.9,0.9,,0.675,0.675,,0.675,0.675,,0.868,0.868,,0.868,0.868,
2023-06-30T00:00:00Z,1.8,1.8,,2.213,2.213,,2.216,2.216,,2.676,2.676,,2.677,2.677,
2023-07-01T00:00:00Z,0.8,0.8,,0.443,0.443,,0.443,0.443,,0.559,0.559,,0.559,0.559,
2023-07-02T00:00:00Z,0.7,0.7,,0.435,0.435,,0.435,0.435,,0.539,0.539,,0.539,0.539,
2023-07-03T00:00:00Z,0.8,0.8,,0.44,0.44,,0.44,0.44,,0.541,0.541,,0.541,0.541,
2023-07-04T00:00:00Z,0.9,0.9,,0.644,0.644,,0.644,0.644,,0.799,0.799,,0.799,0.799,
2023-07-05T00:00:00Z,2.9,2.9,,4.259,4.259,,4.259,4.259,,4.553,4.553,,4.553,4.553,
2023-07-06T00:00:00Z,1.7,1.7,,1.866,1.866,,2.126,2.126,,2.19,2.19,,2.461,2.461,
2023-07-07T00:00:00Z,3.4,3.4,,4.24,4.24,,5.467,5.467,,4.859,4.859,,5.944,5.944,
2023-07-08T00:00:00Z,0.9,0.9,,0.622,0.622,,0.622,0.622,,0.765,0.765,,0.765,0.765,
2023-07-09T00:00:00Z,0.8,0.8,,0.409,0.409,,0.409,0.409,,0.508,0.508,,0.508,0.508,
2023-07-10T00:00:00Z,1.8,1.8,,2.326,2.326,,2.583,2.583,,2.752,2.752,,2.876,2.876,
2023-07-11T00:00:00Z,0.5,0.5,,0.191,0.191,,0.191,0.191,,0.271,0.271,,0.271,0.271,
2023-07-12T00:00:00Z,0.4,0.4,,0.045,0.045,,0.045,0.045,,0.108,0.108,,0.108,0.108,
2023-07-13T00:00:00Z,2.1,2.1,,2.814,2.814,,3.101,3.101,,3.213,3.213,,3.336,3.336,
2023-07-14T00:00:00Z,0.6,0.6,,0.496,0.496,,0.496,0.496,,0.59,0.59,,0.59,0.59,
2023-07-15T00:00:00Z,0.8,0.8,,0.67,0.67,,0.67,0.67,,0.807,0.807,,0.807,0.807,
2023-07-16T00:00:00Z,0.5,0.5,,0.144,0.144,,0.144,0.144,,0.275,0.275,,0.275,0.275,
2023-07-17T00:00:00Z,0.6,0.6,,0.233,0.233,,0.233,0.233,,0.323,0.323,,0.323,0.323,
2023-07-18T00:00:00Z,0.8,0.8,,0.514,0.514,,0.514,0.514,,0.621,0.621,,0.621,0.621,
2023-07-19T00:00:00Z,0.4,0.4,,0.089,0.089,,0.089,0.089,,0.164,0.164,,0.164,0.164,
2023-07-20T00:00:00Z,0.6,0.6,,0.249,0.249,,0.249,0.249,,0.357,0.357,,0.357,0.357,
2023-07-21T00:00:00Z,4.7,4.7,,6.265,6.265,,7.949,7.949,,7.044,7.044,,8.574,8.574,
2023-07-22T00:00:00Z,0.4,0.4,,0.057,0.057,,0.057,0.057,,0.106,0.106,,0.106,0.106,
2023-07-23T00:00:00Z,0.4,0.4,,0.064,0.064,,0.064,0.064,,0.106,0.106,,0.106,0.106,
2023-07-24T00:00:00Z,0.4,0.4,,0.102,0.102,,0.102,0.102,,0.175,0.175,,0.175,0.175,
2023-07-25T00:00:00Z,0.5,0.5,,0.228,0.228,,0.228,0.228,,0.335,0.335,,0.335,0.335,
2023-07-26T00:00:00Z,0.3,0.3,,0.033,0.033,,0.033,0.033,,0.087,0.087,,0.087,0.087,
2023-07-27T00:00:00Z,0.3,0.3,,0.031,0.031,,0.031,0.031,,0.08,0.08,,0.08,0.08,
2023-07-28T00:00:00Z,0.6,0.6,,0.456,0.456,,0.456,0.456,,0.544,0.544,,0.544,0.544,
2023-07-29T00:00:00Z,0.3,0.3,,0.057,0.057,,0.057,0.057,,0.098,0.098,,0.098,0.098,
2023-07-30T00:00:00Z,0.6,0.6,,0.279,0.279,,0.279,0.279,,0.36,0.36,,0.36,0.36,
2023-07-31T00:00:00Z,0.9,0.9,,0.694,0.694,,0.694,0.694,,0.808,0.808,,0.808,0.808,
2023-08-01T00:00:00Z,0.6,0.6,,0.235,0.235,,0.235,0.235,,0.318,0.318,,0.318,0.318,
2023-08-02T00:00:00Z,0.3,0.3,,0.012,0.012,,0.012,0.012,,0.028,0.028,,0.028,0.028,
2023-08-03T00:00:00Z,0.2,0.2,,0.003,0.003,,0.003,0.003,,0.014,0.014,,0.014,0.014,
2023-08-04T00:00:00Z,0.2,0.2,,0.004,0.004,,0.004,0.004,,0.014,0.014,,0.014,0.014,
2023-08-05T00:00:00Z,0.2,0.2,,0.003,0.003,,0.003,0.003,,0.014,0.014,,0.014,0.014,
2023-08-06T00:00:00Z,0.3,0.3,,0.007,0.007,,0.007,0.007,,0.024,0.024,,0.024,0.024,
2023-08-07T00:00:00Z,0.3,0.3,,0.006,0.006,,0.006,0.006,,0.017,0.017,,0.017,0.017,
2023-08-08T00:00:00Z,2.8,2.8,,3.529,3.529,,4.374,4.374,,4.106,4.106,,4.72,4.72,
2023-08-09T00:00:00Z,1.3,1.3,,1.253,1.253,,1.253,1.253,,1.428,1.428,,1.428,1.428,
2023-08-10T00:00:00Z,2.1,2.1,,2.736,2.736,,2.818,2.818,,3.152,3.152,,3.182,3.182,
2023-08-11T00:00:00Z,0.4,0.4,,0.119,0.119,,0.119,0.119,,0.177,0.177,,0.177,0.177,
2023-08-12T00:00:00Z,1.3,1.3,,1.698,1.698,,1.766,1.766,,1.946,1.946,,1.959,1.959,
2023-08-13T00:00:00Z,0.7,0.7,,0.663,0.663,,0.663,0.663,,0.837,0.837,,0.837,0.837,
2023-08-14T00:00:00Z,0.9,0.9,,0.609,0.609,,0.609,0.609,,0.717,0.717,,0.717,0.717,
2023-08-15T00:00:00Z,14.4,14.4,,17.037,17.037,,24.71,24.71,,18.626,18.626,,26.576,26.576,
2023-08-16T00:00:00Z,0.2,0.2,,0.039,0.039,,0.039,0.039,,0.072,0.072,,0.072,0.072,
2023-08-17T00:00:00Z,0.3,0.3,,0.037,0.037,,0.037,0.037,,0.086,0.086,,0.086,0.086,
2023-08-18T00:00:00Z,0.3,0.3,,0.085,0.085,,0.085,0.085,,0.131,0.131,,0.131,0.131,
2023-08-19T00:00:00Z,0.5,0.5,,0.271,0.271,,0.271,0.271,,0.364,0.364,,0.364,0.364,
2023-08-20T00:00:00Z,0.4,0.4,,0.058,0.058,,0.058,0.058,,0.103,0.103,,0.103,0.103,
2023-08-21T00:00:00Z,0.4,0.4,,0.129,0.129,,0.129,0.129,,0.217,0.217,,0.217,0.217,
2023-08-22T00:00:00Z,0.5,0.5,,0.367,0.367,,0.367,0.367,,0.497,0.497,,0.497,0.497,
2023-08-23T00:00:00Z,0.9,0.9,,0.799,0.799,,0.814,0.814,,1.052,1.052,,1.059,1.059,
2023-08-24T00:00:00Z,7.3,7.3,,9.799,9.799,,12.441,12.441,,11.07,11.07,,13.579,13.579,
2023-08-25T00:00:00Z,1.2,1.2,,1.196,1.196,,1.196,1.196,,1.341,1.341,,1.341,1.341,
2023-08-26T00:00:00Z,10.2,10.2,,12.614,12.614,,17.563,17.563,,14.548,14.548,,19.81,19.81,
2023-08-27T00:00:00Z,0.8,0.8,,0.552,0.552,,0.551,0.551,,0.683,0.683,,0.683,0.683,
2023-08-28T00:00:00Z,4.9,4.9,,6.19,6.19,,8.397,8.397,,7.632,7.632,,10.121,10.121,
2023-08-29T00:00:00Z,0.7,0.7,,0.483,0.483,,0.483,0.483,,0.617,0.617,,0.617,0.617,
2023-08-30T00:00:00Z,6.3,6.3,,10.763,10.763,,10.825,10.825,,11.779,11.779,,11.779,11.779,
2023-08-31T00:00:00Z,6.9,6.9,,11.742,11.742,,11.742,11.742,,12.817,12.817,,12.817,12.817,
2023-09-01T00:00:00Z,0.5,0.5,,0.172,0.172,,0.172,0.172,,0.28,0.28,,0.28,0.28,
2023-09-02T00:00:00Z,0.9,0.9,,0.656,0.656,,0.656,0.656,,0.799,0.799,,0.799,0.799,
2023-09-03T00:00:00Z,0.8,0.8,,0.443,0.443,,0.443,0.443,,0.552,0.552,,0.552,0.552,
2023-09-04T00:00:00Z,3.6,3.6,,5.044,5.044,,6.142,6.142,,5.824,5.824,,6.549,6.549,
2023-09-05T00:00:00Z,1.9,1.9,,2.346,2.346,,2.359,2.359,,2.598,2.598,,2.603,2.603,
2023-09-06T00:00:00Z,8.5,8.5,,12.103,12.103,,15.069,15.069,,14.333,14.333,,17.123,17.123,
2023-09-07T00:00:00Z,0.7,0.7,,0.345,0.345,,0.345,0.345,,0.447,0.447,,0.447,0.447,
2023-09-08T00:00:00Z,0.6,0.6,,0.238,0.238,,0.238,0.238,,0.415,0.415,,0.415,0.415,
2023-09-09T00:00:00Z,3.5,3.5,,4.748,4.748,,5.43,5.43,,5.477,5.477,,6.003,6.003,
2023-09-10T00:00:00Z,0.9,0.9,,0.831,0.831,,0.831,0.831,,0.983,0.983,,0.983,0.983,
2023-09-11T00:00:00Z,0.7,0.7,,0.399,0.399,,0.399,0.399,,0.555,0.555,,0.555,0.555,
2023-09-12T00:00:00Z,0.7,0.7,,0.346,0.346,,0.346,0.346,,0.507,0.507,,0.507,0.507,
2023-09-13T00:00:00Z,1.1,1.1,,1.189,1.189,,1.189,1.189,,1.316,1.316,,1.316,1.316,
2023-09-14T00:00:00Z,0.7,0.7,,0.313,0.313,,0.313,0.313,,0.413,0.413,,0.413,0.413,
2023-09-15T00:00:00Z,0.8,0.8,,0.525,0.525,,0.525,0.525,,0.622,0.622,,0.622,0.622,
2023-09-16T00:00:00Z,1.5,1.5,,1.823,1.823,,1.823,1.823,,2.115,2.115,,2.115,2.115,
2023-09-17T00:00:00Z,3,3,,3.827,3.827,,4.683,4.683,,4.566,4.566,,5.192,5.192,
2023-09-18T00:00:00Z,1.8,1.8,,2.421,2.421,,2.448,2.448,,2.791,2.791,,2.797,2.797,
2023-09-19T00:00:00Z,0.8,0.8,,0.521,0.521,,0.521,0.521,,0.654,0.654,,0.654,0.654,
2023-09-20T00:00:00Z,0.4,0.4,,0.066,0.066,,0.066,0.066,,0.131,0.131,,0.131,0.131,
2023-09-21T00:00:00Z,1.1,1.1,,0.961,0.961,,1.028,1.028,,1.261,1.261,,1.3,1.3,
2023-09-22T00:00:00Z,0.8,0.8,,0.563,0.563,,0.563,0.563,,0.806,0.806,,0.806,0.806,
2023-09-23T00:00:00Z,1.1,1.1,,1.085,1.085,,1.085,1.085,,1.315,1.315,,1.315,1.315,
2023-09-24T00:00:00Z,6.8,6.8,,10.001,10.001,,11.918,11.918,,11.764,11.764,,13.551,13.551,
2023-09-25T00:00:00Z,1.8,1.8,,2.277,2.277,,2.277,2.277,,2.617,2.617,,2.617,2.617,
2023-09-26T00:00:00Z,0.7,0.7,,0.329,0.329,,0.329,0.329,,0.46,0.46,,0.46,0.46,
2023-09-27T00:00:00Z,1.4,1.4,,1.582,1.582,,1.582,1.582,,1.889,1.889,,1.889,1.889,
2023-09-28T00:00:00Z,2.8,2.8,,4.034,4.034,,4.154,4.154,,4.677,4.677,,4.69,4.69,
2023-09-29T00:00:00Z,1.8,1.8,,2.176,2.176,,2.176,2.176,,2.636,2.636,,2.636,2.636,
2023-09-30T00:00:00Z,2.1,2.1,,2.675,2.675,,2.967,2.967,,3.217,3.217,,3.403,3.403,
2023-10-01T00:00:00Z,1.2,1.2,,1.328,1.328,,1.458,1.458,,1.685,1.685,,1.785,1.785,
2023-10-02T00:00:00Z,13.6,13.6,,16.851,16.851,,24.032,24.032,,19.21,19.21,,27.056,27.056,
2023-10-03T00:00:00Z,1.1,1.1,,1.33,1.33,,1.33,1.33,,1.672,1.672,,1.672,1.672,
2023-10-04T00:00:00Z,1.5,1.5,,1.772,1.772,,1.773,1.773,,2.025,2.025,,2.025,2.025,
2023-10-05T00:00:00Z,1,1,,0.879,0.879,,0.879,0.879,,1.073,1.073,,1.073,1.073,
2023-10-06T00:00:00Z,1.7,1.7,,2.029,2.029,,2.029,2.029,,2.246,2.246,,2.246,2.246,
2023-10-07T00:00:00Z,2.4,2.4,,3.336,3.336,,3.336,3.336,,3.723,3.723,,3.723,3.723,
2023-10-08T00:00:00Z,3.1,3.1,,4.627,4.627,,4.627,4.627,,5.155,5.155,,5.155,5.155,
2023-10-09T00:00:00Z,4.1,4.1,,5.728,5.728,,6.701,6.701,,6.677,6.677,,7.582,7.582,
2023-10-10T00:00:00Z,2,2,,2.568,2.568,,2.584,2.584,,3.045,3.045,,3.047,3.047,
2023-10-11T00:00:00Z,1.8,1.8,,2.378,2.378,,2.394,2.394,,2.884,2.884,,2.889,2.889,
2023-10-12T00:00:00Z,3,3,,4.094,4.094,,5.078,5.078,,5.165,5.165,,5.819,5.819,
2023-10-13T00:00:00Z,0.9,0.9,,0.691,0.691,,0.691,0.691,,0.959,0.959,,0.959,0.959,
2023-10-14T00:00:00Z,0.9,0.9,,0.945,0.945,,0.945,0.945,,1.235,1.235,,1.235,1.235,
2023-10-15T00:00:00Z,4.1,4.1,,5.339,5.339,,6.833,6.833,,6.547,6.547,,7.803,7.803,
2023-10-16T00:00:00Z,7.4,7.4,,10.066,10.066,,12.839,12.839,,11.56,11.56,,14.287,14.287,
2023-10-17T00:00:00Z,2.7,2.7,,3.927,3.927,,3.927,3.927,,4.459,4.459,,4.459,4.459,
2023-10-18T00:00:00Z,2.7,2.7,,3.988,3.988,,4.007,4.007,,4.522,4.522,,4.525,4.525,
2023-10-19T00:00:00Z,1.9,1.9,,2.465,2.465,,2.465,2.465,,2.867,2.867,,2.867,2.867,
2023-10-20T00:00:00Z,2.5,2.5,,3.648,3.648,,3.647,3.647,,4.266,4.266,,4.266,4.266,
2023-10-21T00:00:00Z,3,3,,4.514,4.514,,4.514,4.514,,5.066,5.066,,5.066,5.066,
2023-10-22T00:00:00Z,2.7,2.7,,3.915,3.915,,3.915,3.915,,4.394,4.394,,4.394,4.394,
2023-10-23T00:00:00Z,2.2,2.2,,2.93,2.93,,2.93,2.93,,3.334,3.334,,3.334,3.334,
2023-10-24T00:00:00Z,2.9,2.9,,4.22,4.22,,4.22,4.22,,4.756,4.756,,4.756,4.756,
2023-10-25T00:00:00Z,2.5,2.5,,3.668,3.668,,3.668,3.668,,4.173,4.173,,4.173,4.173,
2023-10-26T00:00:00Z,0.5,0.5,,0.149,0.149,,0.149,0.149,,0.332,0.332,,0.332,0.332,
2023-10-27T00:00:00Z,1.3,1.3,,1.666,1.666,,1.671,1.671,,2.156,2.156,,2.156,2.156,
2023-10-28T00:00:00Z,1.3,1.3,,1.384,1.384,,1.384,1.384,,1.762,1.762,,1.762,1.762,
2023-10-29T00:00:00Z,21.6,21.6,,27.403,27.403,,39.011,39.011,,31.537,31.537,,44.252,44.252,
2023-10-30T00:00:00Z,1.6,1.6,,1.904,1.904,,1.904,1.904,,2.274,2.274,,2.274,2.274,
2023-10-31T00:00:00Z,13.2,13.2,,17.833,17.833,,23.708,23.708,,20.119,20.119,,25.901,25.901,
2023-11-01T00:00:00Z,3.3,3.3,,5.021,5.021,,5.041,5.041,,5.686,5.686,,5.686,5.686,
2023-11-02T00:00:00Z,2.3,2.3,,3.206,3.206,,3.219,3.219,,3.601,3.601,,3.601,3.601,
2023-11-03T00:00:00Z,1.4,1.4,,1.602,1.602,,1.602,1.602,,1.925,1.925,,1.925,1.925,
2023-11-04T00:00:00Z,2.1,2.1,,2.954,2.954,,2.954,2.954,,3.58,3.58,,3.58,3.58,
2023-11-05T00:00:00Z,14.7,14.7,,17.971,17.971,,25.153,25.153,,19.535,19.535,,27.143,27.143,
2023-11-06T00:00:00Z,1,1,,0.962,0.962,,0.962,0.962,,1.219,1.219,,1.219,1.219,
2023-11-07T00:00:00Z,0.5,0.5,,0.297,0.297,,0.297,0.297,,0.527,0.527,,0.527,0.527,
2023-11-08T00:00:00Z,6.2,6.2,,7.436,7.436,,10.804,10.804,,8.393,8.393,,11.892,11.892,
2023-11-09T00:00:00Z,7.6,7.6,,9.787,9.787,,13.349,13.349,,10.924,10.924,,14.254,14.254,
2023-11-10T00:00:00Z,1.5,1.5,,1.82,1.82,,1.842,1.842,,2.051,2.051,,2.052,2.052,
2023-11-11T00:00:00Z,9.5,9.5,,13.046,13.046,,17.126,17.126,,15.314,15.314,,19.53,19.53,
2023-11-12T00:00:00Z,1.6,1.6,,1.991,1.991,,1.991,1.991,,2.267,2.267,,2.267,2.267,
2023-11-13T00:00:00Z,5.5,5.5,,8.484,8.484,,9.456,9.456,,10.275,10.275,,10.894,10.894,
2023-11-14T00:00:00Z,12.2,12.2,,16.085,16.085,,21.416,21.416,,18.049,18.049,,22.997,22.997,
2023-11-15T00:00:00Z,1.6,1.6,,1.986,1.986,,1.986,1.986,,2.355,2.355,,2.355,2.355,
2023-11-16T00:00:00Z,1.6,1.6,,1.923,1.923,,1.923,1.923,,2.387,2.387,,2.387,2.387,
2023-11-17T00:00:00Z,2.6,2.6,,3.726,3.726,,3.726,3.726,,4.131,4.131,,4.131,4.131,
2023-11-18T00:00:00Z,4.2,4.2,,6.506,6.506,,6.744,6.744,,7.222,7.222,,7.288,7.288,
2023-11-19T00:00:00Z,3.8,3.8,,6.009,6.009,,6.255,6.255,,6.741,6.741,,6.758,6.758,
2023-11-20T00:00:00Z,1.7,1.7,,2.48,2.48,,2.591,2.591,,2.933,2.933,,2.99,2.99,
2023-11-21T00:00:00Z,1.4,1.4,,1.499,1.499,,1.499,1.499,,1.913,1.913,,1.913,1.913,
2023-11-22T00:00:00Z,2.3,2.3,,3.197,3.197,,3.203,3.203,,3.744,3.744,,3.744,3.744,
2023-11-23T00:00:00Z,8.1,8.1,,13.645,13.645,,14.503,14.503,,15.903,15.903,,16.298,16.298,
2023-11-24T00:00:00Z,5,5,,6.382,6.382,,8.271,8.271,,7.409,7.409,,9.27,9.27,
2023-11-25T00:00:00Z,0.9,0.9,,0.862,0.862,,0.862,0.862,,1.117,1.117,,1.117,1.117,
2023-11-26T00:00:00Z,2.5,2.5,,3.688,3.688,,3.803,3.803,,4.485,4.485,,4.55,4.55,
2023-11-27T00:00:00Z,1.4,1.4,,1.453,1.453,,1.453,1.453,,1.662,1.662,,1.662,1.662,
2023-11-28T00:00:00Z,2.1,2.1,,2.819,2.819,,2.819,2.819,,3.151,3.151,,3.151,3.151,
2023-11-29T00:00:00Z,3.3,3.3,,5.003,5.003,,5.003,5.003,,5.619,5.619,,5.619,5.619,
2023-11-30T00:00:00Z,1.8,1.8,,2.276,2.276,,2.279,2.279,,2.658,2.658,,2.658,2.658,
2023-12-01T00:00:00Z,1.6,1.6,,1.901,1.901,,1.901,1.901,,2.172,2.172,,2.172,2.172,
2023-12-02T00:00:00Z,0.2,0.2,,0.069,0.069,,0.069,0.069,,0.121,0.121,,0.121,0.121,
2023-12-03T00:00:00Z,0.1,0.1,,0.067,0.067,,0.067,0.067,,0.118,0.118,,0.118,0.118,
2023-12-04T00:00:00Z,0.2,0.2,,0.026,0.026,,0.026,0.026,,0.103,0.103,,0.103,0.103,
2023-12-05T00:00:00Z,0.4,0.4,,0.191,0.191,,0.191,0.191,,0.286,0.286,,0.286,0.286,
2023-12-06T00:00:00Z,0.4,0.4,,0.163,0.163,,0.163,0.163,,0.246,0.246,,0.246,0.246,
2023-12-07T00:00:00Z,1.1,1.1,,1.606,1.606,,1.816,1.816,,2.066,2.066,,2.205,2.205,
2023-12-08T00:00:00Z,0.5,0.5,,0.434,0.434,,0.434,0.434,,0.55,0.55,,0.55,0.55,
2023-12-09T00:00:00Z,1.4,1.4,,1.996,1.996,,2.112,2.112,,2.315,2.315,,2.324,2.324,
2023-12-10T00:00:00Z,3.3,3.3,,4.214,4.214,,5.495,5.495,,4.8,4.8,,5.727,5.727,
2023-12-11T00:00:00Z,1.1,1.1,,1.151,1.151,,1.151,1.151,,1.373,1.373,,1.373,1.373,
2023-12-12T00:00:00Z,3.6,3.6,,4.352,4.352,,5.662,5.662,,4.885,4.885,,6.057,6.057,
2023-12-13T00:00:00Z,1.4,1.4,,1.519,1.519,,1.519,1.519,,1.708,1.708,,1.708,1.708,
2023-12-14T00:00:00Z,2.3,2.3,,3.232,3.232,,3.453,3.453,,3.818,3.818,,3.881,3.881,
2023-12-15T00:00:00Z,1.3,1.3,,1.45,1.45,,1.45,1.45,,1.685,1.685,,1.684,1.684,
2023-12-16T00:00:00Z,1.6,1.6,,1.881,1.881,,1.981,1.981,,2.167,2.167,,2.205,2.205,
2023-12-17T00:00:00Z,1.4,1.4,,1.547,1.547,,1.547,1.547,,1.741,1.741,,1.741,1.741,
2023-12-18T00:00:00Z,1.5,1.5,,1.715,1.715,,1.715,1.715,,1.952,1.952,,1.952,1.952,
2023-12-19T00:00:00Z,1.5,1.5,,1.856,1.856,,1.897,1.897,,2.276,2.276,,2.291,2.291,
2023-12-20T00:00:00Z,2,2,,2.792,2.792,,3.052,3.052,,3.559,3.559,,3.777,3.777,
2023-12-21T00:00:00Z,1.5,1.5,,1.904,1.904,,1.906,1.906,,2.137,2.137,,2.137,2.137,
2023-12-22T00:00:00Z,1.1,1.1,,1.191,1.191,,1.191,1.191,,1.374,1.374,,1.374,1.374,
2023-12-23T00:00:00Z,0.9,0.9,,0.716,0.716,,0.716,0.716,,0.931,0.931,,0.931,0.931,
2023-12-24T00:00:00Z,2,2,,2.787,2.787,,3.044,3.044,,3.199,3.199,,3.299,3.299,
2023-12-25T00:00:00Z,2.5,2.5,,3.207,3.207,,3.719,3.719,,3.736,3.736,,4.174,4.174,
2023-12-26T00:00:00Z,2.3,2.3,,2.767,2.767,,3.478,3.478,,3.314,3.314,,3.91,3.91,
2023-12-27T00:00:00Z,1,1,,0.907,0.907,,0.908,0.908,,1.043,1.043,,1.043,1.043,
2023-12-28T00:00:00Z,5.2,5.2,,6.57,6.57,,8.607,8.607,,7.49,7.49,,9.511,9.511,
2023-12-29T00:00:00Z,2.1,2.1,,2.79,2.79,,2.797,2.797,,3.107,3.107,,3.111,3.111,
2023-12-30T00:00:00Z,1.4,1.4,,1.482,1.482,,1.482,1.482,,1.748,1.748,,1.748,1.748,
