time_stamp,pm2.5_atm,pm10.0_atm
2020-01-01T00:00:00Z,51.668,57.849999999999994
2020-01-02T00:00:00Z,36.8085,41.706
2020-01-03T00:00:00Z,43.775000000000006,48.283500000000004
2020-01-04T00:00:00Z,45.1225,49.8685
2020-01-05T00:00:00Z,42.216,48.287
2020-01-06T00:00:00Z,42.9905,48.194
2020-01-07T00:00:00Z,37.6425,42.846000000000004
2020-01-08T00:00:00Z,36.142500000000005,41.61
2020-01-09T00:00:00Z,54.646,60.7305
2020-01-10T00:00:00Z,36.97,41.635
2020-01-11T00:00:00Z,35.637499999999996,40.179500000000004
2020-01-12T00:00:00Z,35.8175,40.7785
2020-01-13T00:00:00Z,44.5655,48.6265
2020-01-14T00:00:00Z,29.9385,33.7405
2020-01-15T00:00:00Z,29.316,33.2055
2020-01-16T00:00:00Z,35.65,40.921
2020-01-17T00:00:00Z,31.226,35.767
2020-01-18T00:00:00Z,30.897,35.673
2020-01-19T00:00:00Z,33.4795,38.230999999999995
2020-01-20T00:00:00Z,45.1045,51.999
2020-01-21T00:00:00Z,33.891,39.352000000000004
2020-01-22T00:00:00Z,41.930499999999995,47.6095
2020-01-23T00:00:00Z,53.6425,57.8015
2020-01-24T00:00:00Z,59.672,63.670500000000004
2020-01-25T00:00:00Z,60.2415,64.406
2020-01-26T00:00:00Z,56.8055,60.128499999999995
2020-01-27T00:00:00Z,46.041,50.8515
2020-01-28T00:00:00Z,38.912,43.98
2020-01-29T00:00:00Z,38.667,43.542
2020-01-30T00:00:00Z,37.259,43.0045
2020-01-31T00:00:00Z,44.86,50.4965
2020-02-01T00:00:00Z,42.269499999999994,47.1955
2020-02-02T00:00:00Z,35.653,40.3705
2020-02-03T00:00:00Z,32.4655,37.42
2020-02-04T00:00:00Z,28.777,32.5345
2020-02-05T00:00:00Z,26.5915,29.4665
2020-02-06T00:00:00Z,39.652,44.974999999999994
2020-02-07T00:00:00Z,43.971,48.2515
2020-02-08T00:00:00Z,45.348000000000006,49.5405
2020-02-09T00:00:00Z,34.252,38.0985
2020-02-10T00:00:00Z,32.025999999999996,35.8375
2020-02-11T00:00:00Z,43.9085,49.528
2020-02-12T00:00:00Z,38.5325,43.706
2020-02-13T00:00:00Z,38.265,44.107499999999995
2020-02-14T00:00:00Z,33.9265,38.2195
2020-02-15T00:00:00Z,39.239000000000004,44.1015
2020-02-16T00:00:00Z,41.539500000000004,47.016
2020-02-17T00:00:00Z,40.465,44.613
2020-02-18T00:00:00Z,35.289500000000004,39.414
2020-02-19T00:00:00Z,45.092999999999996,50.875
2020-02-20T00:00:00Z,45.1295,50.869499999999995
2020-02-21T00:00:00Z,46.893499999999996,51.89
2020-02-22T00:00:00Z,58.155,62.527499999999996
2020-02-23T00:00:00Z,58.5835,62.3685
2020-02-24T00:00:00Z,41.515,46.073
2020-02-25T00:00:00Z,40.5315,45.7235
2020-02-26T00:00:00Z,39.9195,45.0025
2020-02-27T00:00:00Z,39.490500000000004,44.4945
2020-02-28T00:00:00Z,44.8085,49.235
2020-02-29T00:00:00Z,43.492,46.5595
2020-03-01T00:00:00Z,38.974500000000006,42.9565
2020-03-02T00:00:00Z,45.663999999999994,50.003
2020-03-03T00:00:00Z,41.017,45.689
2020-03-04T00:00:00Z,46.5435,50.3455
2020-03-05T00:00:00Z,42.0425,45.588499999999996
2020-03-06T00:00:00Z,39.611,42.7705
2020-03-07T00:00:00Z,40.442499999999995,43.0075
2020-03-08T00:00:00Z,39.4515,42.836999999999996
2020-03-09T00:00:00Z,41.081500000000005,45.094
2020-03-10T00:00:00Z,40.4275,43.8955
2020-03-11T00:00:00Z,36.215,40.3465
2020-03-12T00:00:00Z,44.129999999999995,46.724000000000004
2020-03-13T00:00:00Z,39.735,44.1755
2020-03-14T00:00:00Z,38.5045,42.546
2020-03-15T00:00:00Z,38.166000000000004,41.3325
2020-03-16T00:00:00Z,38.0395,41.555
2020-03-17T00:00:00Z,35.890499999999996,39.634
2020-03-18T00:00:00Z,37.2235,41.0785
2020-03-19T00:00:00Z,39.9635,43.960499999999996
2020-03-20T00:00:00Z,39.2945,43.532000000000004
2020-03-21T00:00:00Z,37.034,41.541
2020-03-22T00:00:00Z,42.3755,45.485
2020-03-23T00:00:00Z,35.7625,40.0835
2020-03-24T00:00:00Z,36.39,40.3345
2020-03-25T00:00:00Z,37.9735,41.9205
2020-03-26T00:00:00Z,38.0145,42.741
2020-03-27T00:00:00Z,41.0865,45.527
2020-03-28T00:00:00Z,37.4825,42.262499999999996
2020-03-29T00:00:00Z,44.5165,47.6925
2020-03-30T00:00:00Z,35.173500000000004,39.172000000000004
2020-03-31T00:00:00Z,40.7635,43.1085
2020-04-01T00:00:00Z,40.163000000000004,42.635000000000005
2020-04-02T00:00:00Z,38.5385,42.936
2020-04-03T00:00:00Z,34.769999999999996,38.2235
2020-04-04T00:00:00Z,38.5985,41.9555
2020-04-05T00:00:00Z,42.0805,44.094500000000004
2020-04-06T00:00:00Z,41.635,43.855
2020-04-07T00:00:00Z,38.3695,41.5365
2020-04-08T00:00:00Z,38.702999999999996,41.78
2020-04-09T00:00:00Z,46.0835,47.982499999999995
2020-05-19T00:00:00Z,39.214999999999996,41.4695
2020-05-20T00:00:00Z,40.7355,43.0045
2020-05-21T00:00:00Z,36.323,39.562999999999995
2020-05-22T00:00:00Z,37.2505,39.907999999999994
2020-05-23T00:00:00Z,46.7215,48.5405
2020-05-24T00:00:00Z,39.322500000000005,42.092
2020-05-25T00:00:00Z,38.601,41.4665
2020-05-26T00:00:00Z,38.6155,40.9925
2020-05-27T00:00:00Z,40.0785,41.995
2020-05-28T00:00:00Z,37.6135,39.672999999999995
2020-05-29T00:00:00Z,41.37,42.8385
2020-05-30T00:00:00Z,33.6955,36.98
2020-05-31T00:00:00Z,35.4845,38.372
2020-06-01T00:00:00Z,32.152,35.0195
2020-06-02T00:00:00Z,39.317,41.2375
2020-06-03T00:00:00Z,40.651500000000006,42.397999999999996
2020-06-04T00:00:00Z,42.610499999999995,44.01649999999999
2020-06-05T00:00:00Z,44.492,45.7465
2020-06-06T00:00:00Z,44.177,45.318999999999996
2020-06-07T00:00:00Z,43.29900000000001,45.263
2020-06-08T00:00:00Z,50.2165,51.462
2020-06-09T00:00:00Z,40.904,43.478
2020-06-10T00:00:00Z,41.817499999999995,43.275499999999994
2020-06-11T00:00:00Z,36.6965,39.36
2020-06-12T00:00:00Z,39.388000000000005,41.6335
2020-06-13T00:00:00Z,36.6575,38.931999999999995
2020-06-14T00:00:00Z,39.0075,41.2605
2020-06-15T00:00:00Z,38.2625,40.1425
2020-06-16T00:00:00Z,39.6245,41.2435
2020-06-17T00:00:00Z,43.818,45.361000000000004
2020-06-18T00:00:00Z,46.471999999999994,47.2395
2020-06-19T00:00:00Z,42.0195,43.323
2020-06-20T00:00:00Z,37.876,39.925999999999995
2020-06-21T00:00:00Z,37.033,39.383500000000005
2020-06-22T00:00:00Z,36.166999999999994,38.917
2020-06-23T00:00:00Z,37.6445,39.841
2020-06-24T00:00:00Z,38.041000000000004,40.2535
2020-06-25T00:00:00Z,35.525999999999996,38.6175
2020-06-26T00:00:00Z,38.535999999999994,40.705999999999996
2020-06-27T00:00:00Z,38.5665,40.954
2020-06-28T00:00:00Z,43.6175,46.2085
2020-06-29T00:00:00Z,50.999500000000005,51.673500000000004
2020-06-30T00:00:00Z,46.199,47.183
2020-07-01T00:00:00Z,43.7035,45.4395
2020-07-02T00:00:00Z,38.138,40.38549999999999
2020-07-03T00:00:00Z,41.5905,43.111000000000004
2020-07-04T00:00:00Z,43.139,44.1765
2020-07-05T00:00:00Z,51.449,52.721
2020-07-06T00:00:00Z,44.836999999999996,45.738
2020-07-07T00:00:00Z,41.803999999999995,42.7795
2020-07-08T00:00:00Z,47.6355,48.23350000000001
2020-07-09T00:00:00Z,43.8125,45.1905
2020-07-10T00:00:00Z,45.25,46.039500000000004
2020-07-11T00:00:00Z,42.782000000000004,43.848
2020-07-12T00:00:00Z,44.1085,45.028
2020-07-13T00:00:00Z,44.872,45.653
2020-07-14T00:00:00Z,42.964499999999994,43.778
2020-07-15T00:00:00Z,43.248999999999995,44.107
2020-07-16T00:00:00Z,46.539,47.335499999999996
2020-07-17T00:00:00Z,40.250499999999995,41.714999999999996
2020-07-18T00:00:00Z,39.3485,40.789
2020-07-19T00:00:00Z,44.997,45.774
2020-07-20T00:00:00Z,43.8175,44.9735
2020-07-21T00:00:00Z,56.1815,56.858999999999995
2020-07-22T00:00:00Z,51.711,52.1865
2020-07-23T00:00:00Z,45.216499999999996,46.3185
2020-07-24T00:00:00Z,43.802,44.9345
2020-07-25T00:00:00Z,46.857,47.9005
2020-07-26T00:00:00Z,46.5195,47.310500000000005
2020-07-27T00:00:00Z,45.7845,46.8145
2020-07-28T00:00:00Z,44.5535,45.4925
2020-07-29T00:00:00Z,43.824,45.0955
2020-07-30T00:00:00Z,41.9715,43.6785
2020-07-31T00:00:00Z,41.978,43.6105
2020-08-01T00:00:00Z,41.9985,43.209
2020-08-02T00:00:00Z,40.542,41.756499999999996
2020-08-03T00:00:00Z,47.968,49.03
2020-08-04T00:00:00Z,48.2855,48.841
2020-08-05T00:00:00Z,46.5895,47.6335
2020-08-06T00:00:00Z,44.587,46.0505
2020-08-07T00:00:00Z,43.342999999999996,44.4525
2020-08-08T00:00:00Z,39.961,41.42250000000001
2020-08-09T00:00:00Z,45.2455,46.5325
2020-08-10T00:00:00Z,43.9205,44.826
2020-08-11T00:00:00Z,42.799,44.243
2020-08-12T00:00:00Z,42.1115,43.448
2020-08-13T00:00:00Z,41.8875,43.478500000000004
2020-08-14T00:00:00Z,41.663999999999994,43.263999999999996
2020-08-15T00:00:00Z,46.9685,48.160000000000004
2020-08-16T00:00:00Z,46.516000000000005,47.487500000000004
2020-08-17T00:00:00Z,49.391999999999996,49.910000000000004
2020-08-18T00:00:00Z,68.077,68.7085
2020-08-19T00:00:00Z,50.647,51.3005
2020-08-20T00:00:00Z,50.373,51.0505
2020-08-21T00:00:00Z,69.2995,72.22149999999999
2020-08-22T00:00:00Z,75.9675,80.1985
2020-08-23T00:00:00Z,64.092,65.629
2020-08-24T00:00:00Z,55.3405,56.1125
2020-08-25T00:00:00Z,54.486,55.66
2020-08-26T00:00:00Z,55.207,55.9405
2020-08-27T00:00:00Z,53.7905,54.6205
2020-08-28T00:00:00Z,52.61,53.207
2020-08-29T00:00:00Z,49.3335,50.258
2020-08-30T00:00:00Z,53.52,54.632
2020-08-31T00:00:00Z,56.4315,57.543499999999995
2020-09-01T00:00:00Z,48.497,49.1485
2020-09-02T00:00:00Z,43.226499999999994,44.299
2020-09-03T00:00:00Z,48.4,48.709999999999994
2020-09-04T00:00:00Z,49.9305,50.270500000000006
2020-09-05T00:00:00Z,50.4825,50.882999999999996
2020-09-06T00:00:00Z,52.337999999999994,53.551
2020-09-07T00:00:00Z,102.644,107.3865
2020-09-08T00:00:00Z,66.319,67.5815
2020-09-09T00:00:00Z,58.340999999999994,58.8615
2020-09-10T00:00:00Z,55.3525,55.777499999999996
2020-09-11T00:00:00Z,57.1845,57.874
2020-09-12T00:00:00Z,58.0665,58.75
2020-09-13T00:00:00Z,56.223,57.28
2020-09-14T00:00:00Z,51.824999999999996,52.7605
2020-09-15T00:00:00Z,50.3675,50.9605
2020-09-16T00:00:00Z,52.7885,53.509499999999996
2020-09-17T00:00:00Z,57.0895,58.015499999999996
2020-09-18T00:00:00Z,56.897,57.669
2020-09-19T00:00:00Z,74.66499999999999,77.291
2020-09-20T00:00:00Z,83.2825,86.03399999999999
2020-09-21T00:00:00Z,70.8965,72.242
2020-09-22T00:00:00Z,61.5335,62.091499999999996
2020-09-23T00:00:00Z,65.521,66.0355
2020-09-24T00:00:00Z,71.675,72.80799999999999
2020-09-25T00:00:00Z,68.48599999999999,69.324
2020-09-26T00:00:00Z,73.2765,74.4725
2020-09-27T00:00:00Z,63.593,63.713
2020-09-28T00:00:00Z,62.925,63.0775
2020-09-29T00:00:00Z,63.927,64.089
2020-09-30T00:00:00Z,61.3195,61.5735
2020-10-01T00:00:00Z,63.9765,64.212
2020-10-02T00:00:00Z,66.063,66.513
2020-10-03T00:00:00Z,69.941,70.8095
2020-10-04T00:00:00Z,87.063,90.03
2020-10-05T00:00:00Z,85.1465,87.2495
2020-10-06T00:00:00Z,83.67399999999999,86.032
2020-10-07T00:00:00Z,93.06599999999999,97.5495
2020-10-08T00:00:00Z,80.5605,81.871
2020-10-09T00:00:00Z,60.9555,61.263999999999996
2020-10-10T00:00:00Z,65.0085,65.3045
2020-10-11T00:00:00Z,66.355,66.805
2020-10-12T00:00:00Z,26.246,26.359
2020-10-13T00:00:00Z,39.683,39.817499999999995
2020-10-14T00:00:00Z,61.4075,61.621500000000005
2020-10-15T00:00:00Z,51.802,51.9145
2020-10-16T00:00:00Z,30.329,30.430500000000002
2020-10-17T00:00:00Z,29.5945,29.7205
2020-10-18T00:00:00Z,59.340999999999994,60.396
2020-10-19T00:00:00Z,44.830999999999996,45.1965
2020-10-20T00:00:00Z,36.199000000000005,36.458999999999996
2020-10-21T00:00:00Z,41.204,41.4195
2020-10-22T00:00:00Z,49.069,49.2485
2020-10-23T00:00:00Z,16.072,16.261
2020-10-24T00:00:00Z,25.183,25.4255
2020-10-25T00:00:00Z,23.2255,23.398
2020-10-26T00:00:00Z,1.4895,1.5855
2020-10-27T00:00:00Z,5.307,5.6075
2020-10-28T00:00:00Z,24.2635,24.7805
2020-10-29T00:00:00Z,27.009,27.673000000000002
2020-10-30T00:00:00Z,24.102,24.455
2020-10-31T00:00:00Z,26.102,26.31
2020-11-01T00:00:00Z,26.076,26.389499999999998
2020-11-02T00:00:00Z,27.6665,27.986
2020-11-03T00:00:00Z,24.497,24.722
2020-11-04T00:00:00Z,42.5515,42.805
2020-11-05T00:00:00Z,37.108,37.438
2020-11-06T00:00:00Z,44.1275,44.400000000000006
2020-11-07T00:00:00Z,58.3765,58.519
2020-11-08T00:00:00Z,0.386,0.4325
2020-11-09T00:00:00Z,4.485,4.735
2020-11-10T00:00:00Z,2.6875,2.808
2020-11-11T00:00:00Z,2.325,2.432
2020-11-12T00:00:00Z,0.6505,0.6975
2020-11-13T00:00:00Z,1.1445,1.224
2020-11-14T00:00:00Z,0.1125,0.1345
2020-11-15T00:00:00Z,1.4225,1.513
2020-11-16T00:00:00Z,13.774999999999999,14.014999999999999
2020-11-17T00:00:00Z,17.6045,17.7905
2020-11-18T00:00:00Z,1.253,1.3739999999999999
2020-11-19T00:00:00Z,0.655,0.7145
2020-11-20T00:00:00Z,1.3465,1.4235
2020-11-21T00:00:00Z,5.592,5.8645
2020-11-22T00:00:00Z,5.344,5.6495
2020-11-23T00:00:00Z,11.882,12.54
2020-11-24T00:00:00Z,8.414,8.8515
2020-11-25T00:00:00Z,3.8285,4.0255
2020-11-26T00:00:00Z,1.983,2.0875
2020-11-27T00:00:00Z,2.0345,2.137
2020-11-28T00:00:00Z,4.507,4.72
2020-11-29T00:00:00Z,6.8725,7.2675
2020-11-30T00:00:00Z,7.9865,8.5415
2020-12-01T00:00:00Z,3.189,3.3975
2020-12-02T00:00:00Z,2.2185,2.3225
2020-12-03T00:00:00Z,1.334,1.421
2020-12-04T00:00:00Z,3.7695,3.932
2020-12-05T00:00:00Z,9.2595,9.6895
2020-12-06T00:00:00Z,14.613,15.448
2020-12-07T00:00:00Z,16.544,17.7325
2020-12-08T00:00:00Z,11.978,12.8935
2020-12-09T00:00:00Z,15.7885,17.3975
2020-12-10T00:00:00Z,20.3805,22.3625
2020-12-11T00:00:00Z,15.0055,16.0845
2020-12-12T00:00:00Z,8.302,8.8325
2020-12-13T00:00:00Z,3.0015,3.1675
2020-12-14T00:00:00Z,3.8375,4.064
2020-12-15T00:00:00Z,4.0205,4.239
2020-12-16T00:00:00Z,3.5105,3.741
2020-12-17T00:00:00Z,3.3425,3.5185
2020-12-18T00:00:00Z,4.3105,4.5695
2020-12-19T00:00:00Z,6.22,6.517
2020-12-20T00:00:00Z,4.7015,4.912
2020-12-21T00:00:00Z,6.696,6.926
2020-12-22T00:00:00Z,3.513,3.683
2020-12-23T00:00:00Z,0.1595,0.174
2020-12-24T00:00:00Z,1.6255,1.7405
2020-12-25T00:00:00Z,4.9765,5.2105
2020-12-26T00:00:00Z,5.4945,5.7595
2020-12-27T00:00:00Z,7.1235,7.4825
2020-12-28T00:00:00Z,3.426,3.603
2020-12-29T00:00:00Z,4.503,4.7585
2020-12-30T00:00:00Z,7.4095,7.8935
2020-12-31T00:00:00Z,9.4385,9.9885
2021-01-01T00:00:00Z,17.179,18.609
2021-01-02T00:00:00Z,6.844,7.391
2021-01-03T00:00:00Z,5.8115,6.204
2021-01-04T00:00:00Z,8.6965,9.1235
2021-01-05T00:00:00Z,2.762,2.926
2021-01-06T00:00:00Z,0.703,0.776
2021-01-07T00:00:00Z,3.5285,3.6825
2021-01-08T00:00:00Z,6.5855,6.9215
2021-01-09T00:00:00Z,15.1075,16.0435
2021-01-10T00:00:00Z,7.4215,7.8375
2021-01-11T00:00:00Z,10.0915,10.7725
2021-01-12T00:00:00Z,11.952,12.8405
2021-01-13T00:00:00Z,8.9465,9.5515
2021-01-14T00:00:00Z,1.525,1.665
2021-01-15T00:00:00Z,0.845,0.902
2021-01-16T00:00:00Z,6.776,7.028
2021-01-17T00:00:00Z,9.684,10.122
2021-01-18T00:00:00Z,7.5925,7.978
2021-01-19T00:00:00Z,0.042,0.059
2021-01-20T00:00:00Z,1.3725,1.4585
2021-01-21T00:00:00Z,3.169,3.3335
2021-01-22T00:00:00Z,3.2315,3.4
2021-01-23T00:00:00Z,0.9535,1.017
2021-01-24T00:00:00Z,4.3525,4.629
2021-01-25T00:00:00Z,5.893,6.327
2021-01-26T00:00:00Z,2.0735,2.2185
2021-01-27T00:00:00Z,0.941,1.0165
2021-01-28T00:00:00Z,0.4795,0.515
2021-01-29T00:00:00Z,0.136,0.158
2021-01-30T00:00:00Z,0.646,0.699
2021-01-31T00:00:00Z,1.805,1.8955
2021-02-01T00:00:00Z,2.372,2.492
2021-02-02T00:00:00Z,1.36,1.4495
2021-02-03T00:00:00Z,0.3375,0.3985
2021-02-04T00:00:00Z,0.347,0.395
2021-02-05T00:00:00Z,0.777,0.845
2021-02-06T00:00:00Z,0.9705,1.163
2021-02-07T00:00:00Z,0.8405,0.932
2021-02-08T00:00:00Z,0.0715,0.092
2021-02-09T00:00:00Z,0.737,0.8025
2021-02-10T00:00:00Z,4.5085,4.7095
2021-02-11T00:00:00Z,1.9505,2.054
2021-02-12T00:00:00Z,0.435,0.4765
2021-02-13T00:00:00Z,1.6335,1.7125
2021-02-14T00:00:00Z,1.0605,1.1415
2021-02-15T00:00:00Z,3.0775,3.2525
2021-02-16T00:00:00Z,2.53,2.7085
2021-02-17T00:00:00Z,0.555,0.6
2021-02-18T00:00:00Z,1.0885,1.144
2021-02-19T00:00:00Z,0.7305,0.788
2021-02-20T00:00:00Z,1.261,1.3345
2021-02-21T00:00:00Z,0.25,0.272
2021-02-22T00:00:00Z,1.2815,1.3595
2021-02-23T00:00:00Z,1.215,1.298
2021-02-24T00:00:00Z,0.6555,0.71
2021-02-25T00:00:00Z,0.236,0.262
2021-02-26T00:00:00Z,0.6475,0.7115
2021-02-27T00:00:00Z,0.0215,0.0335
2021-02-28T00:00:00Z,1.254,1.331
2021-03-01T00:00:00Z,2.828,2.955
2021-03-02T00:00:00Z,2.1435,2.261
2021-03-03T00:00:00Z,2.2505,2.372
2021-03-04T00:00:00Z,0.226,0.2565
2021-03-05T00:00:00Z,4.1905,4.384
2021-03-06T00:00:00Z,2.233,2.373
2021-03-07T00:00:00Z,1.45,1.604
2021-03-08T00:00:00Z,0.8945,0.964
2021-03-09T00:00:00Z,0.7065,0.811
2021-03-10T00:00:00Z,0.917,1.0235
2021-03-11T00:00:00Z,0.473,0.529
2021-03-12T00:00:00Z,1.7195,1.837
2021-03-13T00:00:00Z,0.7125,0.7695
2021-03-14T00:00:00Z,3.4835,3.665
2021-03-15T00:00:00Z,1.3635,1.462
2021-03-16T00:00:00Z,2.7445,2.8875
2021-03-17T00:00:00Z,3.162,3.318
2021-03-18T00:00:00Z,2.115,2.2215
2021-03-19T00:00:00Z,1.346,1.4275
2021-03-20T00:00:00Z,0.2565,0.2895
2021-03-21T00:00:00Z,0.7605,0.821
2021-03-22T00:00:00Z,0.9795,1.0265
2021-03-23T00:00:00Z,3.148,3.3065
2021-03-24T00:00:00Z,0.796,0.837
2021-03-25T00:00:00Z,0.584,0.6425
2021-03-26T00:00:00Z,2.2615,2.386
2021-03-27T00:00:00Z,1.7,1.7715
2021-03-28T00:00:00Z,1.366,1.4525
2021-03-29T00:00:00Z,0.5935,0.675
2021-03-30T00:00:00Z,0.2885,0.332
2021-03-31T00:00:00Z,0.916,0.982
2021-04-01T00:00:00Z,3.23,3.3695
2021-04-02T00:00:00Z,6.470000000000001,6.634
2021-04-03T00:00:00Z,10.343,10.7815
2021-04-04T00:00:00Z,11.548,12.166
2021-04-05T00:00:00Z,1.1455,1.2255
2021-04-06T00:00:00Z,0.559,0.631
2021-04-07T00:00:00Z,0.5145,0.554
2021-04-08T00:00:00Z,0.709,0.7695
2021-04-09T00:00:00Z,0.526,0.5725
2021-04-10T00:00:00Z,0.9005,0.967
2021-04-11T00:00:00Z,0.823,0.8925
2021-04-12T00:00:00Z,1.118,1.2065
2021-04-13T00:00:00Z,0.822,0.8875
2021-04-14T00:00:00Z,0.549,0.6
2021-04-15T00:00:00Z,2.327,2.4665
2021-04-16T00:00:00Z,2.498,2.652
2021-04-19T00:00:00Z,1.1075,1.1955
2021-04-20T00:00:00Z,0.677,0.7265
2021-04-21T00:00:00Z,0.8464999999999999,0.9059999999999999
2021-04-22T00:00:00Z,1.232,1.296
2021-04-23T00:00:00Z,1.9415,2.043
2021-04-24T00:00:00Z,1.5705,1.667
2021-04-25T00:00:00Z,0.9145,0.9915
2021-04-26T00:00:00Z,0.5595,0.615
2021-04-27T00:00:00Z,2.507,2.6385
2021-04-28T00:00:00Z,2.937,3.0295
2021-04-29T00:00:00Z,2.517,2.6265
2021-04-30T00:00:00Z,14.7865,15.02
2021-05-01T00:00:00Z,13.3315,13.8375
2021-05-02T00:00:00Z,1.125,1.213
2021-05-03T00:00:00Z,1.023,1.0565
2021-05-04T00:00:00Z,0.644,0.6795
2021-05-05T00:00:00Z,0.77,0.833
2021-05-06T00:00:00Z,11.218499999999999,11.585
2021-05-07T00:00:00Z,10.674999999999999,11.0495
2021-05-08T00:00:00Z,0.509,0.5715
2021-05-09T00:00:00Z,0.2905,0.3255
2021-05-10T00:00:00Z,0.343,0.3735
2021-05-11T00:00:00Z,0.7255,0.763
2021-05-12T00:00:00Z,0.559,0.602
2021-05-13T00:00:00Z,0.6945,0.741
2021-05-14T00:00:00Z,0.9925,1.054
2021-05-15T00:00:00Z,1.6285,1.789
2021-05-16T00:00:00Z,1.673,1.752
2021-05-17T00:00:00Z,0.988,1.0475
2021-05-18T00:00:00Z,0.893,0.9425
2021-05-19T00:00:00Z,1.6465,1.72
2021-05-20T00:00:00Z,0.666,0.7255
2021-05-21T00:00:00Z,0.6435,0.715
2021-05-22T00:00:00Z,0.7945,0.901
2021-05-23T00:00:00Z,0.291,0.332
2021-05-24T00:00:00Z,0.269,0.288
2021-05-25T00:00:00Z,0.6545,0.6865
2021-05-26T00:00:00Z,0.754,0.793
2021-05-27T00:00:00Z,0.15,0.174
2021-05-28T00:00:00Z,0.687,0.729
2021-05-29T00:00:00Z,0.876,0.924
2021-05-30T00:00:00Z,1.0565,1.1195
2021-05-31T00:00:00Z,0.6625,0.6915
2021-06-01T00:00:00Z,0.9885,1.0285
2021-06-02T00:00:00Z,1.178,1.2225
2021-06-03T00:00:00Z,1.9925,2.033
2021-06-04T00:00:00Z,1.8625,1.9075
2021-06-05T00:00:00Z,1.3135,1.365
2021-06-06T00:00:00Z,1.339,1.4445
2021-06-07T00:00:00Z,1.586,1.657
2021-06-08T00:00:00Z,3.561,3.7465
2021-06-09T00:00:00Z,41.0545,42.3215
2021-07-20T00:00:00Z,20.700499999999998,23.392
2021-07-21T00:00:00Z,5.947,7.183
2021-07-22T00:00:00Z,1.198,1.318
2021-07-23T00:00:00Z,8.028,9.3935
2021-07-24T00:00:00Z,22.4545,26.056
2021-07-25T00:00:00Z,25.8925,29.1735
2021-07-26T00:00:00Z,23.576999999999998,27.289
2021-07-27T00:00:00Z,3.2314999999999996,3.4585
2021-07-28T00:00:00Z,7.195,8.344000000000001
2021-07-29T00:00:00Z,0.5915,0.675
2021-07-30T00:00:00Z,3.117,3.4635
2021-07-31T00:00:00Z,17.025,19.131
2021-08-01T00:00:00Z,0.487,0.5535
2021-08-02T00:00:00Z,70.1305,79.55850000000001
2021-08-03T00:00:00Z,79.115,90.79249999999999
2021-08-10T00:00:00Z,31.283,35.612
2021-08-11T00:00:00Z,30.6435,34.82
2021-08-12T00:00:00Z,12.811499999999999,13.521
2021-08-13T00:00:00Z,15.104,15.836
2021-08-14T00:00:00Z,13.046,13.627500000000001
2021-08-15T00:00:00Z,44.619,51.0035
2021-08-16T00:00:00Z,72.626,81.17150000000001
2021-08-17T00:00:00Z,45.688,56.1335
2021-08-18T00:00:00Z,44.613,52
2021-08-19T00:00:00Z,92.1195,106.8415
2021-08-20T00:00:00Z,33.923500000000004,38.5305
2021-08-21T00:00:00Z,26.2555,29.8305
2021-08-22T00:00:00Z,16.698999999999998,17.8885
2021-08-23T00:00:00Z,14.139,14.940999999999999
2021-10-15T00:00:00Z,1.47,1.6075
2021-10-16T00:00:00Z,8.0585,8.6385
2021-10-17T00:00:00Z,12.7935,13.934000000000001
2021-10-18T00:00:00Z,1.9985,2.24
2021-10-19T00:00:00Z,1.2469999999999999,1.4285
2021-10-20T00:00:00Z,5.5335,5.9559999999999995
2021-10-21T00:00:00Z,6.6465,7.1775
2021-10-22T00:00:00Z,8.317,8.969999999999999
2021-10-23T00:00:00Z,1.2309999999999999,1.4505
2021-10-24T00:00:00Z,13.0595,14.1785
2021-10-25T00:00:00Z,0.599,0.8380000000000001
2021-10-26T00:00:00Z,0.7015,0.7865
2021-10-27T00:00:00Z,4.0575,4.326499999999999
2021-10-28T00:00:00Z,4.1295,4.4135
2021-10-29T00:00:00Z,5.4575,5.87
2021-10-30T00:00:00Z,11.742999999999999,12.521
2021-10-31T00:00:00Z,16.2225,17.502499999999998
2021-11-01T00:00:00Z,20.319499999999998,21.516
2021-11-02T00:00:00Z,12.163499999999999,12.867
2021-11-03T00:00:00Z,5.05,5.4125
2021-11-04T00:00:00Z,6.351,6.848
2021-11-05T00:00:00Z,12.251000000000001,13.1905
2021-11-06T00:00:00Z,5.271,5.7275
2021-11-07T00:00:00Z,1.5125000000000002,1.6835
2021-11-08T00:00:00Z,5.0405,5.42
2021-11-09T00:00:00Z,14.7795,16.2905
2021-11-10T00:00:00Z,3.3455,3.6895000000000002
2021-11-11T00:00:00Z,8.122,9.0275
2021-11-12T00:00:00Z,7.5815,8.266
2021-11-13T00:00:00Z,5.552,5.994
2021-11-14T00:00:00Z,7.955,8.5115
2021-11-15T00:00:00Z,4.4335,4.8735
2021-11-16T00:00:00Z,0.5685,0.7215
2021-11-17T00:00:00Z,0.758,0.9165000000000001
2021-11-18T00:00:00Z,7.4190000000000005,8.0545
2021-11-19T00:00:00Z,13.8245,14.8505
2021-11-20T00:00:00Z,22.032,24.085
2021-11-21T00:00:00Z,6.761,7.2535
2021-11-22T00:00:00Z,17.1115,18.4895
2021-11-23T00:00:00Z,31.7295,35.458999999999996
2021-11-24T00:00:00Z,3.2575,3.7365
2021-11-25T00:00:00Z,6.9544999999999995,7.607
2021-11-26T00:00:00Z,16.7505,18.2515
2021-11-27T00:00:00Z,26.358,29.1455
2021-11-28T00:00:00Z,33.443,38.3345
2021-11-29T00:00:00Z,32.559,36.7845
2021-11-30T00:00:00Z,37.43899999999999,42.9715
2021-12-01T00:00:00Z,28.7135,32.857
2021-12-02T00:00:00Z,27.58,31.0675
2021-12-03T00:00:00Z,35.337,40.799499999999995
2021-12-04T00:00:00Z,33.2145,39.124
2021-12-05T00:00:00Z,15.737499999999999,18.026
2021-12-06T00:00:00Z,5.429,6.093999999999999
2021-12-07T00:00:00Z,14.756,15.9695
2021-12-08T00:00:00Z,9.7895,10.831
2021-12-09T00:00:00Z,2.183,2.5345
2021-12-10T00:00:00Z,2.0395,2.4065000000000003
2021-12-11T00:00:00Z,1.3679999999999999,1.7145
2021-12-12T00:00:00Z,1.0795000000000001,1.341
2021-12-13T00:00:00Z,0.731,0.9259999999999999
2021-12-14T00:00:00Z,0.72,0.913
2021-12-15T00:00:00Z,0.653,0.8240000000000001
2021-12-16T00:00:00Z,0.542,0.7645000000000001
2021-12-17T00:00:00Z,9.966,10.9575
2021-12-18T00:00:00Z,4.9305,5.454000000000001
2021-12-19T00:00:00Z,26.709,29.396499999999996
2021-12-20T00:00:00Z,55.2455,66.59049999999999
2021-12-21T00:00:00Z,58.873000000000005,73.316
2021-12-22T00:00:00Z,65.58099999999999,83.3355
2021-12-23T00:00:00Z,27.4715,35.46
2021-12-24T00:00:00Z,0.09949999999999999,0.17650000000000002
2021-12-25T00:00:00Z,0.23249999999999998,0.309
2021-12-26T00:00:00Z,0.07050000000000001,0.1355
2021-12-27T00:00:00Z,0.1515,0.26
2021-12-28T00:00:00Z,0.6515,0.9065
2021-12-29T00:00:00Z,12.6345,13.704
2021-12-30T00:00:00Z,0.5495,0.7055
2021-12-31T00:00:00Z,2.1825,2.579
2022-01-01T00:00:00Z,1.3125,1.6455000000000002
2022-01-02T00:00:00Z,6.107,6.876
2022-01-03T00:00:00Z,19.3745,21.2225
2022-01-04T00:00:00Z,6.445,7.1865
2022-01-05T00:00:00Z,5.4595,6.1385
2022-01-06T00:00:00Z,13.664,14.8645
2022-01-07T00:00:00Z,1.2305000000000001,1.4304999999999999
2022-01-08T00:00:00Z,1.8384999999999998,2.156
2022-01-09T00:00:00Z,6.577,7.2965
2022-01-10T00:00:00Z,18.08,19.5245
2022-01-11T00:00:00Z,41.647999999999996,47.80200000000001
2022-01-12T00:00:00Z,40.79,48.417
2022-01-13T00:00:00Z,40.4415,47.738
2022-01-14T00:00:00Z,47.94,58.596000000000004
2022-01-15T00:00:00Z,35.8445,41.5025
2022-01-16T00:00:00Z,42.5745,51.221500000000006
2022-01-17T00:00:00Z,48.897999999999996,60.2655
2022-01-18T00:00:00Z,56.962999999999994,72.196
2022-01-19T00:00:00Z,59.138999999999996,76.217
2022-01-20T00:00:00Z,42.167500000000004,51.948
2022-01-21T00:00:00Z,21.6825,24.8465
2022-01-22T00:00:00Z,7.726,8.6995
2022-01-23T00:00:00Z,18.944,21.124499999999998
2022-01-24T00:00:00Z,30.423000000000002,34.2405
2022-01-25T00:00:00Z,21.701,24.788
2022-01-26T00:00:00Z,9.151,10.113
2022-01-27T00:00:00Z,15.1465,16.741
2022-01-28T00:00:00Z,18.4005,20.1825
2022-01-29T00:00:00Z,30.751,35.103
2022-01-30T00:00:00Z,46.325,55.635999999999996
2022-01-31T00:00:00Z,37.291,44.706500000000005
2022-02-01T00:00:00Z,1.3849999999999998,1.678
2022-02-02T00:00:00Z,1.7655,2.065
2022-02-03T00:00:00Z,6.4435,7.250500000000001
2022-02-04T00:00:00Z,16.718,18.1565
2022-02-05T00:00:00Z,21.3095,23.539
2022-02-06T00:00:00Z,18.916,21.639
2022-02-07T00:00:00Z,15.029,16.5215
2022-02-08T00:00:00Z,17.7735,19.6315
2022-02-09T00:00:00Z,23.502000000000002,26.4
2022-02-10T00:00:00Z,13.896,15.949000000000002
2022-02-11T00:00:00Z,14.787500000000001,16.558
2022-02-12T00:00:00Z,10.619,11.7135
2022-02-13T00:00:00Z,14.024000000000001,15.802
2022-02-14T00:00:00Z,12.625,14.039000000000001
2022-02-15T00:00:00Z,2.628,3.053
2022-02-16T00:00:00Z,3.9219999999999997,4.3055
2022-02-17T00:00:00Z,5.1055,5.5305
2022-02-18T00:00:00Z,9.061,9.8765
2022-02-19T00:00:00Z,6.5645,7.2125
2022-02-20T00:00:00Z,2.518,2.8895
2022-02-21T00:00:00Z,0.8260000000000001,1.029
2022-02-22T00:00:00Z,1.982,2.277
2022-02-23T00:00:00Z,2.871,3.4314999999999998
2022-02-24T00:00:00Z,7.8345,8.9525
2022-02-25T00:00:00Z,2.8465,3.3840000000000003
2022-02-26T00:00:00Z,6.817500000000001,7.601
2022-02-27T00:00:00Z,13.082,14.328500000000002
2022-02-28T00:00:00Z,20.1755,22.262
2022-03-01T00:00:00Z,19.0735,20.947499999999998
2022-03-02T00:00:00Z,20.14,22.536
2022-03-03T00:00:00Z,10.483,11.6265
2022-03-04T00:00:00Z,1.3855,1.6019999999999999
2022-03-05T00:00:00Z,1.8085,2.077
2022-03-06T00:00:00Z,1.3355,1.6155
2022-03-07T00:00:00Z,4.031000000000001,4.49
2022-03-08T00:00:00Z,4.506,5.0725
2022-03-09T00:00:00Z,4.202999999999999,4.6975
2022-03-10T00:00:00Z,1.343,1.6349999999999998
2022-03-11T00:00:00Z,2.0010000000000003,2.3555
2022-03-12T00:00:00Z,2.2595,2.56
2022-03-13T00:00:00Z,1.701,1.9385
2022-03-14T00:00:00Z,10.669,11.5455
2022-03-15T00:00:00Z,4.491,4.9055
2022-03-16T00:00:00Z,5.291,5.7364999999999995
2022-03-17T00:00:00Z,1.7815,2.0165
2022-03-18T00:00:00Z,4.5235,4.9655000000000005
2022-03-19T00:00:00Z,3.1185,3.5865
2022-03-20T00:00:00Z,1.263,1.5645000000000002
2022-03-21T00:00:00Z,2.058,2.3995
2022-03-22T00:00:00Z,4.0745000000000005,4.57
2022-03-23T00:00:00Z,4.5365,4.9595
2022-03-24T00:00:00Z,5.9375,6.6365
2022-03-25T00:00:00Z,2.549,2.93
2022-03-26T00:00:00Z,1.528,1.8445
2022-03-27T00:00:00Z,3.5795000000000003,3.9185
2022-03-28T00:00:00Z,0.45949999999999996,0.6995
2022-03-29T00:00:00Z,1.0465,1.4415
2022-03-30T00:00:00Z,1.912,2.1335
2022-03-31T00:00:00Z,2.7815000000000003,3.0854999999999997
2022-04-01T00:00:00Z,4.422499999999999,4.8325
2022-04-02T00:00:00Z,3.888,4.253
2022-04-03T00:00:00Z,2.1145,2.4325
2022-04-04T00:00:00Z,3.12,3.73
2022-04-05T00:00:00Z,0.569,0.847
2022-04-06T00:00:00Z,0.852,1.07
2022-04-07T00:00:00Z,3.979,4.399
2022-04-08T00:00:00Z,5.4079999999999995,5.991
2022-04-09T00:00:00Z,2.934,3.4269999999999996
2022-04-10T00:00:00Z,0.436,0.607
2022-04-11T00:00:00Z,1.2315,1.6270000000000002
2022-04-12T00:00:00Z,0.8505,1.0635
2022-04-13T00:00:00Z,0.387,0.541
2022-04-14T00:00:00Z,1.7345,2.0345
2022-04-15T00:00:00Z,0.968,1.145
2022-04-16T00:00:00Z,5.355499999999999,5.9395
2022-04-17T00:00:00Z,1.7515,2.0255
2022-04-18T00:00:00Z,5.5065,6.1185
2022-04-19T00:00:00Z,3.808,5.135
2022-04-20T00:00:00Z,1.3365,1.5765
2022-04-21T00:00:00Z,3.0625,4.0545
2022-04-22T00:00:00Z,2.461,3.308
2022-04-23T00:00:00Z,3.0004999999999997,3.223
2022-04-24T00:00:00Z,3.101,3.333
2022-04-25T00:00:00Z,1.5445,1.7345
2022-04-26T00:00:00Z,3.8305,4.2795
2022-04-27T00:00:00Z,7.2725,8.08
2022-04-28T00:00:00Z,5.6885,6.3915
2022-04-29T00:00:00Z,3.1470000000000002,3.7
2022-04-30T00:00:00Z,4.5055,4.968
2022-05-01T00:00:00Z,2.503,2.8085
2022-05-02T00:00:00Z,3.128,3.348
2022-05-03T00:00:00Z,0.663,0.8525
2022-05-04T00:00:00Z,3.542,3.7145
2022-05-05T00:00:00Z,8.967,9.505
2022-05-06T00:00:00Z,1.6355,2.162
2022-05-07T00:00:00Z,2.9825,4.2795
2022-05-08T00:00:00Z,1.6800000000000002,2.083
2022-05-09T00:00:00Z,0.6245,0.9515
2022-05-10T00:00:00Z,0.754,0.9855
2022-05-11T00:00:00Z,1.393,1.7160000000000002
2022-05-12T00:00:00Z,0.609,0.7685
2022-05-13T00:00:00Z,1.333,1.54
2022-05-14T00:00:00Z,2.965,3.2779999999999996
2022-05-15T00:00:00Z,2.4345,2.6630000000000003
2022-05-16T00:00:00Z,2.1985,2.4645
2022-05-17T00:00:00Z,0.7484999999999999,0.9259999999999999
2022-05-18T00:00:00Z,2.8005,3.1174999999999997
2022-05-19T00:00:00Z,2.4435000000000002,2.7664999999999997
2022-05-20T00:00:00Z,0.6715,0.8845000000000001
2022-05-21T00:00:00Z,1.5135,1.706
2022-05-22T00:00:00Z,3.465,3.735
2022-05-23T00:00:00Z,0.869,1.0425
2022-05-24T00:00:00Z,1.5354999999999999,1.7550000000000001
2022-05-25T00:00:00Z,3.4625,3.7920000000000003
2022-05-26T00:00:00Z,2.489,2.788
2022-05-27T00:00:00Z,2.64,3.028
2022-05-28T00:00:00Z,2.9455,3.348
2022-05-29T00:00:00Z,1.822,2.027
2022-05-30T00:00:00Z,0.23,0.309
2022-05-31T00:00:00Z,1.421,1.5695000000000001
2022-06-01T00:00:00Z,1.8820000000000001,2.0295
2022-06-02T00:00:00Z,2.9859999999999998,3.2365
2022-06-03T00:00:00Z,2.871,3.136
2022-06-04T00:00:00Z,2.6975,2.947
2022-06-05T00:00:00Z,1.8105,2.048
2022-06-06T00:00:00Z,0.788,0.9835
2022-06-07T00:00:00Z,2.3979999999999997,2.675
2022-06-08T00:00:00Z,2.709,2.9775
2022-06-09T00:00:00Z,3.824,4.156499999999999
2022-06-10T00:00:00Z,4.4825,4.908
2022-06-11T00:00:00Z,3.401,3.7325
2022-06-12T00:00:00Z,4.244,4.759499999999999
2022-06-13T00:00:00Z,1.5625,2.4085
2022-06-14T00:00:00Z,2.6109999999999998,2.884
2022-06-15T00:00:00Z,7.452999999999999,8.1095
2022-06-16T00:00:00Z,5.395,5.9295
2022-06-17T00:00:00Z,4.7585,5.526
2022-06-18T00:00:00Z,3.827,5.058999999999999
2022-06-19T00:00:00Z,2.887,4.080500000000001
2022-06-20T00:00:00Z,0.753,0.938
2022-06-21T00:00:00Z,1.041,1.1920000000000002
2022-06-22T00:00:00Z,2.274,2.5275
2022-06-23T00:00:00Z,4.1525,4.4375
2022-06-24T00:00:00Z,2.1870000000000003,2.8155
2022-06-25T00:00:00Z,1.0165,1.1695
2022-06-26T00:00:00Z,4.628500000000001,4.8865
2022-06-27T00:00:00Z,6.3525,6.675
2022-06-28T00:00:00Z,4.6455,4.922499999999999
2022-06-29T00:00:00Z,2.1025,2.419
2022-06-30T00:00:00Z,3.677,4.05
2022-07-01T00:00:00Z,2.1505,2.404
2022-07-02T00:00:00Z,1.33,1.496
2022-07-03T00:00:00Z,0.84,1.042
2022-07-04T00:00:00Z,1.3675000000000002,1.7080000000000002
2022-07-05T00:00:00Z,4.646,5.195
2022-07-06T00:00:00Z,1.0125,1.186
2022-07-07T00:00:00Z,0.8465,1.0385
2022-07-08T00:00:00Z,1.0230000000000001,1.229
2022-07-09T00:00:00Z,7.000500000000001,7.3125
2022-07-10T00:00:00Z,9.806999999999999,10.2265
2022-07-11T00:00:00Z,7.5405,7.94
2022-07-12T00:00:00Z,9.1765,9.5975
2022-07-13T00:00:00Z,5.6739999999999995,5.9685
2022-07-14T00:00:00Z,3.0365,3.298
2022-07-15T00:00:00Z,2.5025,2.926
2022-07-16T00:00:00Z,5.371,5.6025
2022-07-17T00:00:00Z,4.7905,5.0120000000000005
2022-07-18T00:00:00Z,3.3689999999999998,3.9635
2022-07-19T00:00:00Z,3.5585,4.000500000000001
2022-07-20T00:00:00Z,3.5305,3.9945
2022-07-21T00:00:00Z,3.9735,4.3345
2022-07-22T00:00:00Z,3.134,3.4505
2022-07-23T00:00:00Z,4.962,5.284
2022-07-24T00:00:00Z,6.2395,6.5805
2022-07-25T00:00:00Z,6.7835,7.156000000000001
2022-07-26T00:00:00Z,10.2265,10.737
2022-07-27T00:00:00Z,5.654999999999999,5.997
2022-07-28T00:00:00Z,6.9175,7.253500000000001
2022-07-29T00:00:00Z,5.522500000000001,5.7905
2022-07-30T00:00:00Z,6.1579999999999995,6.388
2022-07-31T00:00:00Z,7.0265,7.242
2022-08-01T00:00:00Z,4.9990000000000006,5.247999999999999
2022-08-02T00:00:00Z,3.989,4.2255
2022-08-03T00:00:00Z,14.3575,14.996500000000001
2022-08-04T00:00:00Z,10.876000000000001,11.471
2022-08-05T00:00:00Z,8.9875,9.4905
2022-08-06T00:00:00Z,5.341,5.653499999999999
2022-08-07T00:00:00Z,10.6435,11.2015
2022-08-08T00:00:00Z,8.9845,9.367999999999999
2022-08-09T00:00:00Z,7.336,7.7075
2022-08-10T00:00:00Z,4.6129999999999995,4.897
2022-08-11T00:00:00Z,1.773,2.0315
2022-08-12T00:00:00Z,3,3.2350000000000003
2022-08-13T00:00:00Z,3.68,3.9035
2022-08-14T00:00:00Z,1.9035,2.0395
2022-08-15T00:00:00Z,3.903,4.108
2022-08-16T00:00:00Z,4.2635,4.511
2022-08-17T00:00:00Z,4.388,4.663
2022-08-18T00:00:00Z,6.259,6.5695
2022-08-19T00:00:00Z,2.16,2.436
2022-08-20T00:00:00Z,4.666,4.946
2022-08-21T00:00:00Z,4.1545,4.358
2022-08-22T00:00:00Z,5.1295,5.377
2022-08-23T00:00:00Z,6.4415,6.766
2022-08-24T00:00:00Z,6.246,6.617
2022-08-25T00:00:00Z,3.8965,4.1485
2022-08-26T00:00:00Z,2.502,2.701
2022-08-27T00:00:00Z,2.48,2.664
2022-08-28T00:00:00Z,3.9939999999999998,4.2700000000000005
2022-08-29T00:00:00Z,9.9905,10.534500000000001
2022-08-30T00:00:00Z,7.458500000000001,7.888999999999999
2022-08-31T00:00:00Z,5.282,5.6625
2022-09-01T00:00:00Z,4.151,4.5120000000000005
2022-09-02T00:00:00Z,7.098,7.564
2022-09-03T00:00:00Z,6.135999999999999,6.4725
2022-09-04T00:00:00Z,5.9245,6.227
2022-09-05T00:00:00Z,6.4945,6.8919999999999995
2022-09-06T00:00:00Z,7.2595,7.720000000000001
2022-09-07T00:00:00Z,6.8165,7.242
2022-09-08T00:00:00Z,9.015,9.528500000000001
2022-09-09T00:00:00Z,30.968,35.836
2022-09-10T00:00:00Z,55.025499999999994,66.5425
2022-09-11T00:00:00Z,44.2415,53.3645
2022-09-12T00:00:00Z,36.8885,42.691
2022-09-13T00:00:00Z,8.472999999999999,9.280000000000001
2022-09-14T00:00:00Z,3.6625,3.8825
2022-09-15T00:00:00Z,4.346,4.6765
2022-09-16T00:00:00Z,2.7445000000000004,3.0309999999999997
2022-09-17T00:00:00Z,12.8555,13.556999999999999
2022-09-18T00:00:00Z,10.1365,10.7735
2022-09-19T00:00:00Z,0.49850000000000005,0.6705
2022-09-20T00:00:00Z,1.603,1.861
2022-09-21T00:00:00Z,2.4555,2.683
2022-09-22T00:00:00Z,2.0705,2.273
2022-09-23T00:00:00Z,3.2015000000000002,3.4779999999999998
2022-09-24T00:00:00Z,6.497,6.914
2022-09-25T00:00:00Z,5.6225000000000005,6.023
2022-09-26T00:00:00Z,6.0280000000000005,6.523
2022-09-27T00:00:00Z,3.755,4.1080000000000005
2022-09-28T00:00:00Z,3.376,3.6574999999999998
2022-09-29T00:00:00Z,3.7889999999999997,4.055
2022-09-30T00:00:00Z,3.598,3.8529999999999998
2022-10-01T00:00:00Z,4.1035,4.35
2022-10-02T00:00:00Z,6.8665,7.227
2022-10-03T00:00:00Z,5.149,5.4864999999999995
2022-10-04T00:00:00Z,4.753500000000001,5.105499999999999
2022-10-05T00:00:00Z,5.548,5.939
2022-10-06T00:00:00Z,5.169499999999999,5.5809999999999995
2022-10-07T00:00:00Z,4.63,5.033
2022-10-08T00:00:00Z,6.194,6.632
2022-10-09T00:00:00Z,7.233499999999999,7.694
2022-10-10T00:00:00Z,6.3735,6.8765
2022-10-11T00:00:00Z,9.9395,10.6525
2022-10-12T00:00:00Z,9.982,10.826
2022-10-13T00:00:00Z,8.977,9.71
2022-10-14T00:00:00Z,7.5075,8.068999999999999
2022-10-15T00:00:00Z,8.0095,8.7135
2022-10-16T00:00:00Z,8.076,8.655000000000001
2022-10-17T00:00:00Z,4.083,4.506
2022-10-18T00:00:00Z,3.8899999999999997,4.361
2022-10-19T00:00:00Z,4.992000000000001,5.509
2022-10-20T00:00:00Z,6.1065000000000005,6.695
2022-10-21T00:00:00Z,4.143000000000001,4.625
2022-10-22T00:00:00Z,1.8855,2.2800000000000002
2022-10-23T00:00:00Z,2.0475,2.2505
2022-10-24T00:00:00Z,5.832,6.241
2022-10-25T00:00:00Z,4.449,4.757
2022-10-26T00:00:00Z,6.723,7.2235000000000005
2022-10-27T00:00:00Z,4.307,4.6925
2022-10-28T00:00:00Z,11.415500000000002,12.244
2022-10-29T00:00:00Z,21.429499999999997,23.421
2022-10-30T00:00:00Z,22.286,24.9185
2022-10-31T00:00:00Z,10.9545,12.151
2022-11-01T00:00:00Z,5.5355,6.0945
2022-11-02T00:00:00Z,1.3215,1.5625
2022-11-03T00:00:00Z,7.7925,8.704
2022-11-04T00:00:00Z,5.461,5.9295
2022-11-05T00:00:00Z,0.625,0.7484999999999999
2022-11-06T00:00:00Z,0.3355,0.439
2022-11-07T00:00:00Z,0.9355,1.0925
2022-11-08T00:00:00Z,1.838,2.113
2022-11-09T00:00:00Z,6.2805,6.944500000000001
2022-11-10T00:00:00Z,1.344,1.54
2022-11-11T00:00:00Z,4.476,4.89
2022-11-12T00:00:00Z,16.968,18.294
2022-11-13T00:00:00Z,25.863,28.704
2022-11-14T00:00:00Z,9.695,10.7145
2022-11-15T00:00:00Z,11.2375,12.533000000000001
2022-11-16T00:00:00Z,9.845,10.93
2022-11-17T00:00:00Z,14.2135,15.9905
2022-11-18T00:00:00Z,16.0915,18.1605
2022-11-19T00:00:00Z,12.9465,14.514
2022-11-20T00:00:00Z,26.852,30.1205
2022-11-21T00:00:00Z,38.318,44.9685
2022-11-22T00:00:00Z,36.7425,43.4585
2022-11-23T00:00:00Z,38.1485,46.5145
2022-11-24T00:00:00Z,12.870999999999999,14.5485
2022-11-25T00:00:00Z,15.686,17.2495
2022-11-26T00:00:00Z,24.4725,27.3505
2022-11-27T00:00:00Z,19.64,22.261
2022-11-28T00:00:00Z,1.0335,1.247
2022-11-29T00:00:00Z,3.5124999999999997,4.0344999999999995
2022-11-30T00:00:00Z,1.734,2.1195
2022-12-01T00:00:00Z,0.6945,0.9289999999999999
2022-12-02T00:00:00Z,1.008,1.4355
2022-12-03T00:00:00Z,10.788,11.8245
2022-12-04T00:00:00Z,28.493499999999997,30.87
2022-12-05T00:00:00Z,12.234,13.485999999999999
2022-12-06T00:00:00Z,17.0515,19.2155
2022-12-07T00:00:00Z,34.408500000000004,40.7445
2022-12-08T00:00:00Z,30.0625,36.5565
2022-12-09T00:00:00Z,10.771,12.3765
2022-12-10T00:00:00Z,6.9415000000000004,7.8405000000000005
2022-12-11T00:00:00Z,0.6965,0.8425
2022-12-12T00:00:00Z,2.294,2.621
2022-12-13T00:00:00Z,4.59,5.328
2022-12-14T00:00:00Z,4.595,5.1985
2022-12-15T00:00:00Z,11.086,12.150500000000001
2022-12-16T00:00:00Z,9.222000000000001,10.3525
2022-12-17T00:00:00Z,16.774,18.968
2022-12-18T00:00:00Z,26.0465,29.328
2022-12-19T00:00:00Z,41.934,48.6015
2022-12-20T00:00:00Z,31.747999999999998,36.658
2022-12-21T00:00:00Z,26.151,31.418999999999997
2022-12-22T00:00:00Z,1.5819999999999999,2.0205
2022-12-23T00:00:00Z,15.537,16.531
2022-12-24T00:00:00Z,50.354,58.3455
2022-12-25T00:00:00Z,68.22149999999999,84.907
2022-12-26T00:00:00Z,42.085,49.590999999999994
2022-12-27T00:00:00Z,11.072,12.476500000000001
2022-12-28T00:00:00Z,1.888,2.2295000000000003
2022-12-29T00:00:00Z,2.621,2.9425
2022-12-30T00:00:00Z,1.222,1.4325
2022-12-31T00:00:00Z,0.2955,0.423
2023-01-01T00:00:00Z,10.574,11.9505
2023-01-02T00:00:00Z,1.9195,2.171
2023-01-03T00:00:00Z,17.154,19.152
2023-01-04T00:00:00Z,19.585,22.2225
2023-01-05T00:00:00Z,3.727,4.1715
2023-01-06T00:00:00Z,3.4234999999999998,3.9485
2023-01-07T00:00:00Z,15.138,16.5715
2023-01-08T00:00:00Z,3.3065,3.6625
2023-01-09T00:00:00Z,1.6035,1.9129999999999998
2023-01-10T00:00:00Z,0.2525,0.363
2023-01-11T00:00:00Z,2.1825,2.5435
2023-01-12T00:00:00Z,3.5955000000000004,3.9775
2023-01-13T00:00:00Z,7.7875,8.5435
2023-01-14T00:00:00Z,4.2645,4.7455
2023-01-15T00:00:00Z,1.0470000000000002,1.2095
2023-01-16T00:00:00Z,4.872,5.5235
2023-01-17T00:00:00Z,14.681,16.5905
2023-01-18T00:00:00Z,3.558,3.937
2023-01-19T00:00:00Z,6.739,7.3635
2023-01-20T00:00:00Z,13.762,15.6075
2023-01-21T00:00:00Z,6.8995,7.735
2023-01-22T00:00:00Z,15.0915,17.015
2023-01-23T00:00:00Z,9.593499999999999,10.9455
2023-01-24T00:00:00Z,8.995,10.201
2023-01-25T00:00:00Z,25.206,28.744
2023-01-26T00:00:00Z,32.8445,38.6025
2023-01-27T00:00:00Z,10.1945,11.977
2023-01-28T00:00:00Z,2.5815,2.8949999999999996
2023-01-29T00:00:00Z,2.4705,2.8495
2023-01-30T00:00:00Z,2.274,2.8360000000000003
2023-01-31T00:00:00Z,9.517,10.4795
2023-02-01T00:00:00Z,37.4995,42.1195
2023-02-02T00:00:00Z,50.54,60.0895
2023-02-03T00:00:00Z,63.263,78.8485
2023-02-04T00:00:00Z,67.27250000000001,85.332
2023-02-05T00:00:00Z,52.8245,66.69
2023-02-06T00:00:00Z,18.192500000000003,20.8215
2023-02-07T00:00:00Z,12.014,12.999
2023-02-08T00:00:00Z,21.380499999999998,23.6425
2023-02-10T00:00:00Z,10.982,11.712
2023-02-11T00:00:00Z,40.988,47.0565
2023-02-12T00:00:00Z,46.3925,54.5265
2023-02-13T00:00:00Z,38.799,45.5685
2023-02-14T00:00:00Z,9.676,11.264
2023-02-15T00:00:00Z,0.5830000000000001,0.8069999999999999
2023-02-16T00:00:00Z,3.574,4.26
2023-02-17T00:00:00Z,7.929,8.704
2023-02-18T00:00:00Z,29.3205,32.413
2023-02-19T00:00:00Z,20.348,22.676
2023-02-20T00:00:00Z,6.638,7.3340000000000005
2023-02-21T00:00:00Z,3.5155,4.087
2023-02-22T00:00:00Z,1.3215,1.6325
2023-02-23T00:00:00Z,1.496,1.794
2023-02-24T00:00:00Z,0.4355,0.6135
2023-02-25T00:00:00Z,2.6955,3.0985
2023-02-26T00:00:00Z,18.331,20.372
2023-02-27T00:00:00Z,0.09100000000000001,0.1515
2023-02-28T00:00:00Z,0.129,0.2245
2023-03-01T00:00:00Z,1.98,2.3225
2023-03-02T00:00:00Z,2.581,2.8724999999999996
2023-03-03T00:00:00Z,4.668,5.0975
2023-03-04T00:00:00Z,4.538,5.2835
2023-03-05T00:00:00Z,1.062,1.3725
2023-03-06T00:00:00Z,1.8565,2.232
2023-03-07T00:00:00Z,7.6475,8.2375
2023-03-08T00:00:00Z,20.310499999999998,22.253999999999998
2023-03-09T00:00:00Z,3.6145000000000005,4.167
2023-03-10T00:00:00Z,1.146,1.357
2023-03-11T00:00:00Z,2.23,2.5245
2023-03-12T00:00:00Z,12.1445,13.0565
2023-03-13T00:00:00Z,13.554,14.896
2023-03-14T00:00:00Z,0.7245,0.8745
2023-03-16T00:00:00Z,1.918,2.171
2023-03-17T00:00:00Z,4.186,4.72
2023-03-18T00:00:00Z,6.736000000000001,7.492000000000001
2023-03-19T00:00:00Z,2.25,2.6215
2023-03-20T00:00:00Z,0.7384999999999999,0.8895000000000001
2023-03-21T00:00:00Z,7.481999999999999,8.514
2023-03-22T00:00:00Z,0.7295,0.9099999999999999
2023-03-23T00:00:00Z,0.7965,0.939
2023-03-24T00:00:00Z,2.465,2.798
2023-03-25T00:00:00Z,0.106,0.182
2023-03-26T00:00:00Z,0.6295,0.803
2023-03-27T00:00:00Z,1.2755,1.4645000000000001
2023-03-28T00:00:00Z,1.4620000000000002,1.7730000000000001
2023-03-29T00:00:00Z,0.6365,0.847
2023-03-30T00:00:00Z,1.1395,1.4015
2023-03-31T00:00:00Z,1.0270000000000001,1.165
2023-04-01T00:00:00Z,1.083,1.2705
2023-04-02T00:00:00Z,1.057,1.2469999999999999
2023-04-03T00:00:00Z,3.206,3.668
2023-04-04T00:00:00Z,1.1444999999999999,1.3635
2023-04-05T00:00:00Z,4.5915,5.137
2023-04-06T00:00:00Z,2.0295,2.2720000000000002
2023-04-07T00:00:00Z,5.596,6.0649999999999995
2023-04-08T00:00:00Z,9.095,9.7425
2023-04-09T00:00:00Z,5.998,6.4510000000000005
2023-04-10T00:00:00Z,4.1445,4.566
2023-04-11T00:00:00Z,2.1905,2.5695
2023-04-12T00:00:00Z,1.278,1.7115
2023-04-13T00:00:00Z,2.323,2.9444999999999997
2023-04-14T00:00:00Z,3.363,3.7489999999999997
2023-04-15T00:00:00Z,3.7234999999999996,4.1129999999999995
2023-04-16T00:00:00Z,5.0145,5.5735
2023-04-17T00:00:00Z,2.3325,2.731
2023-04-18T00:00:00Z,3.037,3.928
2023-04-19T00:00:00Z,1.0285,1.3050000000000002
2023-04-20T00:00:00Z,0.9904999999999999,1.2475
2023-04-21T00:00:00Z,1.1219999999999999,1.347
2023-04-22T00:00:00Z,4.465,4.88
2023-04-23T00:00:00Z,5.4115,5.824
2023-04-24T00:00:00Z,2.9405,3.2475
2023-04-25T00:00:00Z,1.536,1.754
2023-04-26T00:00:00Z,9.8445,10.426
2023-04-27T00:00:00Z,2.3255,2.5725
2023-04-28T00:00:00Z,1.2345,1.466
2023-04-29T00:00:00Z,3.447,3.8209999999999997
2023-04-30T00:00:00Z,3.5045,3.912
2023-05-01T00:00:00Z,2.1445,2.5015
2023-05-02T00:00:00Z,3.4215,3.8615000000000004
2023-05-03T00:00:00Z,2.949,3.367
2023-05-04T00:00:00Z,1.9595000000000002,2.311
2023-05-05T00:00:00Z,0.43000000000000005,0.6819999999999999
2023-05-06T00:00:00Z,0.238,0.3355
2023-05-07T00:00:00Z,1.6165,1.801
2023-05-08T00:00:00Z,3.9905,4.367
2023-05-09T00:00:00Z,4.1105,4.5335
2023-05-10T00:00:00Z,2.3095,2.607
2023-05-11T00:00:00Z,4.6625,5.172499999999999
2023-05-12T00:00:00Z,3.8665000000000003,4.298500000000001
2023-05-13T00:00:00Z,2.983,3.2199999999999998
2023-05-14T00:00:00Z,2.4379999999999997,2.641
2023-05-15T00:00:00Z,1.9649999999999999,2.186
2023-05-16T00:00:00Z,4.557,4.927
2023-05-17T00:00:00Z,4.2675,4.6125
2023-05-18T00:00:00Z,3.3745000000000003,3.7045000000000003
2023-05-19T00:00:00Z,7.792999999999999,8.342
2023-05-20T00:00:00Z,38.6755,46.074
2023-05-21T00:00:00Z,31.4675,35.5255
2023-05-22T00:00:00Z,16.966,18.1695
2023-05-23T00:00:00Z,4.2815,4.6985
2023-05-24T00:00:00Z,3.14,3.5105
2023-05-25T00:00:00Z,3.1799999999999997,3.5435
2023-05-26T00:00:00Z,2.7794999999999996,3.071
2023-05-27T00:00:00Z,3.258,3.5495
2023-05-28T00:00:00Z,6.1434999999999995,6.5295000000000005
2023-05-29T00:00:00Z,5.567,5.9075
2023-05-30T00:00:00Z,4.7695,5.1815
2023-05-31T00:00:00Z,3.5995,4.005
2023-06-01T00:00:00Z,2.399,2.7184999999999997
2023-06-02T00:00:00Z,2.112,2.402
2023-06-03T00:00:00Z,5.314,5.7010000000000005
2023-06-04T00:00:00Z,2.9905,3.2865
2023-06-05T00:00:00Z,3.759,4.054
2023-06-06T00:00:00Z,3.7335000000000003,4.0435
2023-06-07T00:00:00Z,2.0635,2.308
2023-06-08T00:00:00Z,2.7439999999999998,3.055
2023-06-09T00:00:00Z,2.4715,2.7495000000000003
2023-06-10T00:00:00Z,3.2795,3.5655
2023-06-11T00:00:00Z,2.782,2.9829999999999997
2023-06-12T00:00:00Z,1.8425,2.1055
2023-06-13T00:00:00Z,1.7149999999999999,1.943
2023-06-14T00:00:00Z,2.046,2.2359999999999998
2023-06-15T00:00:00Z,1.605,1.808
2023-06-16T00:00:00Z,2.9604999999999997,3.2670000000000003
2023-06-17T00:00:00Z,30.798000000000002,31.122500000000002
2023-06-18T00:00:00Z,5.039,5.3715
2023-06-19T00:00:00Z,3.6905,4.408
2023-06-20T00:00:00Z,2.7569999999999997,3.044
2023-06-21T00:00:00Z,1.9135,2.139
2023-06-22T00:00:00Z,2.8465,3.125
2023-06-23T00:00:00Z,3.8905000000000003,4.288
2023-06-24T00:00:00Z,5.154,5.6295
2023-06-25T00:00:00Z,5.4245,5.7775
2023-06-26T00:00:00Z,2.7009999999999996,2.9935
2023-06-27T00:00:00Z,3.9850000000000003,4.2825
2023-06-28T00:00:00Z,4.0175,4.33
2023-06-29T00:00:00Z,4.1915,4.484
2023-06-30T00:00:00Z,5.2765,5.564
2023-07-01T00:00:00Z,5.9345,6.253
2023-07-02T00:00:00Z,4.8155,5.17
2023-07-03T00:00:00Z,8.2945,8.7185
2023-07-04T00:00:00Z,5.5169999999999995,5.8245000000000005
2023-07-05T00:00:00Z,18.21,19.8415
2023-07-06T00:00:00Z,8.725,9.1585
2023-07-07T00:00:00Z,6.4719999999999995,6.7785
2023-07-08T00:00:00Z,6.5600000000000005,6.898
2023-07-09T00:00:00Z,6.984999999999999,7.3695
2023-07-10T00:00:00Z,2.492,2.7515
2023-07-11T00:00:00Z,2.596,2.8635
2023-07-12T00:00:00Z,3.4275,3.7385
2023-07-13T00:00:00Z,4.4305,4.7445
2023-07-14T00:00:00Z,4.182,4.4475
2023-07-15T00:00:00Z,3.742,4.016500000000001
2023-07-16T00:00:00Z,3.3505000000000003,3.5780000000000003
2023-07-17T00:00:00Z,4.3325,4.6005
2023-07-18T00:00:00Z,7.542,7.9835
2023-07-19T00:00:00Z,2.352,2.519
2023-07-20T00:00:00Z,4.272,4.5315
2023-07-21T00:00:00Z,5.6315,5.902
2023-07-22T00:00:00Z,5.1635,5.4135
2023-07-23T00:00:00Z,5.6535,5.9235
2023-07-24T00:00:00Z,3.3354999999999997,3.6295
2023-07-25T00:00:00Z,5.2010000000000005,5.7435
2023-07-26T00:00:00Z,2.5115,2.7525
2023-07-27T00:00:00Z,1.875,2.0860000000000003
2023-07-28T00:00:00Z,3.6295,3.9395
2023-07-29T00:00:00Z,3.8955,4.1365
2023-07-30T00:00:00Z,6.249499999999999,6.534
2023-07-31T00:00:00Z,8.847000000000001,9.224
2023-08-01T00:00:00Z,6.0760000000000005,6.3294999999999995
2023-08-02T00:00:00Z,5.0375,5.2895
2023-08-03T00:00:00Z,2.742,2.916
2023-08-04T00:00:00Z,3.151,3.3345000000000002
2023-08-05T00:00:00Z,3.6014999999999997,3.7910000000000004
2023-08-06T00:00:00Z,4.074,4.2955000000000005
2023-08-07T00:00:00Z,5.3100000000000005,5.608
2023-08-08T00:00:00Z,8.1845,8.6135
2023-08-09T00:00:00Z,10.73,11.274000000000001
2023-08-10T00:00:00Z,8.834,9.2805
2023-08-11T00:00:00Z,1.772,1.985
2023-08-12T00:00:00Z,1.8735,2.039
2023-08-13T00:00:00Z,2.8339999999999996,3.029
2023-08-14T00:00:00Z,4.521,4.79
2023-08-15T00:00:00Z,5.8025,6.121
2023-08-16T00:00:00Z,1.943,2.1
2023-08-17T00:00:00Z,3.152,3.3775
2023-08-18T00:00:00Z,2.061,2.249
2023-08-19T00:00:00Z,0.986,1.1005
2023-08-20T00:00:00Z,2.982,3.1870000000000003
2023-08-21T00:00:00Z,3.5685000000000002,3.7835
2023-08-22T00:00:00Z,0.9969999999999999,1.1804999999999999
2023-08-23T00:00:00Z,2.651,2.912
2023-08-24T00:00:00Z,5.4655000000000005,5.9239999999999995
2023-08-25T00:00:00Z,7.381,7.8375
2023-08-26T00:00:00Z,6.883,7.28
2023-08-27T00:00:00Z,4.8655,5.156000000000001
2023-08-28T00:00:00Z,4.095000000000001,4.4015
2023-08-29T00:00:00Z,2.6100000000000003,2.859
2023-08-30T00:00:00Z,27.475,33.451499999999996
2023-08-31T00:00:00Z,27.325499999999998,31.524499999999996
2023-09-01T00:00:00Z,1.199,1.4315
2023-09-02T00:00:00Z,1.4925000000000002,1.5870000000000002
2023-09-03T00:00:00Z,2.749,2.8805
2023-09-04T00:00:00Z,0.858,1.0310000000000001
2023-09-05T00:00:00Z,5.0245,5.2975
2023-09-06T00:00:00Z,3.2305,3.5015
2023-09-07T00:00:00Z,1.774,1.9695
2023-09-08T00:00:00Z,0.8240000000000001,0.974
2023-09-09T00:00:00Z,3.6085000000000003,3.865
2023-09-10T00:00:00Z,5.6370000000000005,5.8855
2023-09-11T00:00:00Z,5.3,5.619
2023-09-12T00:00:00Z,5.2435,5.5665
2023-09-13T00:00:00Z,3.8805,4.069
2023-09-14T00:00:00Z,5.781000000000001,6.147
2023-09-15T00:00:00Z,5.7585,6.170999999999999
2023-09-16T00:00:00Z,4.6145,4.926
2023-09-17T00:00:00Z,5.041,5.353999999999999
2023-09-18T00:00:00Z,3.1035,3.351
2023-09-19T00:00:00Z,2.039,2.2305
2023-09-20T00:00:00Z,2.1055,2.3955
2023-09-21T00:00:00Z,1.7525,1.996
2023-09-22T00:00:00Z,3.2785,3.5860000000000003
2023-09-23T00:00:00Z,8.4525,9.2165
2023-09-24T00:00:00Z,8.4925,9.099
2023-09-25T00:00:00Z,6.623,7.1025
2023-09-26T00:00:00Z,3.3305,3.633
2023-09-27T00:00:00Z,2.8385,3.099
2023-09-28T00:00:00Z,2.29,2.6
2023-09-29T00:00:00Z,3.9924999999999997,4.4065
2023-09-30T00:00:00Z,2.196,2.496
2023-10-01T00:00:00Z,0.6985,0.8515
2023-10-02T00:00:00Z,3.4204999999999997,3.6955
2023-10-03T00:00:00Z,4.7965,5.0634999999999994
2023-10-04T00:00:00Z,7.122,7.464
2023-10-05T00:00:00Z,4.993,5.2675
2023-10-06T00:00:00Z,8.444,8.886
2023-10-07T00:00:00Z,8.243500000000001,8.829
2023-10-08T00:00:00Z,8.715,9.127
2023-10-09T00:00:00Z,4.996,5.311999999999999
2023-10-10T00:00:00Z,2.904,3.181
2023-10-11T00:00:00Z,2.0165,2.2345
2023-10-12T00:00:00Z,0.9670000000000001,1.1095000000000002
2023-10-13T00:00:00Z,5.5794999999999995,5.95
2023-10-14T00:00:00Z,3.8040000000000003,4.103
2023-10-15T00:00:00Z,6.324,6.759
2023-10-16T00:00:00Z,6.512499999999999,6.962
2023-10-17T00:00:00Z,8.231,8.785499999999999
2023-10-18T00:00:00Z,6.496499999999999,6.9725
2023-10-19T00:00:00Z,4.3965,4.788500000000001
2023-10-20T00:00:00Z,5.4115,5.8555
2023-10-21T00:00:00Z,8.9435,9.5245
2023-10-22T00:00:00Z,7.846,8.283
2023-10-23T00:00:00Z,5.226,5.618499999999999
2023-10-24T00:00:00Z,10.9105,11.690999999999999
2023-10-25T00:00:00Z,6.266,6.806
2023-10-26T00:00:00Z,1.19,1.4024999999999999
2023-10-27T00:00:00Z,3.9610000000000003,4.347
2023-10-28T00:00:00Z,7.117,7.8134999999999994
2023-10-29T00:00:00Z,5.452500000000001,5.994999999999999
2023-10-30T00:00:00Z,9.396,10.346
2023-10-31T00:00:00Z,13.142,14.505
2023-11-01T00:00:00Z,25.414,28.6465
2023-11-02T00:00:00Z,16.912,19.024
2023-11-03T00:00:00Z,17.1275,19.0815
2023-11-04T00:00:00Z,7.8655,8.5215
2023-11-05T00:00:00Z,7.6175,8.2835
2023-11-06T00:00:00Z,5.754,6.3515
2023-11-07T00:00:00Z,1.3695,1.5975000000000001
2023-11-08T00:00:00Z,7.589,8.305
2023-11-09T00:00:00Z,8.207,8.8045
2023-11-10T00:00:00Z,13.119499999999999,14.304499999999999
2023-11-11T00:00:00Z,15.4555,17.174
2023-11-12T00:00:00Z,13.347999999999999,14.918
2023-11-13T00:00:00Z,7.9365000000000006,8.7055
2023-11-14T00:00:00Z,2.658,2.9764999999999997
2023-11-15T00:00:00Z,4.776,5.2325
2023-11-16T00:00:00Z,2.6285,2.8815
2023-11-17T00:00:00Z,15.134500000000001,16.292
2023-11-18T00:00:00Z,18.8855,20.457
2023-11-19T00:00:00Z,6.6370000000000005,7.2325
2023-11-20T00:00:00Z,0.738,0.927
2023-11-21T00:00:00Z,7.093500000000001,7.6585
2023-11-22T00:00:00Z,23.508000000000003,25.9305
2023-11-23T00:00:00Z,37.574,43.439
2023-11-24T00:00:00Z,15.172,17.258499999999998
2023-11-25T00:00:00Z,2.9025,3.258
2023-11-26T00:00:00Z,7.6005,8.241
2023-11-27T00:00:00Z,24.331,27.204
2023-11-28T00:00:00Z,35.413,42.7255
2023-11-29T00:00:00Z,45.129000000000005,56.6215
2023-11-30T00:00:00Z,45.998000000000005,59.025499999999994
2023-12-01T00:00:00Z,37.067,47.1875
2023-12-02T00:00:00Z,3.1595,3.613
2023-12-03T00:00:00Z,0.3885,0.5630000000000001
2023-12-04T00:00:00Z,5.9025,6.3865
2023-12-05T00:00:00Z,6.567,7.1165
2023-12-06T00:00:00Z,7.552,8.271
2023-12-07T00:00:00Z,0.5725,0.71
2023-12-08T00:00:00Z,1.788,2.0909999999999997
2023-12-09T00:00:00Z,3.105,3.5035
2023-12-10T00:00:00Z,6.043,6.7005
2023-12-11T00:00:00Z,14.5475,15.7445
2023-12-12T00:00:00Z,26.218,29.5295
2023-12-13T00:00:00Z,20.5825,23.6525
2023-12-14T00:00:00Z,13.8215,15.3645
2023-12-15T00:00:00Z,26.1645,30.28
2023-12-16T00:00:00Z,37.417,44.4735
2023-12-17T00:00:00Z,45.538,56.326
2023-12-18T00:00:00Z,46.5145,59.509
2023-12-19T00:00:00Z,38.8145,49.381
2023-12-20T00:00:00Z,23.774,28.5505
2023-12-21T00:00:00Z,22.697499999999998,26.5335
2023-12-22T00:00:00Z,18.699,21.514
2023-12-23T00:00:00Z,19.875500000000002,22.878999999999998
2023-12-24T00:00:00Z,1.2515,1.4385000000000001
2023-12-25T00:00:00Z,9.7685,10.773
2023-12-26T00:00:00Z,14.620000000000001,16.358
2023-12-27T00:00:00Z,25.2095,28.371
2023-12-28T00:00:00Z,38.4975,45.5565
2023-12-29T00:00:00Z,39.945,48.364999999999995
2023-12-30T00:00:00Z,45.679,56.32899999999999
