time_stamp,pm2.5_atm,pm10.0_atm
2020-01-01T00:00:00Z,19.339,24.4335
2020-01-02T00:00:00Z,3.0545,3.691
2020-01-03T00:00:00Z,3.9215,4.671
2020-01-04T00:00:00Z,6.5015,7.6405
2020-01-05T00:00:00Z,29.553,35.62
2020-01-06T00:00:00Z,12.5335,14.693
2020-01-07T00:00:00Z,4.5355,5.427
2020-01-08T00:00:00Z,7.2595,8.7815
2020-01-09T00:00:00Z,19.847,24.0165
2020-01-10T00:00:00Z,431.7585,432.309
2020-01-11T00:00:00Z,2.464,3.047
2020-01-12T00:00:00Z,6.5295,7.523
2020-01-13T00:00:00Z,2.428,2.98
2020-01-14T00:00:00Z,33.233,33.8
2020-01-15T00:00:00Z,4.894,6.127
2020-01-16T00:00:00Z,6.8765,8.118
2020-01-17T00:00:00Z,1.6135,1.991
2020-01-18T00:00:00Z,4.2375,5.193
2020-01-19T00:00:00Z,17.4775,20.0045
2020-01-20T00:00:00Z,45.443,56.128
2020-01-21T00:00:00Z,40.2155,51.0335
2020-01-22T00:00:00Z,18.03,21.2945
2020-01-23T00:00:00Z,15.418,18.1425
2020-01-24T00:00:00Z,19.7195,23.1895
2020-01-25T00:00:00Z,25.3675,32.269
2020-01-26T00:00:00Z,24.6645,31.981
2020-01-27T00:00:00Z,12.5075,16.011
2020-01-28T00:00:00Z,5.563,6.5415
2020-01-29T00:00:00Z,3.5645,4.24
2020-01-30T00:00:00Z,9.69,11.2035
2020-01-31T00:00:00Z,15.7145,18.7915
2020-02-01T00:00:00Z,15.3235,18.543
2020-02-02T00:00:00Z,6.463,7.8175
2020-02-03T00:00:00Z,2.27,3.061
2020-02-04T00:00:00Z,2.0095,2.676
2020-02-05T00:00:00Z,6.6165,7.912
2020-02-06T00:00:00Z,13.7945,16.3165
2020-02-07T00:00:00Z,10.881,12.9175
2020-02-08T00:00:00Z,6.6615,7.702
2020-02-09T00:00:00Z,1.6255,2.028
2020-02-10T00:00:00Z,5.8065,6.895
2020-02-11T00:00:00Z,13.204,15.123
2020-02-12T00:00:00Z,11.544,13.376
2020-02-13T00:00:00Z,12.2765,14.602
2020-02-14T00:00:00Z,4.127,5.3465
2020-02-15T00:00:00Z,7.906,9.1755
2020-02-16T00:00:00Z,11.757,13.488
2020-02-17T00:00:00Z,4.644,5.4465
2020-02-18T00:00:00Z,4.1535,5.134
2020-02-19T00:00:00Z,9.7975,11.675
2020-02-20T00:00:00Z,6.9505,8.4745
2020-02-21T00:00:00Z,20.3725,23.743
2020-02-22T00:00:00Z,34.733,41.4985
2020-02-23T00:00:00Z,19.3235,23.69
2020-02-24T00:00:00Z,3.0275,4.0225
2020-02-25T00:00:00Z,1.471,2.09
2020-02-26T00:00:00Z,4.1515,4.9425
2020-02-27T00:00:00Z,10.851,12.8855
2020-02-28T00:00:00Z,9.8255,11.8515
2020-02-29T00:00:00Z,2.969,3.62
2020-03-01T00:00:00Z,2.568,3.201
2020-03-02T00:00:00Z,2.83,3.367
2020-03-03T00:00:00Z,5.1685,6.0585
2020-03-04T00:00:00Z,9.3485,11.0425
2020-03-05T00:00:00Z,4.4205,5.366
2020-03-06T00:00:00Z,1.7705,2.2365
2020-03-07T00:00:00Z,1.3015,1.8115
2020-03-08T00:00:00Z,2.1375,2.949
2020-03-09T00:00:00Z,3.274,3.8255
2020-03-10T00:00:00Z,4.12,4.7675
2020-03-11T00:00:00Z,4.6315,5.4615
2020-03-12T00:00:00Z,4.385,5.203
2020-03-13T00:00:00Z,6.8095,8.22
2020-03-14T00:00:00Z,0.3275,0.445
2020-03-15T00:00:00Z,0.3425,0.503
2020-03-16T00:00:00Z,0.708,0.9505
2020-03-17T00:00:00Z,16.864,17.4745
2020-03-18T00:00:00Z,0.7095,0.952
2020-03-19T00:00:00Z,3.447,3.9025
2020-03-20T00:00:00Z,5.011,5.5885
2020-03-21T00:00:00Z,3.6865,4.215
2020-03-22T00:00:00Z,2.9325,3.389
2020-03-23T00:00:00Z,4.5365,5.038
2020-03-24T00:00:00Z,0.134,0.2415
2020-03-25T00:00:00Z,1.9905,2.495
2020-03-26T00:00:00Z,32.7245,33.26
2020-03-27T00:00:00Z,2.315,2.7515
2020-03-28T00:00:00Z,4.227,4.93
2020-03-29T00:00:00Z,6.296,7.289
2020-03-30T00:00:00Z,4.4095,5.001
2020-03-31T00:00:00Z,4.2485,4.5215
2020-04-01T00:00:00Z,0.8125,1.0945
2020-04-02T00:00:00Z,14.4845,14.81
2020-04-03T00:00:00Z,1.6005,1.9575
2020-04-04T00:00:00Z,114.9675,115.5725
2020-04-05T00:00:00Z,5.8565,6.6955
2020-04-06T00:00:00Z,1.829,2.372
2020-04-07T00:00:00Z,1.358,1.8185
2020-04-08T00:00:00Z,3.583,4.337
2020-04-09T00:00:00Z,3.8115,4.4945
2020-04-10T00:00:00Z,2.574,3.01
2020-04-11T00:00:00Z,188.551,189.093
2020-04-12T00:00:00Z,122.4685,122.786
2020-04-13T00:00:00Z,270.281,271.445
2020-04-14T00:00:00Z,48.975,49.8825
2020-04-15T00:00:00Z,609.628,610.047
2020-04-16T00:00:00Z,194.9735,195.4535
2020-04-17T00:00:00Z,4.1185,4.7155
2020-04-18T00:00:00Z,13.6335,15.314
2020-04-19T00:00:00Z,2.936,3.3875
2020-04-20T00:00:00Z,4.451,5.1775
2020-04-21T00:00:00Z,5.9375,6.7655
2020-04-22T00:00:00Z,63.45,64.163
2020-04-23T00:00:00Z,132.676,133.2465
2020-04-24T00:00:00Z,1.926,2.4705
2020-04-25T00:00:00Z,2.202,2.63
2020-04-26T00:00:00Z,2.2815,2.714
2020-04-27T00:00:00Z,2.4575,3.2315
2020-04-28T00:00:00Z,2.672,3.869
2020-04-29T00:00:00Z,2.4445,3.08
2020-04-30T00:00:00Z,1.901,2.6495
2020-05-01T00:00:00Z,3.126,3.973
2020-05-02T00:00:00Z,5.826,6.75
2020-05-03T00:00:00Z,4.053,4.599
2020-05-04T00:00:00Z,3.2375,4.0375
2020-05-05T00:00:00Z,3.4965,4.3455
2020-05-06T00:00:00Z,5.125,6.338
2020-05-07T00:00:00Z,24.504,26.037
2020-05-08T00:00:00Z,2.0685,2.759
2020-05-09T00:00:00Z,2.3565,2.8475
2020-05-10T00:00:00Z,5.101,5.854
2020-05-11T00:00:00Z,4.1135,4.8115
2020-05-12T00:00:00Z,23.0415,24.105
2020-05-13T00:00:00Z,3.265,4.1155
2020-05-14T00:00:00Z,2.0225,2.845
2020-05-15T00:00:00Z,4.365,5.868
2020-05-16T00:00:00Z,1.5875,1.921
2020-05-17T00:00:00Z,4.8875,5.5375
2020-05-18T00:00:00Z,5.063,5.7855
2020-05-19T00:00:00Z,191.0815,192.0775
2020-05-20T00:00:00Z,2.4395,2.9055
2020-05-21T00:00:00Z,0.9415,1.213
2020-05-22T00:00:00Z,2.89,3.557
2020-05-23T00:00:00Z,5.47,6.0145
2020-05-24T00:00:00Z,56.298,56.8015
2020-05-25T00:00:00Z,2.1285,2.377
2020-05-26T00:00:00Z,2.531,2.8965
2020-05-27T00:00:00Z,4.2145,4.916
2020-05-28T00:00:00Z,2.7225,3.2145
2020-05-29T00:00:00Z,3.0205,3.4575
2020-05-30T00:00:00Z,3.0225,3.364
2020-05-31T00:00:00Z,3.1795,3.79
2020-06-01T00:00:00Z,1.146,1.5235
2020-06-02T00:00:00Z,4.6325,5.5125
2020-06-03T00:00:00Z,5.776,6.645
2020-06-04T00:00:00Z,4.195,4.9815
2020-06-05T00:00:00Z,7.1555,8.2755
2020-06-06T00:00:00Z,2.4615,3.04
2020-06-07T00:00:00Z,4.705,5.435
2020-06-08T00:00:00Z,0.871,1.1385
2020-06-09T00:00:00Z,2.092,2.515
2020-06-10T00:00:00Z,1.2345,1.6825
2020-06-11T00:00:00Z,1.7105,2.1855
2020-06-12T00:00:00Z,2.8105,3.372
2020-06-13T00:00:00Z,3.427,3.955
2020-06-14T00:00:00Z,1.498,2.072
2020-06-15T00:00:00Z,2.437,3.046
2020-06-16T00:00:00Z,2.3535,3.5095
2020-06-17T00:00:00Z,1.022,1.3805
2020-06-18T00:00:00Z,2.3235,2.9785
2020-06-19T00:00:00Z,2.66,3.436
2020-06-20T00:00:00Z,3.154,3.5625
2020-06-21T00:00:00Z,2.9345,3.3345
2020-06-22T00:00:00Z,3.171,3.8015
2020-06-23T00:00:00Z,2.381,3.2455
2020-06-24T00:00:00Z,2.818,3.667
2020-06-25T00:00:00Z,4.1935,6.2815
2020-06-26T00:00:00Z,3.4095,4.267
2020-06-27T00:00:00Z,2.901,3.2705
2020-06-28T00:00:00Z,4.769,5.9675
2020-06-29T00:00:00Z,1.805,2.144
2020-06-30T00:00:00Z,2.5005,2.886
2020-07-01T00:00:00Z,4.381,5.055
2020-07-02T00:00:00Z,2.827,3.354
2020-07-03T00:00:00Z,3.732,4.276
2020-07-04T00:00:00Z,2.254,2.717
2020-07-05T00:00:00Z,40.69,45.6775
2020-07-06T00:00:00Z,8.2235,9.429
2020-07-07T00:00:00Z,3.145,4.1855
2020-07-08T00:00:00Z,5.8515,7.181
2020-07-09T00:00:00Z,6.2705,7.3305
2020-07-10T00:00:00Z,5.1725,6.1905
2020-07-11T00:00:00Z,5.087,5.9155
2020-07-12T00:00:00Z,4.8865,5.4425
2020-07-13T00:00:00Z,4.295,5.375
2020-07-14T00:00:00Z,4.0535,6.0255
2020-07-15T00:00:00Z,4.4115,5.836
2020-07-16T00:00:00Z,5.2995,6.6605
2020-07-17T00:00:00Z,4.894,5.9065
2020-07-18T00:00:00Z,2.598,3.2315
2020-07-19T00:00:00Z,5.2295,5.8225
2020-07-20T00:00:00Z,6.455,7.396
2020-07-21T00:00:00Z,14.9795,16.3135
2020-07-22T00:00:00Z,8.8185,9.541
2020-07-23T00:00:00Z,4.575,5.013
2020-07-24T00:00:00Z,2.379,2.7975
2020-07-25T00:00:00Z,12.5495,15.2925
2020-07-26T00:00:00Z,5.026,5.6515
2020-07-27T00:00:00Z,5.883,6.701
2020-07-28T00:00:00Z,3.066,3.7545
2020-07-29T00:00:00Z,4.199,5.127
2020-07-30T00:00:00Z,7.609,8.5555
2020-07-31T00:00:00Z,6.87,8.1835
2020-08-01T00:00:00Z,7.0165,7.803
2020-08-02T00:00:00Z,3.7345,4.145
2020-08-03T00:00:00Z,11.619,12.807
2020-08-04T00:00:00Z,11.9925,13.7705
2020-08-05T00:00:00Z,10.161,11.326
2020-08-06T00:00:00Z,5.7185,6.443
2020-08-07T00:00:00Z,2.3975,2.8865
2020-08-08T00:00:00Z,3.8855,4.438
2020-08-09T00:00:00Z,6.5085,7.3735
2020-08-10T00:00:00Z,5.9815,6.999
2020-08-11T00:00:00Z,4.316,5.192
2020-08-12T00:00:00Z,4.0925,5.328
2020-08-13T00:00:00Z,4.6435,6.1255
2020-08-14T00:00:00Z,5.0515,6.473
2020-08-15T00:00:00Z,7.212,8.1885
2020-08-16T00:00:00Z,5.8515,6.589
2020-08-17T00:00:00Z,7.688,8.7645
2020-08-18T00:00:00Z,8.668,9.934
2020-08-19T00:00:00Z,12.466,13.858
2020-08-20T00:00:00Z,12.6605,14.0515
2020-08-21T00:00:00Z,43.3725,52.106
2020-08-22T00:00:00Z,56.187,66.5765
2020-08-23T00:00:00Z,34.21,41.571
2020-08-24T00:00:00Z,18.2925,19.855
2020-08-25T00:00:00Z,16.295,19.427
2020-08-26T00:00:00Z,13.369,15.293
2020-08-27T00:00:00Z,15.1305,16.889
2020-08-28T00:00:00Z,14.6135,16.422
2020-08-29T00:00:00Z,14.3265,15.947
2020-08-30T00:00:00Z,18.937,21.3295
2020-08-31T00:00:00Z,10.4015,11.833
2020-09-01T00:00:00Z,4.782,6.021
2020-09-02T00:00:00Z,3.286,3.855
2020-09-03T00:00:00Z,2.925,3.5875
2020-09-04T00:00:00Z,5.2945,6.007
2020-09-05T00:00:00Z,7.67,8.4115
2020-09-06T00:00:00Z,15.501,18.293
2020-09-07T00:00:00Z,61.8125,72.468
2020-09-08T00:00:00Z,9.015,13.0285
2020-09-09T00:00:00Z,1.5745,1.972
2020-09-10T00:00:00Z,5.227,6.799
2020-09-11T00:00:00Z,10.9825,13.0535
2020-09-12T00:00:00Z,14.306,16.385
2020-09-13T00:00:00Z,27.2255,33.352
2020-09-14T00:00:00Z,11.7905,13.5015
2020-09-15T00:00:00Z,7.338,8.554
2020-09-16T00:00:00Z,9.0775,10.5635
2020-09-17T00:00:00Z,15.015,17.0005
2020-09-18T00:00:00Z,17.721,20.034
2020-09-19T00:00:00Z,29.7635,36.2795
2020-09-20T00:00:00Z,25.6555,29.714
2020-09-21T00:00:00Z,35.654,43.843
2020-09-22T00:00:00Z,19.5995,23.5095
2020-09-23T00:00:00Z,16.354,18.284
2020-09-24T00:00:00Z,27.009,31.456
2020-09-25T00:00:00Z,31.9115,38.042
2020-09-26T00:00:00Z,23.453,27.729
2020-09-27T00:00:00Z,2.6175,3.0975
2020-09-28T00:00:00Z,2.2075,2.7525
2020-09-29T00:00:00Z,3.191,3.982
2020-09-30T00:00:00Z,5.3185,6.3835
2020-10-01T00:00:00Z,4.326,5.315
2020-10-02T00:00:00Z,6.5785,8.064
2020-10-03T00:00:00Z,14.836,17.6685
2020-10-04T00:00:00Z,38.2505,49.383
2020-10-05T00:00:00Z,37.7615,48.414
2020-10-06T00:00:00Z,37.189,47.3715
2020-10-07T00:00:00Z,45.4235,59.9805
2020-10-08T00:00:00Z,41.124,53.3435
2020-10-15T00:00:00Z,0.4595,0.796
2020-10-16T00:00:00Z,3.127,3.9815
2020-10-17T00:00:00Z,4.316,5.1495
2020-10-18T00:00:00Z,7.8555,9.2235
2020-10-19T00:00:00Z,4.1465,5.0275
2020-10-20T00:00:00Z,3.6395,4.5185
2020-10-21T00:00:00Z,3.7705,4.7655
2020-10-22T00:00:00Z,3.2185,3.998
2020-10-23T00:00:00Z,3.6345,4.883
2020-10-24T00:00:00Z,15.8475,18.06
2020-10-25T00:00:00Z,4.281,5.138
2020-10-26T00:00:00Z,4.76,5.8085
2020-10-27T00:00:00Z,16.967,20.1415
2020-10-28T00:00:00Z,22.661,26.8185
2020-10-29T00:00:00Z,18.383,22.2715
2020-10-30T00:00:00Z,14.0465,17.3135
2020-10-31T00:00:00Z,6.511,7.784
2020-11-01T00:00:00Z,15.8415,18.2505
2020-11-02T00:00:00Z,19.0285,22.168
2020-11-03T00:00:00Z,20.1465,23.625
2020-11-04T00:00:00Z,17.4095,20.5105
2020-11-05T00:00:00Z,11.519,13.5795
2020-11-06T00:00:00Z,7.934,9.2215
2020-11-07T00:00:00Z,2.6465,3.316
2020-11-08T00:00:00Z,0.795,1.088
2020-11-09T00:00:00Z,10.921,13.367
2020-11-10T00:00:00Z,6.957,7.895
2020-11-11T00:00:00Z,5.878,6.7475
2020-11-12T00:00:00Z,3.4095,4.137
2020-11-13T00:00:00Z,6.6355,8.0535
2020-11-14T00:00:00Z,0.564,0.726
2020-11-15T00:00:00Z,1.9085,2.3855
2020-11-16T00:00:00Z,8.904,10.2415
2020-11-17T00:00:00Z,7.9485,9.588
2020-11-18T00:00:00Z,0.9405,1.694
2020-11-19T00:00:00Z,2.2365,2.951
2020-11-20T00:00:00Z,4.508,5.3955
2020-11-21T00:00:00Z,12.6815,14.631
2020-11-22T00:00:00Z,14.984,17.659
2020-11-23T00:00:00Z,27.026,32.1685
2020-11-24T00:00:00Z,16.4215,19.9745
2020-11-25T00:00:00Z,13.003,15.172
2020-11-26T00:00:00Z,4.088,4.84
2020-11-27T00:00:00Z,5.336,6.2515
2020-11-28T00:00:00Z,13.2025,15.417
2020-11-29T00:00:00Z,27.289,32.3885
2020-11-30T00:00:00Z,31.525,38.8645
2020-12-01T00:00:00Z,16.345,20.6565
2020-12-02T00:00:00Z,6.186,7.3695
2020-12-03T00:00:00Z,9.6285,11.3925
2020-12-04T00:00:00Z,17.096,20.0345
2020-12-05T00:00:00Z,33.5825,39.8215
2020-12-06T00:00:00Z,48.189,62.672
2020-12-07T00:00:00Z,48.9805,65.5765
2020-12-08T00:00:00Z,46.129,61.8535
2020-12-09T00:00:00Z,44.389,59.294
2020-12-10T00:00:00Z,50.4495,68.6205
2020-12-11T00:00:00Z,35.8285,46.2005
2020-12-12T00:00:00Z,14.5115,17.4485
2020-12-13T00:00:00Z,7.293,8.8555
2020-12-14T00:00:00Z,19.8285,23.3755
2020-12-15T00:00:00Z,9.3835,11.107
2020-12-16T00:00:00Z,8.962,10.8635
2020-12-17T00:00:00Z,6.407,7.715
2020-12-18T00:00:00Z,9.1605,11.164
2020-12-19T00:00:00Z,13.8085,16.031
2020-12-20T00:00:00Z,11.5855,13.2585
2020-12-21T00:00:00Z,8.0585,9.2095
2020-12-22T00:00:00Z,6.8545,7.957
2020-12-23T00:00:00Z,0.34,0.5535
2020-12-24T00:00:00Z,5.543,6.703
2020-12-25T00:00:00Z,22.272,25.681
2020-12-26T00:00:00Z,38.846,46.477
2020-12-27T00:00:00Z,25.5195,31.0235
2020-12-28T00:00:00Z,12.3575,14.6505
2020-12-29T00:00:00Z,8.756,10.718
2020-12-30T00:00:00Z,20.9775,25.662
2020-12-31T00:00:00Z,25.1285,30.725
2021-01-01T00:00:00Z,43.713,58.471
2021-01-02T00:00:00Z,20.4895,25.854
2021-01-03T00:00:00Z,19.721,24.5855
2021-01-04T00:00:00Z,18.1615,21.075
2021-01-05T00:00:00Z,12.199,15.001
2021-01-06T00:00:00Z,4.0475,5.0425
2021-01-07T00:00:00Z,17.469,19.946
2021-01-08T00:00:00Z,17.757,21.057
2021-01-09T00:00:00Z,32.22,40.013
2021-01-10T00:00:00Z,13.5065,15.77
2021-01-11T00:00:00Z,32.465,39.519
2021-01-12T00:00:00Z,43.5915,57.572
2021-01-13T00:00:00Z,38.051,51.0095
2021-01-14T00:00:00Z,9.3155,12.1575
2021-01-15T00:00:00Z,5.5115,6.6885
2021-01-16T00:00:00Z,19.333,21.4155
2021-01-17T00:00:00Z,23.872,28.145
2021-01-18T00:00:00Z,18.415,21.8945
2021-01-19T00:00:00Z,4.0825,4.9955
2021-01-20T00:00:00Z,6.5505,7.8295
2021-01-21T00:00:00Z,27.52,31.934
2021-01-22T00:00:00Z,30.0125,36.6325
2021-01-23T00:00:00Z,2.076,2.52
2021-01-24T00:00:00Z,14.347,17.1535
2021-01-25T00:00:00Z,25.8435,32.7295
2021-01-26T00:00:00Z,22.585,27.7835
2021-01-27T00:00:00Z,3.3495,4.135
2021-01-28T00:00:00Z,1.229,1.4745
2021-01-29T00:00:00Z,0.6875,0.8985
2021-01-30T00:00:00Z,2.088,2.5545
2021-01-31T00:00:00Z,5.418,6.348
2021-02-01T00:00:00Z,16.313,18.794
2021-02-02T00:00:00Z,30.8005,36.5355
2021-02-03T00:00:00Z,4.899,6.0255
2021-02-04T00:00:00Z,0.526,0.893
2021-02-05T00:00:00Z,1.407,2.15
2021-02-06T00:00:00Z,4.962,7.5705
2021-02-07T00:00:00Z,1.9005,2.6175
2021-02-08T00:00:00Z,4.444,5.6555
2021-02-09T00:00:00Z,3.4045,4.3135
2021-02-10T00:00:00Z,4.1505,4.977
2021-02-11T00:00:00Z,8.0835,9.7225
2021-02-12T00:00:00Z,1.297,1.554
2021-02-13T00:00:00Z,5.0965,5.875
2021-02-14T00:00:00Z,3.1705,4.005
2021-02-15T00:00:00Z,6.4745,7.617
2021-02-16T00:00:00Z,2.075,2.5805
2021-02-17T00:00:00Z,2.813,3.1745
2021-02-18T00:00:00Z,6.9675,7.887
2021-02-19T00:00:00Z,3.8415,4.5075
2021-02-20T00:00:00Z,3.443,4.056
2021-02-21T00:00:00Z,0.4015,0.542
2021-02-22T00:00:00Z,4.309,5.2115
2021-02-23T00:00:00Z,4.4305,5.3385
2021-02-24T00:00:00Z,4.2695,5.1525
2021-02-25T00:00:00Z,1.5725,1.9995
2021-02-26T00:00:00Z,1.894,2.328
2021-02-27T00:00:00Z,1.0915,1.3285
2021-02-28T00:00:00Z,5.3005,6.3215
2021-03-01T00:00:00Z,6.8855,8.123
2021-03-02T00:00:00Z,15.4845,18.0115
2021-03-03T00:00:00Z,12.5985,15.163
2021-03-04T00:00:00Z,10.3045,11.9155
2021-03-05T00:00:00Z,9.0655,10.5155
2021-03-06T00:00:00Z,6.096,7.4275
2021-03-07T00:00:00Z,3.6505,4.881
2021-03-08T00:00:00Z,4.3685,5.485
2021-03-09T00:00:00Z,2.109,3.1765
2021-03-10T00:00:00Z,2.9725,3.8745
2021-03-11T00:00:00Z,4.5145,5.5285
2021-03-12T00:00:00Z,11.5255,13.9405
2021-03-13T00:00:00Z,4.8785,5.8255
2021-03-14T00:00:00Z,9.594,11.221
2021-03-15T00:00:00Z,3.0015,3.6485
2021-03-16T00:00:00Z,3.9855,4.626
2021-03-17T00:00:00Z,9.835,11.264
2021-03-18T00:00:00Z,6.8125,7.7825
2021-03-19T00:00:00Z,4.203,4.9145
2021-03-20T00:00:00Z,1.3095,1.724
2021-03-21T00:00:00Z,4.6305,5.4945
2021-03-22T00:00:00Z,5.07,5.7575
2021-03-23T00:00:00Z,21.121,25.415
2021-03-24T00:00:00Z,1.5255,1.8545
2021-03-25T00:00:00Z,1.893,2.3865
2021-03-26T00:00:00Z,8.0805,9.32
2021-03-27T00:00:00Z,5.271,5.9735
2021-03-28T00:00:00Z,4.7455,5.614
2021-03-29T00:00:00Z,2.233,3.202
2021-03-30T00:00:00Z,1.577,2.1695
2021-03-31T00:00:00Z,3.98,4.8225
2021-04-01T00:00:00Z,9.917,11.4925
2021-04-02T00:00:00Z,9.094,10.7365
2021-04-03T00:00:00Z,7.036,8.169
2021-04-04T00:00:00Z,5.618,6.441
2021-04-05T00:00:00Z,3.787,4.7945
2021-04-06T00:00:00Z,2.337,3.2735
2021-04-07T00:00:00Z,3.459,4.063
2021-04-08T00:00:00Z,3.6975,4.629
2021-04-09T00:00:00Z,1.1095,1.5735
2021-04-10T00:00:00Z,3.912,4.671
2021-04-11T00:00:00Z,2.5155,3.1575
2021-04-12T00:00:00Z,2.5995,3.3155
2021-04-13T00:00:00Z,1.798,2.2665
2021-04-14T00:00:00Z,2.6635,3.1795
2021-04-15T00:00:00Z,6.002,6.775
2021-04-16T00:00:00Z,6.5645,7.413
2021-04-17T00:00:00Z,4.8,5.338
2021-04-19T00:00:00Z,3.265,4.5425
2021-04-20T00:00:00Z,2.9215,3.3855
2021-04-21T00:00:00Z,2.9145,3.4055
2021-04-22T00:00:00Z,4.2875,4.9745
2021-04-23T00:00:00Z,5.4985,6.3925
2021-04-24T00:00:00Z,4.1895,4.938
2021-04-25T00:00:00Z,4.412,5.28
2021-04-26T00:00:00Z,2.617,3.06
2021-04-27T00:00:00Z,8.3575,9.6665
2021-04-28T00:00:00Z,8.263,9.329
2021-04-29T00:00:00Z,5.7275,6.5255
2021-04-30T00:00:00Z,3.515,4.0375
2021-05-01T00:00:00Z,3.362,3.8545
2021-05-02T00:00:00Z,1.9395,2.4835
2021-05-03T00:00:00Z,1.4285,1.751
2021-05-04T00:00:00Z,2.09,2.458
2021-05-05T00:00:00Z,1.8105,2.3165
2021-05-06T00:00:00Z,2.304,2.9755
2021-05-07T00:00:00Z,1.9815,2.579
2021-05-08T00:00:00Z,1.225,1.877
2021-05-09T00:00:00Z,2.0125,2.4365
2021-05-10T00:00:00Z,1.673,1.994
2021-05-11T00:00:00Z,1.542,1.8815
2021-05-12T00:00:00Z,1.8245,2.2425
2021-05-13T00:00:00Z,2.655,3.2555
2021-05-14T00:00:00Z,2.3725,2.887
2021-05-15T00:00:00Z,2.6965,3.416
2021-05-16T00:00:00Z,2.23,2.6805
2021-05-17T00:00:00Z,2.1225,2.5835
2021-05-18T00:00:00Z,2.9935,3.6415
2021-05-19T00:00:00Z,4.2035,4.8825
2021-05-20T00:00:00Z,2.241,3.165
2021-05-21T00:00:00Z,2.9085,4.1215
2021-05-22T00:00:00Z,1.9315,2.834
2021-05-23T00:00:00Z,1.6325,2.0705
2021-05-24T00:00:00Z,1.815,2.0865
2021-05-25T00:00:00Z,2.72,3.1135
2021-05-26T00:00:00Z,1.418,1.772
2021-05-27T00:00:00Z,1.816,2.181
2021-05-28T00:00:00Z,2.673,3.1975
2021-05-29T00:00:00Z,0.8115,1.053
2021-05-30T00:00:00Z,0.9605,1.2495
2021-05-31T00:00:00Z,3.18,3.6215
2021-06-01T00:00:00Z,3.6525,4.165
2021-06-02T00:00:00Z,3.0905,3.6045
2021-06-03T00:00:00Z,5.229,5.765
2021-06-04T00:00:00Z,6.449,7.0905
2021-06-05T00:00:00Z,3.056,3.5935
2021-06-06T00:00:00Z,2.877,3.526
2021-06-07T00:00:00Z,4.001,5.554
2021-06-08T00:00:00Z,2.187,2.903
2021-06-09T00:00:00Z,1.132,1.591
2021-06-10T00:00:00Z,2.7065,4.1665
2021-06-11T00:00:00Z,1.0825,1.5255
2021-06-12T00:00:00Z,5.6825,6.448
2021-06-13T00:00:00Z,11.291,12.231
2021-06-14T00:00:00Z,3.105,3.558
2021-06-15T00:00:00Z,6.9255,7.526
2021-06-16T00:00:00Z,5.483,6.388
2021-06-17T00:00:00Z,7.752,8.7525
2021-06-18T00:00:00Z,9.5285,10.574
2021-06-19T00:00:00Z,10.7095,11.4465
2021-06-20T00:00:00Z,6.497,7.1585
2021-06-21T00:00:00Z,4.978,5.6105
2021-06-22T00:00:00Z,5.518,6.2035
2021-06-23T00:00:00Z,3.8795,4.531
2021-06-24T00:00:00Z,5.3135,5.896
2021-06-25T00:00:00Z,5.1075,5.5875
2021-06-26T00:00:00Z,4.544,4.944
2021-06-27T00:00:00Z,4.216,4.4845
2021-06-28T00:00:00Z,3.3065,3.574
2021-06-29T00:00:00Z,3.7655,4.055
2021-06-30T00:00:00Z,4.6105,5.067
2021-07-01T00:00:00Z,3.08,3.4385
2021-07-02T00:00:00Z,3.645,4.112
2021-07-03T00:00:00Z,6.773,7.5875
2021-07-04T00:00:00Z,8.634,9.4545
2021-07-05T00:00:00Z,5.646,6.268
2021-07-06T00:00:00Z,6.5995,7.2535
2021-07-07T00:00:00Z,8.2245,8.986
2021-07-08T00:00:00Z,7.2355,7.8985
2021-07-09T00:00:00Z,12.8935,14.1325
2021-07-10T00:00:00Z,26.1185,30.6885
2021-07-11T00:00:00Z,39.891,49.7075
2021-07-12T00:00:00Z,37.3815,45.222
2021-07-13T00:00:00Z,25.2175,29.0345
2021-07-14T00:00:00Z,6.751,7.39
2021-07-15T00:00:00Z,7.861,8.6435
2021-07-16T00:00:00Z,8.654,9.572
2021-07-17T00:00:00Z,6.71,7.768
2021-07-18T00:00:00Z,8.8965,9.77
2021-07-19T00:00:00Z,6.184,6.9835
2021-07-20T00:00:00Z,4.2025,4.729
2021-07-21T00:00:00Z,5.61,6.172
2021-07-22T00:00:00Z,2.5075,2.863
2021-07-23T00:00:00Z,4.322,4.907
2021-07-24T00:00:00Z,21.8995,25.276
2021-07-25T00:00:00Z,42.967,53.7165
2021-07-26T00:00:00Z,43.531,54.961
2021-07-27T00:00:00Z,8.936,9.958
2021-07-28T00:00:00Z,3.6185,4.21
2021-07-29T00:00:00Z,4.552,5.195
2021-07-30T00:00:00Z,3.8515,4.453
2021-07-31T00:00:00Z,4.3775,4.881
2021-08-01T00:00:00Z,2.14,2.469
2021-08-02T00:00:00Z,2.0175,2.4175
2021-08-03T00:00:00Z,11.5045,12.618
2021-08-04T00:00:00Z,34.2855,40.6855
2021-08-05T00:00:00Z,28.4515,32.7575
2021-08-06T00:00:00Z,48.167,56.958
2021-08-07T00:00:00Z,76.641,92.235
2021-08-08T00:00:00Z,52.2595,66.887
2021-08-09T00:00:00Z,44.7595,55.549
2021-08-10T00:00:00Z,35.652,44.616
2021-08-11T00:00:00Z,27.7825,33.3555
2021-08-12T00:00:00Z,11.4095,12.6855
2021-08-13T00:00:00Z,13.563,14.9105
2021-08-14T00:00:00Z,12.147,13.213
2021-08-15T00:00:00Z,42.3005,50.706
2021-08-16T00:00:00Z,68.175,81.2225
2021-08-17T00:00:00Z,43.3735,55.012
2021-08-18T00:00:00Z,40.6285,50.1995
2021-08-19T00:00:00Z,82.3615,104.638
2021-08-20T00:00:00Z,31.768,38.6205
2021-08-21T00:00:00Z,24.9165,30.443
2021-08-22T00:00:00Z,15.6495,18.1735
2021-08-23T00:00:00Z,11.681,13.201
2021-08-24T00:00:00Z,134.393,135.9755
2021-08-25T00:00:00Z,16.824,19.9105
2021-08-26T00:00:00Z,21.037,25.4695
2021-08-27T00:00:00Z,47.366,60.534
2021-08-28T00:00:00Z,39.5355,50.344
2021-08-29T00:00:00Z,32.0915,39.4445
2021-08-30T00:00:00Z,35.942,44.4725
2021-08-31T00:00:00Z,23.3795,27.336
2021-09-01T00:00:00Z,15.506,17.0805
2021-09-02T00:00:00Z,19.701,21.7505
2021-09-03T00:00:00Z,21.697,24.443
2021-09-04T00:00:00Z,36.0845,44.1395
2021-09-05T00:00:00Z,24.4785,27.928
2021-09-06T00:00:00Z,23.001,26.0335
2021-09-07T00:00:00Z,31.366,37.636
2021-09-08T00:00:00Z,38.832,48.29
2021-09-09T00:00:00Z,31.1085,37.0175
2021-09-10T00:00:00Z,19.1115,21.58
2021-09-11T00:00:00Z,14.154,16.033
2021-09-12T00:00:00Z,6.795,7.5535
2021-09-13T00:00:00Z,6.1665,6.905
2021-09-14T00:00:00Z,16.7095,18.626
2021-09-15T00:00:00Z,22.106,25.0535
2021-09-16T00:00:00Z,15.198,17.2705
2021-09-17T00:00:00Z,20.8975,23.9965
2021-09-18T00:00:00Z,8.0085,9.153
2021-09-19T00:00:00Z,4.324,5.0935
2021-09-20T00:00:00Z,1.8265,2.1095
2021-09-21T00:00:00Z,1.3595,1.695
2021-09-22T00:00:00Z,2.962,3.576
2021-09-23T00:00:00Z,6.557,7.774
2021-09-24T00:00:00Z,10.8065,12.379
2021-09-25T00:00:00Z,11.1565,12.7385
2021-09-26T00:00:00Z,9.2415,10.5055
2021-09-27T00:00:00Z,10.493,12.0005
2021-09-28T00:00:00Z,13.892,16.695
2021-09-29T00:00:00Z,1.441,1.9175
2021-09-30T00:00:00Z,2.6545,3.2455
2021-10-01T00:00:00Z,6.5125,7.8215
2021-10-02T00:00:00Z,6.9075,8.164
2021-10-03T00:00:00Z,8.9095,10.244
2021-10-04T00:00:00Z,4.8345,5.7355
2021-10-05T00:00:00Z,5.6645,6.7295
2021-10-06T00:00:00Z,2.784,3.182
2021-10-07T00:00:00Z,5.2535,6.0275
2021-10-08T00:00:00Z,5.033,5.933
2021-10-09T00:00:00Z,1.967,2.383
2021-10-10T00:00:00Z,11.485,12.866
2021-10-11T00:00:00Z,14.974,17.147
2021-10-12T00:00:00Z,1.3915,1.7255
2021-10-13T00:00:00Z,5.2015,5.871
2021-10-14T00:00:00Z,3.333,3.907
2021-10-15T00:00:00Z,4.149,4.8885
2021-10-16T00:00:00Z,7.3105,8.382
2021-10-17T00:00:00Z,12.372,14.677
2021-10-18T00:00:00Z,2.4405,2.9465
2021-10-19T00:00:00Z,1.2975,1.5515
2021-10-20T00:00:00Z,6.4795,7.4125
2021-10-21T00:00:00Z,7.4095,8.5415
2021-10-22T00:00:00Z,8.702,10.0585
2021-10-23T00:00:00Z,2.0275,2.3285
2021-10-24T00:00:00Z,14.6465,17.226
2021-10-25T00:00:00Z,0.523,0.8785
2021-10-26T00:00:00Z,0.631,0.8035
2021-10-27T00:00:00Z,3.7955,4.287
2021-10-28T00:00:00Z,4.0265,4.562
2021-10-29T00:00:00Z,6.178,7.0285
2021-10-30T00:00:00Z,11.3345,12.812
2021-10-31T00:00:00Z,22.044,24.959
2021-11-01T00:00:00Z,22.759,25.831
2021-11-02T00:00:00Z,11.6175,13.045
2021-11-03T00:00:00Z,5.124,5.8745
2021-11-04T00:00:00Z,6.501,7.541
2021-11-05T00:00:00Z,13.022,15.226
2021-11-06T00:00:00Z,5.31,6.1805
2021-11-07T00:00:00Z,2.4715,2.913
2021-11-08T00:00:00Z,4.4425,5.23
2021-11-09T00:00:00Z,16.214,19.756
2021-11-10T00:00:00Z,3.9695,4.6855
2021-11-11T00:00:00Z,7.589,8.9455
2021-11-12T00:00:00Z,7.315,8.7365
2021-11-13T00:00:00Z,5.058,5.8865
2021-11-14T00:00:00Z,6.495,7.431
2021-11-15T00:00:00Z,4.263,5.0565
2021-11-16T00:00:00Z,2.7565,3.311
2021-11-17T00:00:00Z,0.8855,1.1765
2021-11-18T00:00:00Z,8.283,9.593
2021-11-19T00:00:00Z,12.646,14.6665
2021-11-20T00:00:00Z,21.2885,25.316
2021-11-21T00:00:00Z,7.0675,8.0155
2021-11-22T00:00:00Z,20.2225,23.4355
2021-11-23T00:00:00Z,31.389,38.216
2021-11-24T00:00:00Z,3.1975,4.222
2021-11-25T00:00:00Z,7.8315,9.013
2021-11-26T00:00:00Z,18.268,21.4545
2021-11-27T00:00:00Z,28.0245,33.7375
2021-11-28T00:00:00Z,35.741,45.101
2021-11-29T00:00:00Z,33.453,42.1965
2021-11-30T00:00:00Z,37.428,47.997
2021-12-01T00:00:00Z,29.6075,37.636
2021-12-02T00:00:00Z,28.515,36.0805
2021-12-03T00:00:00Z,34.8605,44.558
2021-12-04T00:00:00Z,32.514,41.9665
2021-12-05T00:00:00Z,16.387,20.7955
2021-12-06T00:00:00Z,9.15,10.9635
2021-12-07T00:00:00Z,15.399,17.9345
2021-12-08T00:00:00Z,9.634,11.75
2021-12-09T00:00:00Z,4.283,5.0695
2021-12-10T00:00:00Z,1.897,2.2835
2021-12-11T00:00:00Z,1.9095,2.5205
2021-12-12T00:00:00Z,1.95,2.507
2021-12-13T00:00:00Z,0.9235,1.2145
2021-12-14T00:00:00Z,0.7885,1.0685
2021-12-15T00:00:00Z,1.309,1.6435
2021-12-16T00:00:00Z,1.3365,1.66
2021-12-17T00:00:00Z,10.6765,12.619
2021-12-18T00:00:00Z,6.0055,7.0415
2021-12-19T00:00:00Z,27.257,31.8135
2021-12-20T00:00:00Z,58.46,76.0225
2021-12-21T00:00:00Z,61.607,83.024
2021-12-22T00:00:00Z,69.261,95.319
2021-12-23T00:00:00Z,29.173,40.866
2021-12-24T00:00:00Z,1.021,1.2185
2021-12-25T00:00:00Z,1.7325,1.9605
2021-12-26T00:00:00Z,0.103,0.244
2021-12-27T00:00:00Z,0.141,0.3365
2021-12-28T00:00:00Z,1.403,1.881
2021-12-29T00:00:00Z,14.736,16.722
2021-12-30T00:00:00Z,0.4815,0.6815
2021-12-31T00:00:00Z,2.529,3.0685
2022-01-01T00:00:00Z,1.339,1.856
2022-01-02T00:00:00Z,7.202,8.592
2022-01-03T00:00:00Z,25.833,29.9335
2022-01-04T00:00:00Z,7.548,8.853
2022-01-05T00:00:00Z,5.7565,6.7375
2022-01-06T00:00:00Z,16.32,19.141
2022-01-07T00:00:00Z,3.0685,3.65
2022-01-08T00:00:00Z,2.9325,3.7585
2022-01-09T00:00:00Z,6.252,7.346
2022-01-10T00:00:00Z,21.155,24.155
2022-01-11T00:00:00Z,47.7175,60.1805
2022-01-12T00:00:00Z,48.1535,62.8195
2022-01-13T00:00:00Z,48.4985,64.717
2022-01-14T00:00:00Z,49.7775,67.607
2022-01-15T00:00:00Z,39.963,51.369
2022-01-16T00:00:00Z,46.388,62.4785
2022-01-17T00:00:00Z,54.314,75.1035
2022-01-18T00:00:00Z,59.3495,82.9955
2022-01-19T00:00:00Z,58.777,83.265
2022-01-20T00:00:00Z,44.4215,62.003
2022-01-21T00:00:00Z,22.7805,29.4115
2022-01-22T00:00:00Z,7.966,10.0155
2022-01-23T00:00:00Z,16.556,20.308
2022-01-24T00:00:00Z,36.63,45.4965
2022-01-25T00:00:00Z,23.182,29.44
2022-01-26T00:00:00Z,10.4385,12.4605
2022-01-27T00:00:00Z,18.867,22.3895
2022-01-28T00:00:00Z,20.9555,24.9385
2022-01-29T00:00:00Z,35.0025,43.682
2022-01-30T00:00:00Z,49.848,66.432
2022-01-31T00:00:00Z,43.157,58.2045
2022-02-01T00:00:00Z,1.7005,2.3245
2022-02-02T00:00:00Z,1.9025,2.4155
2022-02-03T00:00:00Z,5.9435,7.2515
2022-02-04T00:00:00Z,18.9155,21.9795
2022-02-05T00:00:00Z,24.831,29.6685
2022-02-06T00:00:00Z,20.6625,25.9705
2022-02-07T00:00:00Z,17.33,20.615
2022-02-08T00:00:00Z,23.2865,27.9145
2022-02-09T00:00:00Z,30.8455,38.4415
2022-02-10T00:00:00Z,15.8175,20.4195
2022-02-11T00:00:00Z,15.3085,18.59
2022-02-12T00:00:00Z,12.565,15.1175
2022-02-13T00:00:00Z,15.636,18.8035
2022-02-14T00:00:00Z,16.4785,19.993
2022-02-15T00:00:00Z,3.533,4.5835
2022-02-16T00:00:00Z,3.6785,4.364
2022-02-17T00:00:00Z,7.9445,8.915
2022-02-18T00:00:00Z,9.3455,10.939
2022-02-19T00:00:00Z,7.629,8.939
2022-02-20T00:00:00Z,3.174,3.83
2022-02-21T00:00:00Z,1.125,1.507
2022-02-22T00:00:00Z,3.3515,3.932
2022-02-23T00:00:00Z,2.94,3.991
2022-02-24T00:00:00Z,8.442,10.4365
2022-02-25T00:00:00Z,4.322,5.3815
2022-02-26T00:00:00Z,6.827,8.145
2022-02-27T00:00:00Z,14.7985,17.513
2022-02-28T00:00:00Z,22.456,26.958
2022-03-01T00:00:00Z,21.4555,25.5935
2022-03-02T00:00:00Z,23.7945,29.158
2022-03-03T00:00:00Z,11.061,13.7445
2022-03-04T00:00:00Z,1.4655,1.846
2022-03-05T00:00:00Z,3.204,3.814
2022-03-06T00:00:00Z,2.7325,3.323
2022-03-07T00:00:00Z,5.0855,6.137
2022-03-08T00:00:00Z,5.048,6.123
2022-03-09T00:00:00Z,7.7625,9.473
2022-03-10T00:00:00Z,1.3925,1.8735
2022-03-11T00:00:00Z,2.1485,2.7405
2022-03-12T00:00:00Z,2.3965,2.887
2022-03-13T00:00:00Z,2.0455,2.433
2022-03-14T00:00:00Z,10.727,12.373
2022-03-15T00:00:00Z,6.037,7.041
2022-03-16T00:00:00Z,5.5015,6.4555
2022-03-17T00:00:00Z,2.4105,2.9155
2022-03-18T00:00:00Z,5.001,5.872
2022-03-19T00:00:00Z,3.0235,3.8075
2022-03-20T00:00:00Z,1.6515,2.177
2022-03-21T00:00:00Z,2.518,3.201
2022-03-22T00:00:00Z,5.1165,6.3285
2022-03-23T00:00:00Z,4.7925,5.617
2022-03-24T00:00:00Z,6.6305,8.1205
2022-03-25T00:00:00Z,3.354,4.133
2022-03-26T00:00:00Z,2.374,2.9455
2022-03-27T00:00:00Z,2.2215,2.6315
2022-03-28T00:00:00Z,0.8215,1.229
2022-03-29T00:00:00Z,1.408,2.1925
2022-03-30T00:00:00Z,2.977,3.5565
2022-03-31T00:00:00Z,3.7195,4.3035
2022-04-01T00:00:00Z,4.5235,5.2725
2022-04-02T00:00:00Z,4.9015,5.713
2022-04-03T00:00:00Z,2.8965,3.498
2022-04-04T00:00:00Z,3.0135,3.9105
2022-04-05T00:00:00Z,0.858,1.376
2022-04-06T00:00:00Z,1.04,1.5305
2022-04-07T00:00:00Z,4.8035,5.741
2022-04-08T00:00:00Z,6.0135,7.142
2022-04-09T00:00:00Z,3.41,4.268
2022-04-10T00:00:00Z,0.9575,1.443
2022-04-11T00:00:00Z,1.2545,2.057
2022-04-12T00:00:00Z,4.2105,5.0475
2022-04-13T00:00:00Z,0.672,0.9565
2022-04-14T00:00:00Z,2.474,3.0495
2022-04-15T00:00:00Z,1.7835,2.2105
2022-04-16T00:00:00Z,4.4355,5.166
2022-04-17T00:00:00Z,1.8135,2.2475
2022-04-18T00:00:00Z,6.4375,7.6295
2022-04-19T00:00:00Z,4.77,7.0845
2022-04-20T00:00:00Z,2.8575,3.392
2022-04-21T00:00:00Z,3.282,4.8715
2022-04-22T00:00:00Z,2.916,4.21
2022-04-23T00:00:00Z,3.8545,4.3575
2022-04-24T00:00:00Z,3.496,3.9335
2022-04-25T00:00:00Z,2.5935,3.0325
2022-04-26T00:00:00Z,3.901,4.6905
2022-04-27T00:00:00Z,7.58,9.2125
2022-04-28T00:00:00Z,7.6885,9.04
2022-04-29T00:00:00Z,5.056,6.38
2022-04-30T00:00:00Z,4.392,5.1615
2022-05-01T00:00:00Z,2.779,3.3285
2022-05-02T00:00:00Z,3.0555,3.419
2022-05-03T00:00:00Z,2.339,2.7925
2022-05-04T00:00:00Z,4.064,4.4195
2022-05-05T00:00:00Z,6.369,7.122
2022-05-06T00:00:00Z,2.1065,2.9915
2022-05-07T00:00:00Z,4.7755,7.186
2022-05-08T00:00:00Z,2.238,2.954
2022-05-09T00:00:00Z,0.95,1.5835
2022-05-10T00:00:00Z,1.721,2.311
2022-05-11T00:00:00Z,3.1775,3.9615
2022-05-12T00:00:00Z,1.5945,2.058
2022-05-13T00:00:00Z,2.7,3.22
2022-05-14T00:00:00Z,3.0715,3.6075
2022-05-15T00:00:00Z,2.122,2.49
2022-05-16T00:00:00Z,3.305,3.894
2022-05-17T00:00:00Z,2.26,2.811
2022-05-18T00:00:00Z,2.653,3.232
2022-05-19T00:00:00Z,3.5095,4.348
2022-05-20T00:00:00Z,1.601,2.502
2022-05-21T00:00:00Z,2.233,2.608
2022-05-22T00:00:00Z,2.404,2.764
2022-05-23T00:00:00Z,1.767,2.2555
2022-05-24T00:00:00Z,2.7445,3.4435
2022-05-25T00:00:00Z,3.8595,4.6195
2022-05-26T00:00:00Z,2.3395,2.8305
2022-05-27T00:00:00Z,4.1385,5.2705
2022-05-28T00:00:00Z,3.487,4.262
2022-05-29T00:00:00Z,1.5055,1.79
2022-05-30T00:00:00Z,0.716,0.8345
2022-05-31T00:00:00Z,2.5795,2.9285
2022-06-01T00:00:00Z,1.734,2.014
2022-06-02T00:00:00Z,2.7305,3.166
2022-06-03T00:00:00Z,2.602,3.0585
2022-06-04T00:00:00Z,2.275,2.7905
2022-06-05T00:00:00Z,1.7705,2.174
2022-06-06T00:00:00Z,1.333,1.832
2022-06-07T00:00:00Z,2.0395,2.5985
2022-06-08T00:00:00Z,2.6355,3.203
2022-06-09T00:00:00Z,3.5965,4.358
2022-06-10T00:00:00Z,4.7325,5.5525
2022-06-11T00:00:00Z,2.715,3.218
2022-06-12T00:00:00Z,3.761,4.5565
2022-06-13T00:00:00Z,1.391,2.4705
2022-06-14T00:00:00Z,3.161,3.717
2022-06-15T00:00:00Z,7.5845,8.973
2022-06-16T00:00:00Z,5.0555,5.9825
2022-06-17T00:00:00Z,4.3415,5.6085
2022-06-18T00:00:00Z,6.1895,7.964
2022-06-19T00:00:00Z,2.844,4.7355
2022-06-20T00:00:00Z,0.9505,1.274
2022-06-21T00:00:00Z,1.695,2.0835
2022-06-22T00:00:00Z,2.48,3.04
2022-06-23T00:00:00Z,4.5455,5.1605
2022-06-24T00:00:00Z,2.062,3.101
2022-06-25T00:00:00Z,1.3825,1.689
2022-06-26T00:00:00Z,2.926,3.2825
2022-06-27T00:00:00Z,6.221,6.8515
2022-06-28T00:00:00Z,4.9145,5.446
2022-06-29T00:00:00Z,1.9715,2.546
2022-06-30T00:00:00Z,3.9345,4.6165
2022-07-01T00:00:00Z,3.285,3.8105
2022-07-02T00:00:00Z,1.7535,2.074
2022-07-03T00:00:00Z,0.731,1.025
2022-07-04T00:00:00Z,0.933,1.425
2022-07-05T00:00:00Z,4.8145,5.6105
2022-07-06T00:00:00Z,1.336,1.7115
2022-07-07T00:00:00Z,1.1555,1.496
2022-07-08T00:00:00Z,1.2855,1.6425
2022-07-09T00:00:00Z,6.5915,7.1115
2022-07-10T00:00:00Z,9.754,10.5185
2022-07-11T00:00:00Z,6.508,7.105
2022-07-12T00:00:00Z,9.4565,10.3175
2022-07-13T00:00:00Z,5.05,5.5585
2022-07-14T00:00:00Z,2.849,3.28
2022-07-15T00:00:00Z,2.101,2.681
2022-07-16T00:00:00Z,5.3295,5.739
2022-07-17T00:00:00Z,3.7015,4.0505
2022-07-18T00:00:00Z,3.0835,4.136
2022-07-19T00:00:00Z,2.8745,3.5775
2022-07-20T00:00:00Z,3.7375,4.684
2022-07-21T00:00:00Z,3.4455,3.997
2022-07-22T00:00:00Z,3.024,3.5455
2022-07-23T00:00:00Z,3.474,3.9445
2022-07-24T00:00:00Z,5.454,6.0575
2022-07-25T00:00:00Z,5.455,5.9605
2022-07-26T00:00:00Z,8.934,9.854
2022-07-27T00:00:00Z,6.043,6.742
2022-07-28T00:00:00Z,6.658,7.236
2022-07-29T00:00:00Z,4.8355,5.4255
2022-07-30T00:00:00Z,5.7325,6.174
2022-07-31T00:00:00Z,6.002,6.417
2022-08-01T00:00:00Z,4.4195,4.7945
2022-08-02T00:00:00Z,3.388,3.798
2022-08-03T00:00:00Z,14.022,15.2675
2022-08-04T00:00:00Z,9.9405,10.9035
2022-08-05T00:00:00Z,7.851,8.7065
2022-08-06T00:00:00Z,6.565,7.2715
2022-08-07T00:00:00Z,4.482,4.857
2022-08-08T00:00:00Z,8.737,9.479
2022-08-09T00:00:00Z,7.0405,7.711
2022-08-10T00:00:00Z,4.419,4.935
2022-08-11T00:00:00Z,3.2035,3.7045
2022-08-12T00:00:00Z,3.432,3.8575
2022-08-13T00:00:00Z,2.7265,3.0305
2022-08-14T00:00:00Z,1.5845,1.784
2022-08-15T00:00:00Z,4.016,4.452
2022-08-16T00:00:00Z,3.778,4.184
2022-08-17T00:00:00Z,4.361,4.8225
2022-08-18T00:00:00Z,6.576,7.141
2022-08-19T00:00:00Z,1.8315,2.2705
2022-08-20T00:00:00Z,5.073,5.5945
2022-08-21T00:00:00Z,5.32,5.7865
2022-08-22T00:00:00Z,5.1845,5.648
2022-08-23T00:00:00Z,6.2975,6.8605
2022-08-24T00:00:00Z,7.143,7.894
2022-08-25T00:00:00Z,3.8515,4.3465
2022-08-26T00:00:00Z,2.665,3.039
2022-08-27T00:00:00Z,3.463,3.8715
2022-08-28T00:00:00Z,4.3925,4.991
2022-08-29T00:00:00Z,9.5545,10.5035
2022-08-30T00:00:00Z,6.891,7.69
2022-08-31T00:00:00Z,4.191,4.7275
2022-09-01T00:00:00Z,4.0575,4.676
2022-09-02T00:00:00Z,6.531,7.34
2022-09-03T00:00:00Z,5.607,6.2225
2022-09-04T00:00:00Z,5.388,5.949
2022-09-05T00:00:00Z,6.0675,6.72
2022-09-06T00:00:00Z,5.7985,6.594
2022-09-07T00:00:00Z,6.542,7.2675
2022-09-08T00:00:00Z,7.9105,8.818
2022-09-09T00:00:00Z,32.648,39.159
2022-09-10T00:00:00Z,45.151,55.2765
2022-09-11T00:00:00Z,42.976,53.461
2022-09-12T00:00:00Z,35.861,43.0495
2022-09-13T00:00:00Z,11.335,12.634
2022-09-14T00:00:00Z,5.3245,5.816
2022-09-15T00:00:00Z,4.78,5.329
2022-09-16T00:00:00Z,4.44,5.0785
2022-09-17T00:00:00Z,13.6635,15.0455
2022-09-18T00:00:00Z,11.284,12.5055
2022-09-19T00:00:00Z,0.8785,1.165
2022-09-20T00:00:00Z,1.8155,2.302
2022-09-21T00:00:00Z,2.358,2.7035
2022-09-22T00:00:00Z,2.311,2.748
2022-09-23T00:00:00Z,3.9145,4.535
2022-09-24T00:00:00Z,6.0145,6.772
2022-09-25T00:00:00Z,6.404,7.2045
2022-09-26T00:00:00Z,5.5785,6.3315
2022-09-27T00:00:00Z,4.5765,5.3575
2022-09-28T00:00:00Z,3.299,3.8325
2022-09-29T00:00:00Z,3.824,4.2735
2022-09-30T00:00:00Z,5.269,5.8555
2022-10-01T00:00:00Z,3.849,4.268
2022-10-02T00:00:00Z,7.986,8.785
2022-10-03T00:00:00Z,5.612,6.3565
2022-10-04T00:00:00Z,5.4935,6.213
2022-10-05T00:00:00Z,6.0435,6.8165
2022-10-06T00:00:00Z,5.53,6.2805
2022-10-07T00:00:00Z,4.565,5.3865
2022-10-08T00:00:00Z,6.1475,6.912
2022-10-09T00:00:00Z,7.4155,8.266
2022-10-10T00:00:00Z,6.3565,7.1945
2022-10-11T00:00:00Z,11.611,13.396
2022-10-12T00:00:00Z,11.1565,13.1285
2022-10-13T00:00:00Z,10.0555,11.5755
2022-10-14T00:00:00Z,9.526,11.2595
2022-10-15T00:00:00Z,7.504,8.6685
2022-10-16T00:00:00Z,7.8245,8.9345
2022-10-17T00:00:00Z,4.0375,4.7865
2022-10-18T00:00:00Z,4.6635,5.5345
2022-10-19T00:00:00Z,6.2255,7.507
2022-10-20T00:00:00Z,6.844,8.227
2022-10-21T00:00:00Z,4.7355,5.7265
2022-10-22T00:00:00Z,2.7915,3.49
2022-10-23T00:00:00Z,2.4395,2.882
2022-10-24T00:00:00Z,6.228,7.1755
2022-10-25T00:00:00Z,3.766,4.2825
2022-10-26T00:00:00Z,4.6455,5.391
2022-10-27T00:00:00Z,4.652,5.445
2022-10-28T00:00:00Z,13.03,14.9055
2022-10-29T00:00:00Z,20.046,24.0225
2022-10-30T00:00:00Z,21.0885,25.9325
2022-10-31T00:00:00Z,11.0975,13.542
2022-11-01T00:00:00Z,5.1965,6.2285
2022-11-02T00:00:00Z,195.011,195.5005
2022-11-03T00:00:00Z,8.3015,10.239
2022-11-04T00:00:00Z,5.9245,6.729
2022-11-05T00:00:00Z,0.837,1.0405
2022-11-06T00:00:00Z,2.055,2.4085
2022-11-07T00:00:00Z,2.0355,2.299
2022-11-08T00:00:00Z,2.009,2.433
2022-11-09T00:00:00Z,6.896,8.434
2022-11-10T00:00:00Z,2.5515,3.0045
2022-11-11T00:00:00Z,4.1875,4.924
2022-11-12T00:00:00Z,18.2885,20.9405
2022-11-13T00:00:00Z,27.729,33.2935
2022-11-14T00:00:00Z,11.127,13.271
2022-11-15T00:00:00Z,12.8265,15.422
2022-11-16T00:00:00Z,9.557,11.595
2022-11-17T00:00:00Z,17.491,21.2305
2022-11-18T00:00:00Z,16.438,20.5375
2022-11-19T00:00:00Z,12.581,15.412
2022-11-20T00:00:00Z,29.97,36.808
2022-11-21T00:00:00Z,42.458,55.292
2022-11-22T00:00:00Z,42.5235,56.12
2022-11-23T00:00:00Z,41.262,56.3725
2022-11-24T00:00:00Z,15.3415,18.955
2022-11-25T00:00:00Z,17.755,21.13
2022-11-26T00:00:00Z,29.654,36.2765
2022-11-27T00:00:00Z,20.23,25.5965
2022-11-28T00:00:00Z,3.2505,3.6565
2022-11-29T00:00:00Z,5.064,5.9055
2022-11-30T00:00:00Z,1.2835,1.753
2022-12-01T00:00:00Z,0.903,1.2625
2022-12-02T00:00:00Z,1.58,2.1935
2022-12-03T00:00:00Z,12.626,14.687
2022-12-04T00:00:00Z,30.3575,34.912
2022-12-05T00:00:00Z,12.3845,14.77
2022-12-06T00:00:00Z,22.644,28.3395
2022-12-07T00:00:00Z,36.6865,49.079
2022-12-08T00:00:00Z,32.74,45.32
2022-12-09T00:00:00Z,13.5505,17.096
2022-12-10T00:00:00Z,7.3,8.925
2022-12-11T00:00:00Z,1.492,1.7205
2022-12-12T00:00:00Z,2.148,2.621
2022-12-13T00:00:00Z,5.148,6.4835
2022-12-14T00:00:00Z,5.0115,6.0555
2022-12-15T00:00:00Z,14.842,17.2445
2022-12-16T00:00:00Z,11.533,13.9385
2022-12-17T00:00:00Z,20.011,24.579
2022-12-18T00:00:00Z,32.179,39.3045
2022-12-19T00:00:00Z,51.018,64.883
2022-12-20T00:00:00Z,49.5785,63.699
2022-12-21T00:00:00Z,28.7465,37.9075
2022-12-22T00:00:00Z,0.9545,1.5165
2022-12-23T00:00:00Z,17.985,20.0775
2022-12-24T00:00:00Z,52.098,64.072
2022-12-25T00:00:00Z,67.861,89.5535
2022-12-26T00:00:00Z,45.9705,60.5035
2022-12-27T00:00:00Z,13.219,16.8615
2022-12-28T00:00:00Z,1.676,2.1265
2022-12-29T00:00:00Z,2.893,3.427
2022-12-30T00:00:00Z,1.186,1.549
2022-12-31T00:00:00Z,1.1215,1.3175
2023-01-01T00:00:00Z,10.045,12.8055
2023-01-02T00:00:00Z,1.0795,1.3405
2023-01-03T00:00:00Z,15.3595,19.047
2023-01-04T00:00:00Z,20.476,25.6125
2023-01-05T00:00:00Z,3.789,4.5535
2023-01-06T00:00:00Z,4.2185,5.2035
2023-01-07T00:00:00Z,17.336,20.5475
2023-01-08T00:00:00Z,4.346,5.1275
2023-01-09T00:00:00Z,2.919,3.644
2023-01-10T00:00:00Z,0.483,0.612
2023-01-11T00:00:00Z,3.8855,4.943
2023-01-12T00:00:00Z,4.545,5.407
2023-01-13T00:00:00Z,9.9975,11.7325
2023-01-14T00:00:00Z,12.649,15.179
2023-01-15T00:00:00Z,1.2265,1.4665
2023-01-16T00:00:00Z,5.793,7.263
2023-01-17T00:00:00Z,16.041,20.259
2023-01-18T00:00:00Z,4.1185,4.9005
2023-01-19T00:00:00Z,8.1455,9.4555
2023-01-20T00:00:00Z,14.149,17.6635
2023-01-21T00:00:00Z,6.904,8.5365
2023-01-22T00:00:00Z,21.3705,25.373
2023-01-23T00:00:00Z,11.189,13.882
2023-01-24T00:00:00Z,10.1215,12.3515
2023-01-25T00:00:00Z,29.763,37.164
2023-01-26T00:00:00Z,36.381,47.237
2023-01-27T00:00:00Z,12.276,16.1965
2023-01-28T00:00:00Z,2.1015,2.633
2023-01-29T00:00:00Z,3.1555,3.841
2023-01-30T00:00:00Z,2.834,3.7845
2023-01-31T00:00:00Z,10.692,12.535
2023-02-01T00:00:00Z,43.209,52.109
2023-02-02T00:00:00Z,55.047,70.3805
2023-02-03T00:00:00Z,68.026,90.873
2023-02-04T00:00:00Z,68.7145,93.9015
2023-02-05T00:00:00Z,57.119,79.403
2023-02-06T00:00:00Z,22.992,29.1805
2023-02-07T00:00:00Z,17.709,20.3145
2023-02-08T00:00:00Z,30.4645,36.435
2023-02-10T00:00:00Z,14.0905,15.752
2023-02-11T00:00:00Z,44.681,55.9255
2023-02-12T00:00:00Z,47.034,60.687
2023-02-13T00:00:00Z,41.9645,54.364
2023-02-14T00:00:00Z,11.464,14.815
2023-02-15T00:00:00Z,0.7985,1.167
2023-02-16T00:00:00Z,3.0455,3.927
2023-02-17T00:00:00Z,10.896,12.6985
2023-02-18T00:00:00Z,36.2875,43.001
2023-02-19T00:00:00Z,21.399,26.178
2023-02-20T00:00:00Z,5.4795,6.6695
2023-02-21T00:00:00Z,2.9235,3.866
2023-02-22T00:00:00Z,2.94,3.474
2023-02-23T00:00:00Z,2.0095,2.529
2023-02-24T00:00:00Z,2.98,3.4225
2023-02-25T00:00:00Z,3.5375,4.2845
2023-02-26T00:00:00Z,20.365,24.652
2023-02-27T00:00:00Z,0.201,0.298
2023-02-28T00:00:00Z,0.3415,0.4685
2023-03-01T00:00:00Z,1.387,1.705
2023-03-02T00:00:00Z,2.854,3.3705
2023-03-03T00:00:00Z,4.58,5.407
2023-03-04T00:00:00Z,5.068,6.6115
2023-03-05T00:00:00Z,1.6795,2.1795
2023-03-06T00:00:00Z,4.0405,4.948
2023-03-07T00:00:00Z,10.106,11.5455
2023-03-08T00:00:00Z,19.912,23.52
2023-03-09T00:00:00Z,5.3455,6.578
2023-03-10T00:00:00Z,3.1225,3.6545
2023-03-11T00:00:00Z,3.647,4.2535
2023-03-12T00:00:00Z,13.6965,16.2755
2023-03-13T00:00:00Z,14.59,17.768
2023-03-14T00:00:00Z,1.6205,1.9135
2023-03-16T00:00:00Z,3.3865,3.8605
2023-03-17T00:00:00Z,2.745,3.516
2023-03-18T00:00:00Z,5.3675,6.432
2023-03-19T00:00:00Z,1.4965,1.8985
2023-03-20T00:00:00Z,1.347,1.6565
2023-03-21T00:00:00Z,8.4025,10.7525
2023-03-22T00:00:00Z,1.2515,1.529
2023-03-23T00:00:00Z,1.858,2.2125
2023-03-24T00:00:00Z,3.238,3.9075
2023-03-25T00:00:00Z,1.254,1.4295
2023-03-26T00:00:00Z,0.7485,1.0005
2023-03-27T00:00:00Z,1.646,2.0035
2023-03-28T00:00:00Z,2.3935,2.899
2023-03-29T00:00:00Z,1.132,1.5115
2023-03-30T00:00:00Z,1.4285,1.8465
2023-03-31T00:00:00Z,2.22,2.579
2023-04-01T00:00:00Z,1.433,1.808
2023-04-02T00:00:00Z,1.318,1.6465
2023-04-03T00:00:00Z,4.1095,5.027
2023-04-04T00:00:00Z,1.0095,1.2605
2023-04-05T00:00:00Z,4.366,5.165
2023-04-06T00:00:00Z,1.8975,2.2915
2023-04-07T00:00:00Z,6.2135,7.0895
2023-04-08T00:00:00Z,10.6815,12.164
2023-04-09T00:00:00Z,9.2145,10.7055
2023-04-10T00:00:00Z,4.2935,5.079
2023-04-11T00:00:00Z,1.809,2.34
2023-04-12T00:00:00Z,1.3385,1.9805
2023-04-13T00:00:00Z,2.968,3.961
2023-04-14T00:00:00Z,3.135,3.7625
2023-04-15T00:00:00Z,3.886,4.5985
2023-04-16T00:00:00Z,3.8795,4.7635
2023-04-17T00:00:00Z,3.0685,3.788
2023-04-18T00:00:00Z,4.247,5.731
2023-04-19T00:00:00Z,1.071,1.545
2023-04-20T00:00:00Z,1.6945,2.261
2023-04-21T00:00:00Z,1.672,2.137
2023-04-22T00:00:00Z,4.4565,5.2525
2023-04-23T00:00:00Z,6.022,6.835
2023-04-24T00:00:00Z,3.063,3.6625
2023-04-25T00:00:00Z,2.515,2.9465
2023-04-26T00:00:00Z,11.179,12.552
2023-04-27T00:00:00Z,3.824,4.4295
2023-04-28T00:00:00Z,1.683,2.151
2023-04-29T00:00:00Z,3.642,4.3365
2023-04-30T00:00:00Z,2.753,3.3875
2023-05-01T00:00:00Z,2.874,3.5145
2023-05-02T00:00:00Z,4.466,5.2755
2023-05-03T00:00:00Z,3.8265,4.6745
2023-05-04T00:00:00Z,3.65,4.4155
2023-05-05T00:00:00Z,0.6515,1.1025
2023-05-06T00:00:00Z,0.471,0.651
2023-05-07T00:00:00Z,2.6615,3.0445
2023-05-08T00:00:00Z,3.941,4.6
2023-05-09T00:00:00Z,5.2745,6.1345
2023-05-10T00:00:00Z,2.5265,3.0635
2023-05-11T00:00:00Z,6.345,7.419
2023-05-12T00:00:00Z,5.1085,6.203
2023-05-13T00:00:00Z,5.3275,6.111
2023-05-14T00:00:00Z,3.0355,3.394
2023-05-15T00:00:00Z,2.8515,3.3245
2023-05-16T00:00:00Z,5.548,6.3425
2023-05-17T00:00:00Z,4.664,5.347
2023-05-18T00:00:00Z,3.353,3.9995
2023-05-19T00:00:00Z,8.522,9.871
2023-05-20T00:00:00Z,39.183,49.2935
2023-05-21T00:00:00Z,30.88,37.1985
2023-05-22T00:00:00Z,17.408,19.9555
2023-05-23T00:00:00Z,4.5025,5.3615
2023-05-24T00:00:00Z,3.6675,4.378
2023-05-25T00:00:00Z,3.354,3.905
2023-05-26T00:00:00Z,4.7525,5.3925
2023-05-27T00:00:00Z,5.1375,5.817
2023-05-28T00:00:00Z,6.484,7.1905
2023-05-29T00:00:00Z,6.9865,7.7165
2023-05-30T00:00:00Z,5.9635,6.7925
2023-05-31T00:00:00Z,4.2675,5.1255
2023-06-01T00:00:00Z,2.2535,2.815
2023-06-02T00:00:00Z,1.995,2.4435
2023-06-03T00:00:00Z,4.9335,5.684
2023-06-04T00:00:00Z,3.244,3.7895
2023-06-05T00:00:00Z,4.0825,4.7055
2023-06-06T00:00:00Z,3.9145,4.5475
2023-06-07T00:00:00Z,2.4265,2.8995
2023-06-08T00:00:00Z,2.9655,3.493
2023-06-09T00:00:00Z,3.345,3.9145
2023-06-10T00:00:00Z,4.4995,5.1875
2023-06-11T00:00:00Z,2.898,3.329
2023-06-12T00:00:00Z,2.5115,3.0735
2023-06-13T00:00:00Z,2.394,2.8855
2023-06-14T00:00:00Z,2.4615,2.8575
2023-06-15T00:00:00Z,2.09,2.434
2023-06-16T00:00:00Z,3.637,4.359
2023-06-17T00:00:00Z,3.923,4.591
2023-06-18T00:00:00Z,4.0135,4.536
2023-06-19T00:00:00Z,4.8165,6.1175
2023-06-20T00:00:00Z,3.619,4.3605
2023-06-21T00:00:00Z,2.4895,3.0805
2023-06-22T00:00:00Z,3.608,4.2115
2023-06-23T00:00:00Z,3.9975,4.793
2023-06-24T00:00:00Z,5.311,6.1625
2023-06-25T00:00:00Z,7.36,8.246
2023-06-26T00:00:00Z,2.571,3.0855
2023-06-27T00:00:00Z,3.623,4.192
2023-06-28T00:00:00Z,3.943,4.5505
2023-06-29T00:00:00Z,4.7505,5.402
2023-06-30T00:00:00Z,4.7205,5.302
2023-07-01T00:00:00Z,6.0825,6.7075
2023-07-02T00:00:00Z,5.4925,6.219
2023-07-03T00:00:00Z,10.1595,11.0495
2023-07-04T00:00:00Z,5.0365,5.664
2023-07-05T00:00:00Z,13.484,15.313
2023-07-06T00:00:00Z,8.1145,9.0095
2023-07-07T00:00:00Z,6.0985,6.6655
2023-07-08T00:00:00Z,7.272,7.969
2023-07-09T00:00:00Z,6.6255,7.3205
2023-07-10T00:00:00Z,2.0725,2.487
2023-07-11T00:00:00Z,2.8015,3.399
2023-07-12T00:00:00Z,3.2165,3.7475
2023-07-13T00:00:00Z,4.2655,4.8525
2023-07-14T00:00:00Z,4.3565,4.984
2023-07-15T00:00:00Z,3.895,4.4535
2023-07-16T00:00:00Z,3.167,3.6125
2023-07-17T00:00:00Z,3.494,4.0285
2023-07-18T00:00:00Z,6.208,6.8335
2023-07-19T00:00:00Z,2.961,3.346
2023-07-20T00:00:00Z,3.836,4.309
2023-07-21T00:00:00Z,5.6175,6.078
2023-07-22T00:00:00Z,4.4055,4.801
2023-07-23T00:00:00Z,4.056,4.439
2023-07-24T00:00:00Z,2.963,3.384
2023-07-25T00:00:00Z,4.537,5.342
2023-07-26T00:00:00Z,1.9085,2.256
2023-07-27T00:00:00Z,1.433,1.769
2023-07-28T00:00:00Z,3.374,3.914
2023-07-29T00:00:00Z,3.3025,3.692
2023-07-30T00:00:00Z,5.6005,6.2315
2023-07-31T00:00:00Z,7.673,8.283
2023-08-01T00:00:00Z,4.972,5.374
2023-08-02T00:00:00Z,4.971,5.4885
2023-08-03T00:00:00Z,2.129,2.378
2023-08-04T00:00:00Z,3.0985,3.446
2023-08-05T00:00:00Z,3.8565,4.219
2023-08-06T00:00:00Z,3.5435,3.951
2023-08-07T00:00:00Z,4.9975,5.569
2023-08-08T00:00:00Z,7.6725,8.607
2023-08-09T00:00:00Z,9.182,10.2
2023-08-10T00:00:00Z,7.9455,8.7905
2023-08-11T00:00:00Z,2.491,2.9575
2023-08-12T00:00:00Z,1.8995,2.207
2023-08-13T00:00:00Z,2.099,2.413
2023-08-14T00:00:00Z,3.9645,4.412
2023-08-15T00:00:00Z,6.062,6.674
2023-08-16T00:00:00Z,2.292,2.6465
2023-08-17T00:00:00Z,2.552,2.959
2023-08-18T00:00:00Z,1.667,1.962
2023-08-19T00:00:00Z,0.647,0.824
2023-08-20T00:00:00Z,3.916,4.412
2023-08-21T00:00:00Z,3.41,3.7825
2023-08-22T00:00:00Z,2.068,2.4745
2023-08-23T00:00:00Z,2.308,2.754
2023-08-24T00:00:00Z,4.846,5.6015
2023-08-25T00:00:00Z,6.713,7.5815
2023-08-26T00:00:00Z,5.953,6.6385
2023-08-27T00:00:00Z,4.6525,5.2355
2023-08-28T00:00:00Z,3.661,4.2085
2023-08-29T00:00:00Z,3.894,4.568
2023-08-30T00:00:00Z,23.1525,29.1675
2023-08-31T00:00:00Z,25.5995,30.7495
2023-09-01T00:00:00Z,1.525,1.922
2023-09-02T00:00:00Z,4.122,4.537
2023-09-03T00:00:00Z,2.6775,2.937
2023-09-04T00:00:00Z,3.745,4.209
2023-09-05T00:00:00Z,4.941,5.419
2023-09-06T00:00:00Z,3.996,4.569
2023-09-07T00:00:00Z,3.282,3.8305
2023-09-08T00:00:00Z,2.622,2.9585
2023-09-09T00:00:00Z,4.345,4.912
2023-09-10T00:00:00Z,5.209,5.6545
2023-09-11T00:00:00Z,5.444,5.9965
2023-09-12T00:00:00Z,5.8335,6.512
2023-09-13T00:00:00Z,4.24,4.747
2023-09-14T00:00:00Z,6.2085,7.0385
2023-09-15T00:00:00Z,5.317,6.0585
2023-09-16T00:00:00Z,4.5015,5.0855
2023-09-17T00:00:00Z,5.553,6.185
2023-09-18T00:00:00Z,4.5525,5.159
2023-09-19T00:00:00Z,2.8065,3.2775
2023-09-20T00:00:00Z,2.0845,2.6675
2023-09-21T00:00:00Z,4.9785,6.123
2023-09-22T00:00:00Z,3.372,3.9325
2023-09-23T00:00:00Z,6.949,8.0695
2023-09-24T00:00:00Z,7.8285,8.9655
2023-09-25T00:00:00Z,6.6995,7.6775
2023-09-26T00:00:00Z,4.419,5.049
2023-09-27T00:00:00Z,4.1605,4.7125
2023-09-28T00:00:00Z,4.734,5.483
2023-09-29T00:00:00Z,4.2315,5.0185
2023-09-30T00:00:00Z,2.415,2.9475
2023-10-01T00:00:00Z,1.5875,1.967
2023-10-02T00:00:00Z,4.163,4.6
2023-10-03T00:00:00Z,3.114,3.3215
2023-10-04T00:00:00Z,3.6205,3.826
2023-10-05T00:00:00Z,3.7,3.936
2023-10-06T00:00:00Z,5.3425,5.7245
2023-10-07T00:00:00Z,4.8635,5.2095
2023-10-08T00:00:00Z,4.237,4.551
2023-10-09T00:00:00Z,2.5305,2.7265
2023-10-10T00:00:00Z,1.5465,1.7335
2023-10-11T00:00:00Z,1.4705,1.658
2023-10-12T00:00:00Z,0.6185,0.7115
2023-10-13T00:00:00Z,3.124,3.412
2023-10-14T00:00:00Z,3.2995,3.6265
2023-10-15T00:00:00Z,3.6875,4.014
2023-10-16T00:00:00Z,5.6005,6.1635
2023-10-17T00:00:00Z,6.945,7.632
2023-10-18T00:00:00Z,5.336,5.913
2023-10-19T00:00:00Z,4.2765,4.6725
2023-10-20T00:00:00Z,4.9235,5.4
2023-10-21T00:00:00Z,4.2455,4.5635
2023-10-22T00:00:00Z,4.2215,4.5405
2023-10-23T00:00:00Z,7.4485,8.0185
2023-10-24T00:00:00Z,9.286,10.048
2023-10-25T00:00:00Z,2.7865,3.094
2023-10-26T00:00:00Z,1.0275,1.2185
2023-10-27T00:00:00Z,2.1195,2.351
2023-10-28T00:00:00Z,2.886,3.253
2023-10-29T00:00:00Z,2.381,2.745
2023-10-30T00:00:00Z,5.2895,5.939
2023-10-31T00:00:00Z,7.9725,8.92
2023-11-01T00:00:00Z,13.5895,15.509
2023-11-02T00:00:00Z,10.862,12.4405
2023-11-03T00:00:00Z,11.0705,12.615
2023-11-04T00:00:00Z,6.1125,6.6835
2023-11-05T00:00:00Z,5.2925,5.7745
2023-11-06T00:00:00Z,4.4975,5.167
2023-11-07T00:00:00Z,2.3765,2.63
2023-11-08T00:00:00Z,3.1655,3.5185
2023-11-09T00:00:00Z,3.8835,4.2545
2023-11-10T00:00:00Z,6.4545,7.2125
2023-11-11T00:00:00Z,8.0815,9.0965
2023-11-12T00:00:00Z,8.0925,9.1395
2023-11-13T00:00:00Z,5.6645,6.312
2023-11-14T00:00:00Z,2.5275,2.817
2023-11-15T00:00:00Z,6.9155,7.5555
2023-11-16T00:00:00Z,2.362,2.6075
2023-11-17T00:00:00Z,7.386,8.0555
2023-11-18T00:00:00Z,11.246,12.328
2023-11-19T00:00:00Z,4.929,5.4245
2023-11-20T00:00:00Z,0.1515,0.22
2023-11-21T00:00:00Z,3.724,4.1275
2023-11-22T00:00:00Z,11.166,12.5515
2023-11-23T00:00:00Z,17.5885,20.7535
2023-11-24T00:00:00Z,5.3185,6.1645
2023-11-25T00:00:00Z,0.9435,1.11
2023-11-26T00:00:00Z,3.2335,3.5755
2023-11-27T00:00:00Z,11.2665,12.809
2023-11-28T00:00:00Z,18.712,23.344
2023-11-29T00:00:00Z,22.464,29.4225
2023-11-30T00:00:00Z,21.891,29.7975
2023-12-01T00:00:00Z,17.651,23.6085
2023-12-02T00:00:00Z,1.177,1.3805
2023-12-03T00:00:00Z,0.341,0.4215
2023-12-04T00:00:00Z,2.6695,2.9865
2023-12-05T00:00:00Z,3.523,3.8625
2023-12-06T00:00:00Z,5.3725,5.9345
2023-12-07T00:00:00Z,3.7045,4.1275
2023-12-08T00:00:00Z,1.1045,1.2845
2023-12-09T00:00:00Z,0.9035,1.048
2023-12-10T00:00:00Z,1.794,2.0215
2023-12-11T00:00:00Z,6.342,7.019
2023-12-12T00:00:00Z,12.513,14.21
2023-12-13T00:00:00Z,10.9965,12.7945
2023-12-14T00:00:00Z,6.319,7.247
2023-12-15T00:00:00Z,12.856,15.09
2023-12-16T00:00:00Z,18.6155,22.4015
2023-12-17T00:00:00Z,22.6525,28.843
2023-12-18T00:00:00Z,22.095,29.4785
2023-12-19T00:00:00Z,20.235,26.6825
2023-12-20T00:00:00Z,14.858,18.638
2023-12-21T00:00:00Z,13.8575,16.363
2023-12-22T00:00:00Z,9.621,11.1905
2023-12-23T00:00:00Z,12.385,14.044
2023-12-24T00:00:00Z,0.523,0.6025
2023-12-25T00:00:00Z,4.6025,5.13
2023-12-26T00:00:00Z,7.715,8.7255
2023-12-27T00:00:00Z,11.214,12.925
2023-12-28T00:00:00Z,18.708,22.6755
2023-12-29T00:00:00Z,20.166,25.2335
2023-12-30T00:00:00Z,22.798,29.6805
