time_stamp,pm2.5_atm
1/1/2020,51.668
1/2/2020,36.8085
1/3/2020,43.775
1/4/2020,45.1225
1/5/2020,42.216
1/6/2020,42.9905
1/7/2020,37.6425
1/8/2020,36.1425
1/9/2020,54.646
1/10/2020,36.97
1/11/2020,35.6375
1/12/2020,35.8175
1/13/2020,44.5655
1/14/2020,29.9385
1/15/2020,29.316
1/16/2020,35.65
1/17/2020,31.226
1/18/2020,30.897
1/19/2020,33.4795
1/20/2020,45.1045
1/21/2020,33.891
1/22/2020,41.9305
1/23/2020,53.6425
1/24/2020,59.672
1/25/2020,60.2415
1/26/2020,56.8055
1/27/2020,46.041
1/28/2020,38.912
1/29/2020,38.667
1/30/2020,37.259
1/31/2020,44.86
2/1/2020,42.2695
2/2/2020,35.653
2/3/2020,32.4655
2/4/2020,28.777
2/5/2020,26.5915
2/6/2020,39.652
2/7/2020,43.971
2/8/2020,45.348
2/9/2020,34.252
2/10/2020,32.026
2/11/2020,43.9085
2/12/2020,38.5325
2/13/2020,38.265
2/14/2020,33.9265
2/15/2020,39.239
2/16/2020,41.5395
2/17/2020,40.465
2/18/2020,35.2895
2/19/2020,45.093
2/20/2020,45.1295
2/21/2020,46.8935
2/22/2020,58.155
2/23/2020,58.5835
2/24/2020,41.515
2/25/2020,40.5315
2/26/2020,39.9195
2/27/2020,39.4905
2/28/2020,44.8085
2/29/2020,43.492
3/1/2020,38.9745
3/2/2020,45.664
3/3/2020,41.017
3/4/2020,46.5435
3/5/2020,42.0425
3/6/2020,39.611
3/7/2020,40.4425
3/8/2020,39.4515
3/9/2020,41.0815
3/10/2020,40.4275
3/11/2020,36.215
3/12/2020,44.13
3/13/2020,39.735
3/14/2020,38.5045
3/15/2020,38.166
3/16/2020,38.0395
3/17/2020,35.8905
3/18/2020,37.2235
3/19/2020,39.9635
3/20/2020,39.2945
3/21/2020,37.034
3/22/2020,42.3755
3/23/2020,35.7625
3/24/2020,36.39
3/25/2020,37.9735
3/26/2020,38.0145
3/27/2020,41.0865
3/28/2020,37.4825
3/29/2020,44.5165
3/30/2020,35.1735
3/31/2020,40.7635
4/1/2020,40.163
4/2/2020,38.5385
4/3/2020,34.77
4/4/2020,38.5985
4/5/2020,42.0805
4/6/2020,41.635
4/7/2020,38.3695
4/8/2020,38.703
4/9/2020,46.0835
5/19/2020,39.215
5/20/2020,40.7355
5/21/2020,36.323
5/22/2020,37.2505
5/23/2020,46.7215
5/24/2020,39.3225
5/25/2020,38.601
5/26/2020,38.6155
5/27/2020,40.0785
5/28/2020,37.6135
5/29/2020,41.37
5/30/2020,33.6955
5/31/2020,35.4845
6/1/2020,32.152
6/2/2020,39.317
6/3/2020,40.6515
6/4/2020,42.6105
6/5/2020,44.492
6/6/2020,44.177
6/7/2020,43.299
6/8/2020,50.2165
6/9/2020,40.904
6/10/2020,41.8175
6/11/2020,36.6965
6/12/2020,39.388
6/13/2020,36.6575
6/14/2020,39.0075
6/15/2020,38.2625
6/16/2020,39.6245
6/17/2020,43.818
6/18/2020,46.472
6/19/2020,42.0195
6/20/2020,37.876
6/21/2020,37.033
6/22/2020,36.167
6/23/2020,37.6445
6/24/2020,38.041
6/25/2020,35.526
6/26/2020,38.536
6/27/2020,38.5665
6/28/2020,43.6175
6/29/2020,50.9995
6/30/2020,46.199
7/1/2020,43.7035
7/2/2020,38.138
7/3/2020,41.5905
7/4/2020,43.139
7/5/2020,51.449
7/6/2020,44.837
7/7/2020,41.804
7/8/2020,47.6355
7/9/2020,43.8125
7/10/2020,45.25
7/11/2020,42.782
7/12/2020,44.1085
7/13/2020,44.872
7/14/2020,42.9645
7/15/2020,43.249
7/16/2020,46.539
7/17/2020,40.2505
7/18/2020,39.3485
7/19/2020,44.997
7/20/2020,43.8175
7/21/2020,56.1815
7/22/2020,51.711
7/23/2020,45.2165
7/24/2020,43.802
7/25/2020,46.857
7/26/2020,46.5195
7/27/2020,45.7845
7/28/2020,44.5535
7/29/2020,43.824
7/30/2020,41.9715
7/31/2020,41.978
8/1/2020,41.9985
8/2/2020,40.542
8/3/2020,47.968
8/4/2020,48.2855
8/5/2020,46.5895
8/6/2020,44.587
8/7/2020,43.343
8/8/2020,39.961
8/9/2020,45.2455
8/10/2020,43.9205
8/11/2020,42.799
8/12/2020,42.1115
8/13/2020,41.8875
8/14/2020,41.664
8/15/2020,46.9685
8/16/2020,46.516
8/17/2020,49.392
8/18/2020,68.077
8/19/2020,50.647
8/20/2020,50.373
8/21/2020,69.2995
8/22/2020,75.9675
8/23/2020,64.092
8/24/2020,55.3405
8/25/2020,54.486
8/26/2020,55.207
8/27/2020,53.7905
8/28/2020,52.61
8/29/2020,49.3335
8/30/2020,53.52
8/31/2020,56.4315
9/1/2020,48.497
9/2/2020,43.2265
9/3/2020,48.4
9/4/2020,49.9305
9/5/2020,50.4825
9/6/2020,52.338
9/7/2020,102.644
9/8/2020,66.319
9/9/2020,58.341
9/10/2020,55.3525
9/11/2020,57.1845
9/12/2020,58.0665
9/13/2020,56.223
9/14/2020,51.825
9/15/2020,50.3675
9/16/2020,52.7885
9/17/2020,57.0895
9/18/2020,56.897
9/19/2020,74.665
9/20/2020,83.2825
9/21/2020,70.8965
9/22/2020,61.5335
9/23/2020,65.521
9/24/2020,71.675
9/25/2020,68.486
9/26/2020,73.2765
9/27/2020,63.593
9/28/2020,62.925
9/29/2020,63.927
9/30/2020,61.3195
10/1/2020,63.9765
10/2/2020,66.063
10/3/2020,69.941
10/4/2020,87.063
10/5/2020,85.1465
10/6/2020,83.674
10/7/2020,93.066
10/8/2020,80.5605
10/9/2020,60.9555
10/10/2020,65.0085
10/11/2020,66.355
10/12/2020,26.246
10/13/2020,39.683
10/14/2020,61.4075
10/15/2020,51.802
10/16/2020,30.329
10/17/2020,29.5945
10/18/2020,59.341
10/19/2020,44.831
10/20/2020,36.199
10/21/2020,41.204
10/22/2020,49.069
10/23/2020,16.072
10/24/2020,25.183
10/25/2020,23.2255
10/26/2020,1.4895
10/27/2020,5.307
10/28/2020,24.2635
10/29/2020,27.009
10/30/2020,24.102
10/31/2020,26.102
11/1/2020,26.076
11/2/2020,27.6665
11/3/2020,24.497
11/4/2020,42.5515
11/5/2020,37.108
11/6/2020,44.1275
11/7/2020,58.3765
11/8/2020,0.386
11/9/2020,4.485
11/10/2020,2.6875
11/11/2020,2.325
11/12/2020,0.6505
11/13/2020,1.1445
11/14/2020,0.1125
11/15/2020,1.4225
11/16/2020,13.775
11/17/2020,17.6045
11/18/2020,1.253
11/19/2020,0.655
11/20/2020,1.3465
11/21/2020,5.592
11/22/2020,5.344
11/23/2020,11.882
11/24/2020,8.414
11/25/2020,3.8285
11/26/2020,1.983
11/27/2020,2.0345
11/28/2020,4.507
11/29/2020,6.8725
11/30/2020,7.9865
12/1/2020,3.189
12/2/2020,2.2185
12/3/2020,1.334
12/4/2020,3.7695
12/5/2020,9.2595
12/6/2020,14.613
12/7/2020,16.544
12/8/2020,11.978
12/9/2020,15.7885
12/10/2020,20.3805
12/11/2020,15.0055
12/12/2020,8.302
12/13/2020,3.0015
12/14/2020,3.8375
12/15/2020,4.0205
12/16/2020,3.5105
12/17/2020,3.3425
12/18/2020,4.3105
12/19/2020,6.22
12/20/2020,4.7015
12/21/2020,6.696
12/22/2020,3.513
12/23/2020,0.1595
12/24/2020,1.6255
12/25/2020,4.9765
12/26/2020,5.4945
12/27/2020,7.1235
12/28/2020,3.426
12/29/2020,4.503
12/30/2020,7.4095
12/31/2020,9.4385
1/1/2020,5.3
1/2/2020,2.2
1/3/2020,5.5
1/4/2020,8.3
1/5/2020,8.6
1/6/2020,4.6
1/7/2020,3.7
1/8/2020,4.9
1/9/2020,7.5
1/10/2020,1.7
1/11/2020,4.4
1/12/2020,2.2
1/13/2020,2.3
1/14/2020,3
1/15/2020,7.8
1/16/2020,4.7
1/17/2020,4.7
1/18/2020,6.6
1/19/2020,11.2
1/20/2020,24.8
1/21/2020,12.8
1/22/2020,5.7
1/23/2020,7.3
1/24/2020,6.8
1/25/2020,10.2
1/26/2020,6.9
1/27/2020,2.1
1/28/2020,5.3
1/29/2020,5.1
1/30/2020,7.3
1/31/2020,8.1
2/1/2020,5.3
2/2/2020,2.4
2/3/2020,1.5
2/4/2020,7.1
2/5/2020,5.1
2/6/2020,6
2/7/2020,5.3
2/8/2020,2.4
2/9/2020,3.1
2/10/2020,5.5
2/11/2020,6.9
2/12/2020,6.9
2/13/2020,5.7
2/14/2020,2.9
2/15/2020,5.5
2/16/2020,5.8
2/17/2020,1.6
2/18/2020,5.6
2/19/2020,7.4
2/20/2020,8.2
2/21/2020,14.6
2/22/2020,18.3
2/23/2020,7
2/24/2020,1.3
2/25/2020,5
2/26/2020,5.9
2/27/2020,8.6
2/28/2020,5.1
2/29/2020,2.2
3/1/2020,3
3/2/2020,4.1
3/3/2020,6.5
3/4/2020,6
3/5/2020,4.1
3/6/2020,3.2
3/7/2020,5.3
3/8/2020,3.3
3/9/2020,4.1
3/10/2020,4.9
3/11/2020,5
3/12/2020,5.3
3/13/2020,6.1
3/14/2020,3.4
3/15/2020,3.3
3/16/2020,4.5
3/17/2020,4.8
3/18/2020,3.5
3/19/2020,4.3
3/20/2020,2.1
3/21/2020,3.9
3/22/2020,4.2
3/23/2020,2.6
3/24/2020,1.3
3/25/2020,3.1
3/26/2020,2.5
3/27/2020,3.2
3/28/2020,5.3
3/29/2020,4.1
3/30/2020,3.8
3/31/2020,1.5
4/1/2020,2.3
4/2/2020,2.4
4/3/2020,3.2
4/4/2020,3.5
4/5/2020,5
4/6/2020,4.6
4/7/2020,5.2
4/8/2020,6.4
4/9/2020,5.4
4/10/2020,3.9
4/11/2020,4.3
4/12/2020,2.5
4/13/2020,4.6
4/17/2020,4.8
4/18/2020,6.8
4/19/2020,3.1
4/20/2020,6.1
4/21/2020,6.6
4/22/2020,6.3
4/23/2020,3.2
4/24/2020,4
4/25/2020,6.1
4/26/2020,4.6
4/27/2020,6.9
4/28/2020,5.1
4/29/2020,5.4
4/30/2020,5.2
5/1/2020,7.8
5/2/2020,7.7
5/3/2020,5.4
5/4/2020,4.5
5/5/2020,6.6
5/6/2020,11.6
5/7/2020,4.5
5/8/2020,6.2
5/9/2020,6.4
5/10/2020,7.4
5/11/2020,7
5/12/2020,8.2
5/13/2020,5.8
5/14/2020,4.7
5/15/2020,7.3
5/16/2020,8
5/17/2020,12
5/18/2020,9.6
5/19/2020,12.7
5/20/2020,5
5/21/2020,2.8
5/22/2020,7.4
5/23/2020,3.1
5/24/2020,6
5/25/2020,19.9
5/26/2020,7
5/27/2020,12.9
5/28/2020,10.3
5/29/2020,9.7
5/30/2020,5.9
5/31/2020,8.6
6/1/2020,6
6/2/2020,8.9
6/3/2020,8.7
6/4/2020,9.8
6/5/2020,11.6
6/6/2020,6.4
6/7/2020,5
6/8/2020,2.6
6/9/2020,3.5
6/10/2020,4
6/11/2020,5.5
6/12/2020,6.1
6/13/2020,6.9
6/14/2020,5.1
6/15/2020,5.9
6/16/2020,3.7
6/17/2020,2.2
6/18/2020,4.4
6/19/2020,5.4
6/20/2020,6.1
6/21/2020,6.5
6/22/2020,6.6
6/23/2020,6.7
6/24/2020,7.6
6/25/2020,8.1
6/26/2020,6.6
6/27/2020,7.9
6/28/2020,10.5
6/29/2020,3.2
6/30/2020,4.3
7/1/2020,5.4
7/2/2020,6.6
7/3/2020,7.1
7/4/2020,33.8
7/5/2020,49.3
7/6/2020,12.6
7/7/2020,10.2
7/8/2020,10.3
7/9/2020,11.7
7/10/2020,8.8
7/11/2020,9.6
7/12/2020,7.9
7/13/2020,9.1
7/14/2020,6.2
7/15/2020,7.8
7/16/2020,10.8
7/17/2020,7.3
7/18/2020,7.7
7/19/2020,11.7
7/20/2020,10.5
7/21/2020,17.8
7/22/2020,9.6
7/23/2020,5.9
7/24/2020,18
7/25/2020,18.6
7/26/2020,9.2
7/27/2020,10.1
7/28/2020,7.8
7/29/2020,10
7/30/2020,11.5
7/31/2020,10
8/1/2020,8
8/2/2020,7.1
8/3/2020,12.7
8/4/2020,19.2
8/5/2020,15.6
8/6/2020,8.2
8/7/2020,10.6
8/8/2020,16.4
8/9/2020,10.8
8/10/2020,15
8/11/2020,10.3
8/12/2020,15.7
8/13/2020,23.5
8/14/2020,26.7
8/15/2020,15.3
8/16/2020,8.8
8/17/2020,12
8/18/2020,12.1
8/19/2020,15.6
8/20/2020,19.4
8/21/2020,48.7
8/22/2020,36.9
8/23/2020,18.5
8/24/2020,27.4
8/25/2020,24.1
8/26/2020,18.3
8/27/2020,12.9
8/28/2020,13.8
8/29/2020,12.2
8/30/2020,12.3
8/31/2020,6.2
9/1/2020,4.6
9/2/2020,7.1
9/3/2020,7.9
9/4/2020,9.6
9/5/2020,10.1
9/6/2020,26.8
9/7/2020,40.6
9/8/2020,3
9/9/2020,3.7
9/10/2020,9.2
9/11/2020,11.6
9/12/2020,17
9/13/2020,13.8
9/14/2020,8.1
9/15/2020,10.2
9/16/2020,11.2
9/17/2020,15.3
9/18/2020,15.3
9/19/2020,21.7
9/20/2020,18.8
9/21/2020,24.8
9/22/2020,10.3
9/23/2020,14.4
9/24/2020,16.9
9/25/2020,23.7
9/26/2020,11.6
9/27/2020,3.7
9/28/2020,5.2
9/29/2020,7.7
9/30/2020,8.5
10/1/2020,8.7
10/2/2020,12.8
10/3/2020,19.2
10/4/2020,27.9
10/5/2020,22.9
10/6/2020,30.4
10/7/2020,33.8
10/8/2020,18.5
10/9/2020,11.8
10/10/2020,9.1
10/11/2020,3.6
10/12/2020,5.7
10/13/2020,7
10/14/2020,5
10/15/2020,5.1
10/16/2020,6.3
10/17/2020,7.1
10/18/2020,6.1
10/19/2020,7.4
10/20/2020,6.2
10/21/2020,8.1
10/22/2020,4
10/23/2020,10.5
10/24/2020,11.6
10/25/2020,3.8
10/26/2020,7
10/27/2020,14.1
10/28/2020,13.5
10/29/2020,14.3
10/30/2020,7.3
10/31/2020,10.8
11/1/2020,13.3
11/2/2020,14
11/3/2020,16.8
11/4/2020,11
11/5/2020,10.8
11/6/2020,7.7
11/7/2020,5.1
11/8/2020,4.2
11/9/2020,6.3
11/10/2020,4.5
11/11/2020,3.4
11/12/2020,5.8
11/13/2020,5.1
11/14/2020,2.3
11/15/2020,4.2
11/16/2020,11.9
11/17/2020,3.5
11/18/2020,7.4
11/19/2020,6
11/20/2020,8.3
11/21/2020,11.5
11/22/2020,10.9
11/23/2020,16.6
11/24/2020,6.9
11/25/2020,6.8
11/26/2020,4.2
11/27/2020,7.4
11/28/2020,11.8
11/29/2020,17.2
11/30/2020,17.8
12/1/2020,6
12/2/2020,6.5
12/3/2020,9.7
12/4/2020,14.8
12/5/2020,23.4
12/6/2020,29.2
12/7/2020,29.7
12/8/2020,30.6
12/9/2020,31.7
12/10/2020,31.2
12/11/2020,15.9
12/12/2020,8.2
12/13/2020,6.3
12/14/2020,9.9
12/15/2020,7
12/16/2020,6.5
12/17/2020,4.7
12/18/2020,6.4
12/19/2020,8.7
12/20/2020,7
12/21/2020,8
12/22/2020,2.6
12/23/2020,4.7
12/24/2020,9
12/25/2020,15.7
12/26/2020,20.8
12/27/2020,10.9
12/28/2020,8.4
12/29/2020,9.6
12/30/2020,14.4
12/31/2020,16.2
1/1/2020,20.554
1/2/2020,3.9305
1/3/2020,6.4345
1/4/2020,5.2365
1/5/2020,16.279
1/6/2020,10.671
1/7/2020,5.331
1/8/2020,7.477
1/9/2020,15.8125
1/10/2020,1.4235
1/11/2020,2.575
1/12/2020,8.2155
1/13/2020,1.8005
1/14/2020,1.9175
1/15/2020,1.938
1/16/2020,6.379
1/17/2020,0.877
1/18/2020,2.457
1/19/2020,8.0785
1/20/2020,36.465
1/21/2020,36.1595
1/22/2020,16.435
1/23/2020,11.9095
1/24/2020,13.095
1/25/2020,24.907
1/26/2020,25.744
1/27/2020,9.843
1/28/2020,3.9215
1/29/2020,5.111
1/30/2020,8.345
1/31/2020,8.5615
2/1/2020,15.813
2/2/2020,6.7215
2/3/2020,2.1195
2/4/2020,2.8375
2/5/2020,6.1205
2/6/2020,14.3145
2/7/2020,13.0105
2/8/2020,5.0745
2/9/2020,2.181
2/10/2020,3.38
2/11/2020,8.583
2/12/2020,8.2155
2/13/2020,10.2985
2/14/2020,3.3515
2/15/2020,7.626
2/16/2020,10.5645
2/17/2020,3.0655
2/18/2020,3.0725
2/19/2020,10.2385
2/20/2020,5.3665
2/21/2020,15.303
2/22/2020,29.7165
2/23/2020,19.4235
2/24/2020,3.182
2/25/2020,0.968
2/26/2020,2.5225
2/27/2020,5.7005
2/28/2020,4.3935
2/29/2020,2.5695
3/1/2020,2.865
3/2/2020,3.493
3/3/2020,3.396
3/4/2020,4.8355
3/5/2020,2.705
3/6/2020,1.254
3/7/2020,1.523
3/8/2020,2.065
3/9/2020,2.3995
3/10/2020,3.5285
3/11/2020,3.028
3/12/2020,3.0615
3/13/2020,5.344
3/14/2020,0.8695
3/15/2020,0.3305
3/16/2020,0.718
3/17/2020,1.068
3/18/2020,0.226
3/19/2020,3.9285
3/20/2020,4.1405
3/21/2020,3.3625
3/22/2020,1.71
3/23/2020,1.333
3/24/2020,0.131
3/25/2020,1.02
3/26/2020,2.7055
3/27/2020,2.545
3/28/2020,4.568
3/29/2020,3.519
3/30/2020,2.347
3/31/2020,1.0425
4/1/2020,3.301
4/2/2020,0.8375
4/3/2020,0.1225
4/4/2020,1.6345
4/5/2020,4.608
4/6/2020,1.46
4/7/2020,1.2405
4/8/2020,1.5515
4/9/2020,1.471
4/10/2020,1.5745
4/11/2020,0.8475
4/12/2020,0.4935
4/13/2020,1.61
4/14/2020,2.7535
4/15/2020,1.9325
4/16/2020,1.6425
4/17/2020,3.1795
4/18/2020,9.047
4/19/2020,2.2745
4/20/2020,3.0965
4/21/2020,3.611
4/22/2020,1.6735
4/23/2020,1.2025
4/24/2020,0.67
4/25/2020,0.8055
4/26/2020,1.186
4/27/2020,1.31
4/28/2020,1.9295
4/29/2020,1.281
4/30/2020,1.4095
5/1/2020,3.1365
5/2/2020,3.8595
5/3/2020,3.113
5/4/2020,1.781
5/5/2020,1.945
5/6/2020,3.0735
5/7/2020,1.4675
5/8/2020,1.5205
5/9/2020,1.7685
5/10/2020,4.016
5/11/2020,3.2085
5/12/2020,2.1065
5/13/2020,1.245
5/14/2020,1.445
5/15/2020,0.9575
5/16/2020,1.073
5/17/2020,4.247
5/18/2020,1.208
5/19/2020,1.02
5/20/2020,0.6165
5/21/2020,0.697
5/22/2020,1.835
5/23/2020,0.573
5/24/2020,1.831
5/25/2020,1.7955
5/26/2020,1.424
5/27/2020,1.8755
5/28/2020,2.11
5/29/2020,2.197
5/30/2020,2.307
5/31/2020,1.904
6/1/2020,1.3355
6/2/2020,3.69
6/3/2020,3.629
6/4/2020,3.105
6/5/2020,5.032
6/6/2020,2.445
6/7/2020,1.3655
6/8/2020,0.408
6/9/2020,0.1885
6/10/2020,0.429
6/11/2020,0.754
6/12/2020,1.6685
6/13/2020,4.2655
6/14/2020,1.481
6/15/2020,2.9705
6/16/2020,1.101
6/17/2020,0.598
6/18/2020,0.7505
6/19/2020,1.306
6/20/2020,1.387
6/21/2020,1.9405
6/22/2020,3.202
6/23/2020,2.0715
6/24/2020,3.2685
6/25/2020,2.286
6/26/2020,3.2725
6/27/2020,2.689
6/28/2020,4.6155
6/29/2020,1.904
6/30/2020,1.8345
7/1/2020,3.1845
7/2/2020,3.3115
7/3/2020,3.341
7/4/2020,1.545
7/5/2020,8.3925
7/6/2020,5.492
7/7/2020,2.393
7/8/2020,5.7325
7/9/2020,5.5835
7/10/2020,4.734
7/11/2020,4.8095
7/12/2020,3.42
7/13/2020,2.866
7/14/2020,3.028
7/15/2020,3.1
7/16/2020,3.798
7/17/2020,5.77
7/18/2020,3.209
7/19/2020,5.529
7/20/2020,5.4445
7/21/2020,10.4865
7/22/2020,8.717
7/23/2020,4.1025
7/24/2020,1.6845
7/25/2020,4.76
7/26/2020,2.484
7/27/2020,6.009
7/28/2020,2.5825
7/29/2020,7.2835
7/30/2020,7.3695
7/31/2020,5.88
8/1/2020,6.411
8/2/2020,3.7515
8/3/2020,10.5525
8/4/2020,9.923
8/5/2020,10.4105
8/6/2020,6.5665
8/7/2020,3.7225
8/8/2020,3.975
8/9/2020,4.678
8/10/2020,4.671
8/11/2020,3.15
8/12/2020,3.0445
8/13/2020,4.9515
8/14/2020,3.1045
8/15/2020,5.232
8/16/2020,4.4935
8/17/2020,5.8715
8/18/2020,7.659
8/19/2020,10.1585
8/20/2020,12.3
8/21/2020,53.4275
8/22/2020,47.937
8/23/2020,33.5055
8/24/2020,21.311
8/25/2020,15.0125
8/26/2020,11.498
8/27/2020,15.0675
8/28/2020,12.927
8/29/2020,12.961
8/30/2020,17.739
8/31/2020,13.036
9/1/2020,3.8715
9/2/2020,2.843
9/3/2020,2.827
9/4/2020,6.778
9/5/2020,7.0915
9/6/2020,14.084
9/7/2020,50.698
9/8/2020,6.4955
9/9/2020,1.029
9/10/2020,4.5955
9/11/2020,8.9385
9/12/2020,15.282
9/13/2020,22.078
9/14/2020,10.513
9/15/2020,7.0055
9/16/2020,7.386
9/17/2020,14.51
9/18/2020,16.102
9/19/2020,30.09
9/20/2020,26.801
9/21/2020,31.461
9/22/2020,15.876
9/23/2020,14.99
9/24/2020,26.922
9/25/2020,26.682
9/26/2020,20.4745
9/27/2020,3.0595
9/28/2020,2.526
9/29/2020,2.0915
9/30/2020,3.9385
10/1/2020,5.8085
10/2/2020,4.1905
10/3/2020,19.1075
10/4/2020,37.7195
10/5/2020,34.1235
10/6/2020,34.607
10/7/2020,46.6035
10/8/2020,27.2555
10/9/2020,11.452
10/10/2020,7.887
10/11/2020,4.683
10/12/2020,0.932
10/13/2020,1.9735
10/14/2020,2.318
10/15/2020,2.035
10/16/2020,1.6275
10/17/2020,2.1585
10/18/2020,4.4075
10/19/2020,2.537
10/20/2020,1.914
10/21/2020,1.601
10/22/2020,2.094
10/23/2020,2.929
10/24/2020,9.048
10/25/2020,4.561
10/26/2020,4.1505
10/27/2020,12.85
10/28/2020,13.9775
10/29/2020,12.5075
10/30/2020,8.4385
10/31/2020,4.4125
11/1/2020,13.244
11/2/2020,10.9645
11/3/2020,13.8045
11/4/2020,13.13
11/5/2020,7.35
11/6/2020,7.765
11/7/2020,2.821
11/8/2020,0.513
11/9/2020,9.739
11/10/2020,6.363
11/11/2020,6.039
11/12/2020,1.6715
11/13/2020,3.552
11/14/2020,0.456
11/15/2020,1.6505
11/16/2020,7.952
11/17/2020,5.81
11/18/2020,0.657
11/19/2020,3.066
11/20/2020,2.8925
11/21/2020,7.7025
11/22/2020,11.5945
11/23/2020,18.885
11/24/2020,16.9785
11/25/2020,6.9425
11/26/2020,3.5355
11/27/2020,3.6435
11/28/2020,11.587
11/29/2020,18.922
11/30/2020,22.1535
12/1/2020,13.314
12/2/2020,3.4815
12/3/2020,5.4335
12/4/2020,13.822
12/5/2020,28.359
12/6/2020,32.4365
12/7/2020,38.5065
12/8/2020,32.0165
12/9/2020,29.8295
12/10/2020,41.822
12/11/2020,33.492
12/12/2020,8.9415
12/13/2020,5.569
12/14/2020,14.4195
12/15/2020,9.8235
12/16/2020,11.183
12/17/2020,5.312
12/18/2020,8.307
12/19/2020,8.512
12/20/2020,10.883
12/21/2020,10.336
12/22/2020,5.203
12/23/2020,0.361
12/24/2020,2.375
12/25/2020,17.1495
12/26/2020,34.939
12/27/2020,26.2455
12/28/2020,8.552
12/29/2020,9.3495
12/30/2020,11.21
12/31/2020,22.027
1/3/2020,5.8
1/4/2020,8.5
1/5/2020,10.5
1/14/2020,3
1/15/2020,7.2
1/16/2020,4
1/17/2020,2.9
1/18/2020,6.4
1/19/2020,10
1/20/2020,30.2
1/21/2020,17.6
1/22/2020,7.9
1/23/2020,9.2
1/24/2020,10.1
1/25/2020,17.4
1/26/2020,13.8
1/27/2020,3.7
1/28/2020,4.2
1/29/2020,4
1/30/2020,5.8
1/31/2020,8.9
2/1/2020,9.7
2/2/2020,4.9
2/3/2020,2.6
2/4/2020,3.7
2/5/2020,7.3
2/6/2020,10.8
2/7/2020,8.8
2/8/2020,2.9
2/9/2020,3.7
2/10/2020,5.5
2/11/2020,6.2
2/12/2020,8.2
2/13/2020,6.1
2/14/2020,4.2
2/15/2020,5.9
2/16/2020,6.6
2/17/2020,2.3
2/18/2020,4.7
2/19/2020,6.4
2/20/2020,7.5
2/21/2020,15.6
2/22/2020,18.9
2/23/2020,8.7
2/24/2020,2.2
2/25/2020,2.4
2/26/2020,4
2/27/2020,5.1
2/28/2020,4.6
2/29/2020,2.6
3/1/2020,3
3/2/2020,2.9
3/3/2020,4.2
3/4/2020,3.9
3/5/2020,2.8
3/6/2020,3.6
3/7/2020,7
3/8/2020,2.9
3/9/2020,2.9
3/10/2020,2.9
3/11/2020,3.7
3/12/2020,3.5
3/13/2020,4.9
3/14/2020,1.4
3/15/2020,1.8
3/16/2020,2.3
3/17/2020,2.5
3/18/2020,1.5
3/19/2020,3.1
3/20/2020,2.2
3/21/2020,2
3/22/2020,2.5
3/23/2020,1.9
3/24/2020,1.4
3/25/2020,2.4
3/26/2020,1.9
3/27/2020,2.4
3/28/2020,3.3
3/29/2020,2.5
3/30/2020,2.7
3/31/2020,2.2
4/1/2020,3.2
4/2/2020,1.4
4/3/2020,1.3
4/4/2020,4.6
4/5/2020,4.1
4/6/2020,3.9
4/7/2020,3.7
4/8/2020,4.1
4/9/2020,3.4
4/10/2020,2.8
4/11/2020,2.8
4/12/2020,2.2
4/13/2020,8.9
4/14/2020,11.5
4/15/2020,7.7
4/16/2020,4.5
4/17/2020,11.3
4/18/2020,12.6
4/19/2020,9.7
4/20/2020,13.5
4/21/2020,16.2
4/22/2020,12.1
4/23/2020,13.1
4/24/2020,10.9
4/25/2020,12
4/26/2020,12
4/27/2020,21.6
4/28/2020,15.4
4/29/2020,17.9
5/1/2020,5.4
5/2/2020,4.8
5/3/2020,3.9
5/12/2020,6.1
5/13/2020,3.7
5/14/2020,3
5/15/2020,2.3
5/16/2020,3.3
5/17/2020,5.2
5/18/2020,5.8
5/19/2020,6.4
5/20/2020,2.6
5/21/2020,2.6
5/22/2020,4
5/23/2020,1.7
5/24/2020,2.8
5/25/2020,4.1
5/26/2020,3.6
5/27/2020,4.2
5/28/2020,4
5/29/2020,4.5
5/30/2020,4.1
5/31/2020,5.2
6/1/2020,4.1
6/2/2020,5.7
6/3/2020,5.2
6/4/2020,5.4
6/5/2020,7.5
6/6/2020,5.4
6/7/2020,3.9
6/9/2020,1.5
6/10/2020,2.5
6/11/2020,2.9
6/12/2020,5.2
6/13/2020,6
6/14/2020,4.1
6/15/2020,4.8
6/16/2020,3.4
6/17/2020,1.4
6/18/2020,3.9
6/19/2020,3.4
6/20/2020,3.8
6/21/2020,4.2
6/22/2020,4.8
6/23/2020,4.9
6/24/2020,5.6
6/25/2020,4.5
6/26/2020,4
6/27/2020,5.4
6/28/2020,6.8
6/29/2020,2.2
6/30/2020,2.3
7/1/2020,4.7
7/2/2020,6
7/3/2020,4.9
7/4/2020,12
7/5/2020,9
7/6/2020,7.1
7/10/2020,6.1
7/11/2020,7.5
7/12/2020,5.7
7/13/2020,6.2
7/15/2020,5
7/16/2020,6.3
7/17/2020,6.3
7/18/2020,5.3
7/19/2020,7.5
7/20/2020,6.3
7/21/2020,7.3
7/22/2020,6.3
7/23/2020,4.5
7/25/2020,4.6
7/26/2020,4.8
7/27/2020,6.3
7/28/2020,4.9
7/29/2020,6.9
7/30/2020,6.4
7/31/2020,6.1
8/1/2020,5.8
8/2/2020,4.1
8/3/2020,8.1
8/4/2020,9
8/5/2020,8.4
8/6/2020,5.2
8/7/2020,5.1
8/8/2020,4.6
8/9/2020,4.9
8/10/2020,6.2
8/11/2020,6.6
8/12/2020,8.8
8/13/2020,11.8
8/14/2020,9.2
8/15/2020,6.2
8/16/2020,5.3
8/17/2020,7.5
8/19/2020,10.7
8/20/2020,12.5
8/21/2020,41.7
8/22/2020,29.1
8/23/2020,16
8/24/2020,20.8
8/25/2020,13.8
8/26/2020,10.6
8/27/2020,9.2
8/28/2020,11.7
8/29/2020,10.4
8/30/2020,12.7
8/31/2020,6.9
9/1/2020,3.9
9/2/2020,5
9/3/2020,5
9/4/2020,7.9
9/5/2020,7
9/11/2020,10.1
9/12/2020,12.5
9/13/2020,12.4
9/14/2020,7.7
9/15/2020,7.5
9/16/2020,8.7
9/17/2020,17.5
9/18/2020,16
9/19/2020,16.6
9/20/2020,15.2
9/21/2020,19.7
9/22/2020,9.7
9/23/2020,12.7
9/24/2020,16.4
9/25/2020,18.3
9/26/2020,10.8
9/27/2020,4.3
9/28/2020,5.3
9/29/2020,6.7
9/30/2020,5.6
10/1/2020,6.4
10/2/2020,8
10/3/2020,17.7
10/4/2020,23.7
10/5/2020,17.6
10/6/2020,24.5
10/7/2020,27.6
10/8/2020,14.4
10/9/2020,10.2
10/10/2020,9.6
10/11/2020,4.2
10/12/2020,3.6
10/13/2020,5
10/14/2020,5.1
10/15/2020,3.7
10/16/2020,5.4
10/17/2020,5.7
10/18/2020,4.5
10/19/2020,4.5
10/22/2020,3.5
10/23/2020,5.8
10/24/2020,8.3
10/25/2020,3.2
10/26/2020,5.1
10/28/2020,8.6
10/29/2020,10
10/30/2020,5.3
10/31/2020,8.6
11/1/2020,9
11/2/2020,9.9
11/3/2020,13.8
11/4/2020,7.6
11/5/2020,8.6
11/6/2020,6.5
11/7/2020,4.3
11/8/2020,2.2
11/9/2020,4.9
11/12/2020,2.5
11/13/2020,3.3
11/14/2020,2
11/15/2020,4.1
11/16/2020,8.1
11/17/2020,3.3
11/18/2020,7.5
11/19/2020,3.2
11/20/2020,5.2
11/21/2020,7.7
11/22/2020,10.3
11/23/2020,15.3
11/24/2020,8
11/25/2020,6
11/26/2020,3.1
11/27/2020,4.8
11/28/2020,11.1
11/29/2020,13.1
11/30/2020,16.5
12/3/2020,7.6
12/4/2020,14.1
12/5/2020,21.2
12/6/2020,22.8
12/7/2020,27.1
12/8/2020,25
12/9/2020,26.4
12/10/2020,29.3
12/11/2020,15.8
12/12/2020,6.1
12/13/2020,6.3
12/14/2020,8.8
12/15/2020,7.5
12/16/2020,8.5
12/17/2020,4.7
12/18/2020,6.2
12/19/2020,7.8
12/20/2020,9.1
12/21/2020,9
12/22/2020,2.3
12/23/2020,2.5
12/24/2020,6.6
12/25/2020,15.5
12/26/2020,22.3
12/27/2020,11.8
12/28/2020,4.6
12/29/2020,7.7
12/30/2020,11
12/31/2020,14.6
1/1/2020,7.8
1/2/2020,3.2
1/3/2020,5
1/4/2020,8
1/5/2020,8.6
1/6/2020,4.6
1/7/2020,5.2
1/8/2020,5.5
1/9/2020,6.7
1/10/2020,2
1/11/2020,4.2
1/12/2020,3.3
1/13/2020,1.8
1/14/2020,2
1/15/2020,5.2
1/16/2020,5
1/17/2020,3.3
1/18/2020,6.1
1/19/2020,8.8
1/20/2020,28
1/21/2020,16.3
1/22/2020,7.1
1/23/2020,7.4
1/24/2020,8.4
1/25/2020,16.1
1/26/2020,11
1/27/2020,2.4
1/28/2020,3.3
1/29/2020,3.1
1/30/2020,5.5
1/31/2020,7.5
2/1/2020,7.4
2/2/2020,3.6
2/3/2020,1.5
2/4/2020,2
2/5/2020,5.9
2/6/2020,7.1
2/7/2020,7
2/8/2020,2.6
2/9/2020,3.6
2/10/2020,4.4
2/11/2020,5.3
2/12/2020,7.8
2/13/2020,5.6
2/14/2020,4
2/15/2020,5.8
2/16/2020,6.4
2/17/2020,2
2/18/2020,3.6
2/19/2020,6.7
2/20/2020,6.9
2/21/2020,14.3
2/22/2020,18
2/23/2020,8
2/24/2020,1.8
2/25/2020,1.6
2/26/2020,3.5
2/27/2020,6
2/28/2020,4.9
2/29/2020,2.7
3/1/2020,3.3
3/2/2020,3
3/3/2020,4.3
3/4/2020,5.5
3/5/2020,3.5
3/6/2020,4
3/7/2020,7.2
3/8/2020,4.4
3/9/2020,4.5
3/10/2020,5.1
3/11/2020,4.6
3/12/2020,4.8
3/13/2020,5
3/14/2020,1.3
3/15/2020,1.6
3/16/2020,2.3
3/17/2020,2.5
3/18/2020,1.8
3/19/2020,4.2
3/20/2020,3.1
3/21/2020,3.8
3/22/2020,3.2
3/23/2020,2.2
3/24/2020,1.7
3/25/2020,3.4
3/26/2020,3.2
3/27/2020,3.9
3/28/2020,4.6
3/29/2020,2.9
3/30/2020,3.1
3/31/2020,2.1
4/1/2020,3.5
4/2/2020,1.7
4/3/2020,1.8
4/4/2020,4.9
4/5/2020,4.8
4/6/2020,4.3
4/7/2020,4.3
4/8/2020,4.4
4/9/2020,3.7
4/10/2020,3.3
4/11/2020,3.5
4/12/2020,2.3
4/13/2020,4.1
4/14/2020,4.8
4/15/2020,2.8
4/16/2020,1.8
4/17/2020,4.1
4/18/2020,6
4/19/2020,3.7
4/20/2020,5.3
4/21/2020,5.1
4/22/2020,3.4
4/23/2020,2.6
4/24/2020,2.4
4/25/2020,3.5
4/26/2020,3.6
4/27/2020,5.2
4/28/2020,4.1
4/29/2020,4.4
4/30/2020,4.9
5/1/2020,8.1
5/2/2020,6.2
5/3/2020,4.9
5/4/2020,3.7
5/5/2020,4.4
5/6/2020,7.5
5/7/2020,3.8
5/8/2020,4.2
5/9/2020,5.2
5/10/2020,6.4
5/11/2020,7.4
5/12/2020,7.1
5/13/2020,5.2
5/14/2020,4.5
5/15/2020,3.2
5/16/2020,4.6
5/17/2020,6.9
5/18/2020,7.8
5/19/2020,10.7
5/20/2020,4.2
5/21/2020,3.7
5/22/2020,4.7
5/23/2020,2.6
5/24/2020,2.7
5/25/2020,2.4
5/26/2020,3.5
5/27/2020,4.9
5/28/2020,5.2
5/29/2020,6.2
5/30/2020,5.8
5/31/2020,6.4
6/1/2020,5.2
6/2/2020,7.7
6/3/2020,6
6/4/2020,7.1
6/5/2020,8.5
6/6/2020,8
6/7/2020,5.1
6/8/2020,2
6/9/2020,2.6
6/10/2020,6
6/11/2020,4.4
6/12/2020,7.1
6/13/2020,7.5
6/14/2020,8.1
6/15/2020,6.8
6/16/2020,4.9
6/17/2020,3.2
6/18/2020,2.7
6/19/2020,4.9
6/20/2020,4.3
6/21/2020,6.9
6/22/2020,5.8
6/23/2020,5.6
6/24/2020,6
6/25/2020,6.6
6/26/2020,6.2
6/27/2020,5.4
6/28/2020,10.2
6/29/2020,3.4
6/30/2020,4.5
7/1/2020,7.7
7/2/2020,7
7/3/2020,5.9
7/4/2020,7.6
7/5/2020,10.1
7/6/2020,7.8
7/7/2020,8.1
7/8/2020,9.9
7/9/2020,10
7/10/2020,7.9
7/11/2020,9
7/12/2020,6.7
7/13/2020,7.7
7/15/2020,6
7/16/2020,6.1
7/17/2020,6.1
7/18/2020,1.5
7/19/2020,2.2
7/20/2020,4.9
7/21/2020,8.7
7/22/2020,7
7/23/2020,5.2
7/24/2020,10.1
7/25/2020,5.5
7/26/2020,6
7/27/2020,7.7
7/28/2020,5.9
7/29/2020,7.9
7/30/2020,7.5
8/1/2020,1.7
8/2/2020,1.8
8/3/2020,3.7
8/4/2020,4.7
8/5/2020,9.1
8/6/2020,8.9
8/7/2020,6.5
8/8/2020,5.6
8/9/2020,5.7
8/10/2020,6.9
8/11/2020,7.2
8/12/2020,9.7
8/13/2020,11.6
8/14/2020,9.9
8/15/2020,7.3
8/16/2020,6
8/17/2020,7.9
8/22/2020,29.3
8/23/2020,16.2
8/24/2020,16.6
8/25/2020,14.8
8/26/2020,12.1
8/27/2020,10.3
8/28/2020,11.5
8/29/2020,11.1
8/30/2020,13.1
8/31/2020,5.7
9/1/2020,4.1
9/2/2020,4.7
9/3/2020,8
9/4/2020,8.3
9/5/2020,7.4
9/6/2020,26.9
9/7/2020,30.9
9/9/2020,2
9/10/2020,7.9
9/11/2020,9.4
9/12/2020,14.4
9/13/2020,12
9/14/2020,7.5
9/15/2020,8.7
9/16/2020,10.3
9/17/2020,12.9
9/18/2020,15.8
9/19/2020,23.3
9/20/2020,18.2
9/21/2020,20.8
9/22/2020,10
9/23/2020,14
9/24/2020,17.1
9/25/2020,19.8
9/26/2020,9.7
9/27/2020,4
9/28/2020,4.7
9/29/2020,6.1
9/30/2020,6.5
10/1/2020,6.7
10/2/2020,10.6
10/3/2020,18.8
10/4/2020,27
10/5/2020,19.5
10/6/2020,28.7
10/7/2020,30
10/8/2020,14.6
10/9/2020,10.3
10/10/2020,9.3
10/11/2020,3.6
10/12/2020,3.9
10/13/2020,6
10/14/2020,6
10/15/2020,5
10/16/2020,5.6
10/17/2020,6.3
10/18/2020,4
10/19/2020,5.5
10/20/2020,3.8
10/21/2020,5
10/22/2020,5.1
10/23/2020,8
10/24/2020,9.9
10/25/2020,3.8
10/26/2020,6.1
10/27/2020,11.4
10/28/2020,10.2
10/29/2020,11.5
10/30/2020,6.2
10/31/2020,9.1
11/1/2020,12.1
11/2/2020,11.4
11/3/2020,15.1
11/4/2020,9.5
11/5/2020,10.8
11/6/2020,6.7
11/7/2020,4.5
11/8/2020,4
11/9/2020,5.3
11/10/2020,4.3
11/11/2020,3.7
11/12/2020,3.3
11/13/2020,4.2
11/14/2020,2.6
11/15/2020,5.1
11/16/2020,9.9
11/17/2020,3
11/18/2020,7
11/19/2020,3.8
11/20/2020,6.6
11/21/2020,7.3
11/22/2020,9.6
11/23/2020,14.9
11/24/2020,7.1
11/25/2020,6
11/26/2020,3
11/27/2020,4.9
11/28/2020,9.8
11/29/2020,11.7
11/30/2020,15.6
12/1/2020,5.8
12/2/2020,2
12/5/2020,20.8
12/6/2020,22.1
12/7/2020,27
12/8/2020,25.3
12/9/2020,25.7
12/10/2020,29.1
12/11/2020,14.5
12/12/2020,5
12/13/2020,4.9
12/14/2020,6.8
12/15/2020,7.2
12/16/2020,7.5
12/17/2020,4.1
12/18/2020,6
12/19/2020,7.7
12/20/2020,8.8
12/21/2020,9.1
12/22/2020,2.7
12/23/2020,2
12/24/2020,5.3
12/25/2020,14.2
12/26/2020,21.5
12/27/2020,12
12/28/2020,4.3
12/29/2020,6.6
12/30/2020,9.8
12/31/2020,13.5
1/1/2020,8.9
1/2/2020,3.8
1/3/2020,5
1/4/2020,8
1/5/2020,8.7
1/6/2020,5
1/7/2020,5.4
1/8/2020,6
1/9/2020,6.4
1/10/2020,2.7
1/11/2020,4.7
1/12/2020,4.2
1/13/2020,2.6
1/14/2020,2.7
1/15/2020,5.5
1/16/2020,4.8
1/17/2020,3.2
1/18/2020,4.9
1/19/2020,9.2
1/20/2020,27.3
1/21/2020,16.8
1/22/2020,8.1
1/23/2020,8.3
1/24/2020,9.4
1/25/2020,16.9
1/26/2020,12
1/27/2020,3.2
1/28/2020,3.1
1/29/2020,3.8
1/30/2020,4.5
1/31/2020,7.2
2/1/2020,8.8
2/2/2020,4.5
2/3/2020,2.4
2/4/2020,3.2
2/5/2020,5.4
2/6/2020,9.9
2/7/2020,7.5
2/8/2020,3.4
2/9/2020,2.8
2/10/2020,4.5
2/11/2020,4.7
2/12/2020,7.4
2/13/2020,6.1
2/14/2020,4.1
2/15/2020,4.9
2/16/2020,7
2/17/2020,2.2
2/18/2020,4.2
2/19/2020,6.2
2/20/2020,5.3
2/21/2020,14
2/22/2020,17.8
2/23/2020,8.2
2/24/2020,2.7
2/25/2020,2.5
2/26/2020,3.8
2/27/2020,5.3
2/28/2020,5.1
2/29/2020,2.2
3/1/2020,4.3
3/2/2020,2.5
3/3/2020,4.3
3/4/2020,4.1
3/5/2020,2.9
3/6/2020,3.1
3/7/2020,6.4
3/8/2020,4.7
3/9/2020,2.8
3/10/2020,3.9
3/11/2020,4.1
3/12/2020,6.5
3/13/2020,5.2
3/14/2020,1.9
3/15/2020,2.1
3/16/2020,2.6
3/17/2020,3
3/18/2020,4.6
3/19/2020,4.4
3/20/2020,2.9
3/21/2020,0
3/22/2020,2.1
3/23/2020,2.3
3/24/2020,2
3/25/2020,2.9
3/26/2020,2.3
3/27/2020,2.7
3/28/2020,4.1
3/29/2020,3.1
3/30/2020,2.7
3/31/2020,2
4/1/2020,3.7
4/2/2020,2.1
4/3/2020,2.2
4/4/2020,4.4
4/5/2020,4.7
4/6/2020,4.7
4/7/2020,3.9
4/8/2020,3.3
4/9/2020,3.4
4/10/2020,2.6
4/11/2020,2.7
4/12/2020,2.2
4/13/2020,2.6
4/14/2020,3.1
4/15/2020,2.7
4/16/2020,2.8
4/17/2020,3.9
4/18/2020,6.1
4/19/2020,3.6
4/20/2020,3.8
4/21/2020,4.5
4/22/2020,3.4
4/23/2020,2.5
4/24/2020,2.3
4/25/2020,3
4/26/2020,3.2
4/27/2020,4.6
4/28/2020,4.2
4/29/2020,3.2
4/30/2020,4.7
5/1/2020,6.1
5/2/2020,4.2
5/3/2020,3.9
5/4/2020,2.3
5/5/2020,3.4
5/6/2020,7.3
5/7/2020,3.7
5/8/2020,3.5
5/9/2020,3.5
5/10/2020,5.1
5/11/2020,6.1
5/12/2020,6.6
5/13/2020,4.9
5/14/2020,3.8
5/15/2020,2.7
5/16/2020,3.4
5/17/2020,6.9
5/18/2020,7.2
5/19/2020,10.5
5/20/2020,9.2
5/21/2020,3.2
5/22/2020,5.7
5/23/2020,3.4
5/24/2020,2.5
5/25/2020,2.4
5/26/2020,3.1
5/27/2020,3.8
5/28/2020,4.4
5/29/2020,5
5/30/2020,4.9
5/31/2020,4.5
6/1/2020,4.4
6/2/2020,5.2
6/3/2020,4.9
6/4/2020,5.1
6/5/2020,5.9
6/6/2020,4.9
6/7/2020,5.3
6/8/2020,4.2
6/9/2020,3.7
6/10/2020,3.9
6/11/2020,3.6
6/12/2020,4.9
6/13/2020,5
6/14/2020,8.6
6/15/2020,5.7
6/16/2020,7.3
6/17/2020,2.8
6/18/2020,2.5
6/19/2020,3.5
6/20/2020,4
6/21/2020,7
6/22/2020,5.4
6/23/2020,6.2
6/24/2020,9.5
6/25/2020,8.8
6/26/2020,11.5
6/27/2020,5.5
6/28/2020,8.7
6/29/2020,4.2
6/30/2020,4
8/5/2020,7.3
8/6/2020,5.1
8/7/2020,5.8
8/8/2020,4.7
8/9/2020,7.9
8/10/2020,6.6
8/11/2020,7.4
8/12/2020,9.7
8/13/2020,13
8/14/2020,9.2
8/15/2020,7.5
8/16/2020,4.2
8/17/2020,9.5
8/18/2020,6.3
8/19/2020,13.4
8/20/2020,17.5
8/21/2020,41.5
8/22/2020,28.1
8/23/2020,16.1
8/24/2020,16.5
8/25/2020,12.7
8/26/2020,11.2
8/27/2020,10.4
8/28/2020,12
8/29/2020,10.7
8/30/2020,11.9
8/31/2020,3.8
9/1/2020,2.1
9/2/2020,1.7
9/3/2020,7.3
9/4/2020,8.1
9/5/2020,7.5
9/6/2020,23.3
9/7/2020,25.3
9/8/2020,0.7
9/9/2020,0.7
9/10/2020,7.4
9/11/2020,8
9/12/2020,15.6
9/13/2020,9.3
9/14/2020,6.9
9/15/2020,8.5
9/16/2020,9.1
9/17/2020,10.5
9/18/2020,16.2
9/19/2020,23.5
9/20/2020,17.8
9/21/2020,18.8
9/22/2020,9
9/23/2020,13.6
9/24/2020,16.2
9/25/2020,18.7
9/26/2020,8.7
9/27/2020,3
9/28/2020,5
9/29/2020,3.5
9/30/2020,6.1
10/1/2020,7
10/2/2020,8.2
10/3/2020,17.1
10/4/2020,22.8
10/5/2020,17
10/6/2020,25.8
10/7/2020,26.1
10/8/2020,12.8
10/9/2020,9.3
10/10/2020,8.1
10/11/2020,3.1
10/12/2020,3
10/13/2020,4.6
10/14/2020,6.1
10/15/2020,4.5
10/16/2020,4.4
10/17/2020,5
10/18/2020,2.8
10/19/2020,4.7
10/20/2020,3.4
10/21/2020,5.3
10/22/2020,4.3
10/23/2020,6.6
10/24/2020,8.6
10/25/2020,4.6
10/26/2020,7
10/27/2020,11.8
10/28/2020,10.1
10/29/2020,10.3
10/30/2020,5.7
10/31/2020,8.4
11/1/2020,10
11/2/2020,11.1
11/3/2020,14.4
11/4/2020,8
11/5/2020,10.1
11/6/2020,8.4
11/7/2020,4.9
11/8/2020,3.4
11/9/2020,4.1
11/10/2020,4.9
11/11/2020,4.3
11/12/2020,2.7
11/13/2020,3.1
11/14/2020,0.8
11/15/2020,4.5
11/16/2020,9.2
11/17/2020,1.7
11/18/2020,6.7
11/19/2020,2.7
11/20/2020,5.6
11/21/2020,6.7
11/22/2020,8.4
11/23/2020,13.9
11/24/2020,6.7
11/25/2020,4.7
11/26/2020,1.9
11/27/2020,5
11/28/2020,10.3
11/29/2020,11.7
11/30/2020,15.8
12/1/2020,5.3
12/2/2020,3.4
12/3/2020,5.6
12/4/2020,11.9
12/5/2020,20.4
12/6/2020,21.3
12/7/2020,27.2
12/8/2020,23.2
12/9/2020,23.5
12/10/2020,28
12/11/2020,12.8
12/12/2020,4.2
12/13/2020,4.6
12/14/2020,6.5
12/15/2020,6.5
12/16/2020,7.1
12/17/2020,3.1
12/18/2020,6.4
12/19/2020,5.4
12/20/2020,8.1
12/21/2020,8.7
12/22/2020,1.6
12/23/2020,1.2
12/24/2020,6.2
12/25/2020,13.7
12/26/2020,19.7
12/27/2020,10.8
12/28/2020,3.2
12/29/2020,7.2
12/30/2020,10.5
12/31/2020,14.4
11/16/2020,103.2585
1/1/2020,8.4
1/2/2020,4.9
1/3/2020,4.7
1/4/2020,8.3
1/5/2020,15.4
1/6/2020,5.6
1/7/2020,4.5
1/9/2020,6.2
1/10/2020,2.4
1/11/2020,4.7
1/12/2020,3.3
1/13/2020,2.7
1/14/2020,3.2
1/15/2020,8.2
1/16/2020,3.9
1/17/2020,2.5
1/18/2020,6.4
1/19/2020,12.3
1/20/2020,22.5
1/21/2020,18.4
1/22/2020,7.4
1/23/2020,11
1/24/2020,11.4
1/25/2020,18.2
1/26/2020,12.6
1/27/2020,3.7
1/28/2020,4.8
1/29/2020,2.6
1/30/2020,6.4
1/31/2020,9.4
2/1/2020,10.1
2/2/2020,4.9
2/3/2020,2.4
2/4/2020,6.5
2/6/2020,10.4
2/7/2020,8
2/8/2020,2.2
2/9/2020,3.2
2/10/2020,6
2/12/2020,8.3
2/13/2020,7.2
2/14/2020,3.8
2/15/2020,5.3
2/16/2020,6.1
2/17/2020,2.2
2/18/2020,5.6
2/19/2020,8.1
2/20/2020,8.8
2/21/2020,15.5
2/22/2020,18.8
2/23/2020,8.3
2/24/2020,1.9
2/25/2020,3.7
2/26/2020,5.3
2/27/2020,8.6
2/28/2020,9
2/29/2020,3.4
3/1/2020,2.2
3/2/2020,3.8
3/3/2020,4.9
3/4/2020,5.1
3/5/2020,3.7
3/6/2020,3.6
3/7/2020,8.8
3/8/2020,3.2
3/9/2020,2.5
3/10/2020,3.1
3/11/2020,4.2
3/12/2020,4.6
3/13/2020,5.4
3/14/2020,1.6
3/15/2020,2.2
3/16/2020,3.5
3/17/2020,3.4
3/18/2020,2.1
3/19/2020,2.9
3/20/2020,2.3
3/21/2020,3.4
3/23/2020,2.3
3/24/2020,1.3
3/25/2020,2.3
3/26/2020,2
3/27/2020,3.5
3/28/2020,3.5
3/29/2020,2.7
3/30/2020,4.5
3/31/2020,2.4
4/1/2020,3.1
4/2/2020,1.7
4/3/2020,2.2
4/4/2020,5.8
4/5/2020,4.5
4/6/2020,4.3
4/7/2020,4.2
4/8/2020,5.7
4/9/2020,4.3
4/10/2020,3.1
4/11/2020,2.7
4/12/2020,1.9
4/13/2020,4.4
4/14/2020,3.5
4/15/2020,2.3
4/16/2020,1.5
4/17/2020,4.6
4/18/2020,6.8
4/19/2020,3.6
4/20/2020,4.2
4/21/2020,6
4/22/2020,4.4
4/23/2020,2.2
4/24/2020,3
4/25/2020,4.2
4/26/2020,4
4/28/2020,3.5
4/29/2020,4.7
4/30/2020,4.4
5/1/2020,8.5
5/2/2020,6.4
5/3/2020,6.2
5/4/2020,3.5
5/5/2020,5.3
5/6/2020,11.4
5/8/2020,8.1
5/9/2020,10
5/11/2020,8.1
5/12/2020,11.1
5/13/2020,5.8
5/14/2020,5.1
5/15/2020,2.9
5/16/2020,8.9
5/17/2020,6.1
5/18/2020,8.4
5/19/2020,11.2
5/20/2020,5.1
5/21/2020,2.6
5/22/2020,5
5/23/2020,6
5/24/2020,4.6
5/25/2020,4.5
5/26/2020,4.3
5/27/2020,4.6
5/28/2020,5.7
5/30/2020,5.8
5/31/2020,6.7
6/1/2020,5
6/2/2020,6.8
6/3/2020,7.4
6/4/2020,7.7
6/5/2020,9.1
6/6/2020,4.9
6/7/2020,4.4
6/8/2020,1.5
6/9/2020,2.4
6/10/2020,2.9
6/11/2020,3.2
6/12/2020,4.3
6/13/2020,6.7
6/14/2020,4.7
6/15/2020,5.9
6/16/2020,4.6
6/17/2020,1.5
6/18/2020,3.6
6/19/2020,4
6/20/2020,5.3
6/21/2020,3.9
6/22/2020,4
6/23/2020,6
6/24/2020,7.9
6/25/2020,6
6/26/2020,4.7
6/27/2020,5.7
6/28/2020,9.1
6/29/2020,2.6
6/30/2020,2.6
7/1/2020,4.5
7/2/2020,6.3
7/3/2020,5.9
7/4/2020,38.1
7/5/2020,15.7
7/6/2020,9.5
7/7/2020,7.9
7/8/2020,6.7
7/9/2020,8.7
7/10/2020,6.4
7/11/2020,9.5
7/12/2020,7.7
7/14/2020,5.1
7/15/2020,5.5
7/16/2020,7.2
7/17/2020,5.6
7/18/2020,6.3
7/19/2020,7.6
7/20/2020,8.2
7/21/2020,9.2
7/22/2020,6.6
7/23/2020,4.5
7/24/2020,8
7/25/2020,5.4
7/26/2020,6.2
7/28/2020,5
7/29/2020,7
7/30/2020,9.2
7/31/2020,8.7
8/1/2020,7.5
8/2/2020,5.7
8/3/2020,10.1
8/4/2020,9.7
8/5/2020,9.5
8/6/2020,5.5
8/7/2020,6.5
8/8/2020,5.3
8/9/2020,6.9
8/10/2020,7.7
8/11/2020,7.2
8/12/2020,10.3
8/13/2020,15.1
8/14/2020,10.7
8/15/2020,9.6
8/16/2020,7.7
8/17/2020,8.9
8/18/2020,11.1
8/19/2020,11.3
8/20/2020,15.2
8/21/2020,46.5
8/22/2020,32.4
8/23/2020,17
8/24/2020,23.8
8/25/2020,14.2
8/26/2020,11.6
8/27/2020,9.5
8/28/2020,11.2
8/29/2020,10.1
8/30/2020,11
8/31/2020,6.4
9/1/2020,3.5
9/2/2020,5.3
9/3/2020,6.5
9/4/2020,9
9/5/2020,8
9/6/2020,22.1
9/7/2020,34
9/12/2020,14
9/13/2020,12.5
9/14/2020,9
9/15/2020,9.3
9/16/2020,12.1
9/17/2020,13.2
9/18/2020,13
9/19/2020,18.5
9/20/2020,15.7
9/21/2020,20.8
9/22/2020,8.5
9/23/2020,12.3
9/24/2020,15.8
9/25/2020,21.4
9/26/2020,8.9
9/27/2020,3.7
9/28/2020,4.3
9/29/2020,5.9
9/30/2020,8.4
10/1/2020,7.8
10/2/2020,9.8
10/3/2020,17.4
10/4/2020,25.3
10/5/2020,19.3
10/6/2020,26.1
10/7/2020,28.2
10/8/2020,16.2
10/9/2020,12.4
10/10/2020,7.4
10/11/2020,2.7
10/12/2020,3.7
10/13/2020,5.4
10/14/2020,3.9
10/15/2020,3.3
10/16/2020,1.8
10/17/2020,5.5
10/18/2020,4.1
10/19/2020,4.9
10/20/2020,4.2
10/21/2020,4.8
10/22/2020,2.8
10/23/2020,9.1
10/24/2020,10.2
10/25/2020,3.7
10/31/2020,8.7
11/1/2020,12.4
11/2/2020,13.7
11/3/2020,15.9
11/4/2020,10.9
11/5/2020,10.2
11/6/2020,7.8
11/7/2020,5.1
11/8/2020,2.1
11/9/2020,4.2
11/10/2020,4.2
11/11/2020,3.1
11/12/2020,4.5
11/13/2020,3.7
11/14/2020,1.4
11/15/2020,2.7
11/16/2020,9.2
11/17/2020,3
11/18/2020,9.1
11/19/2020,3.1
11/20/2020,5.8
11/21/2020,10.7
11/22/2020,10.8
11/23/2020,17
11/24/2020,6.4
11/25/2020,5.7
11/26/2020,1.9
11/27/2020,6
11/28/2020,10.9
11/29/2020,15.7
11/30/2020,20.7
12/1/2020,6.5
12/2/2020,6.4
12/3/2020,11.3
12/4/2020,15.4
12/5/2020,22.2
12/6/2020,27.3
12/7/2020,27
12/8/2020,32.2
12/9/2020,32
12/10/2020,35.1
12/11/2020,17.3
12/12/2020,6.8
12/13/2020,5.8
12/14/2020,6.7
12/16/2020,7.3
12/17/2020,4.4
12/18/2020,5.1
12/19/2020,7.7
12/20/2020,9.4
12/21/2020,8.6
12/22/2020,2.1
12/23/2020,2.6
12/24/2020,6.9
12/25/2020,17.5
12/26/2020,18.8
12/27/2020,10.9
12/28/2020,9.4
12/29/2020,9.3
12/30/2020,12.8
12/31/2020,14.5
1/1/2020,8
1/2/2020,4.6
1/3/2020,4.6
1/4/2020,8.3
1/5/2020,15.7
1/6/2020,5.8
1/9/2020,6.5
1/10/2020,2.5
1/11/2020,4.9
1/12/2020,3.4
1/13/2020,2.5
1/14/2020,3.2
1/15/2020,8.1
1/16/2020,3.8
1/17/2020,2.6
1/18/2020,6.6
1/19/2020,12.3
1/20/2020,22.3
1/21/2020,18.3
1/22/2020,7.2
1/23/2020,10.9
1/24/2020,11.1
1/25/2020,18
1/26/2020,12.4
1/27/2020,3.9
1/28/2020,4.9
1/29/2020,2.7
1/30/2020,6.3
1/31/2020,9.5
2/1/2020,9.3
2/2/2020,4.5
2/3/2020,2
2/4/2020,6.3
2/5/2020,7.6
2/6/2020,10.2
2/7/2020,7.7
2/8/2020,2.1
2/9/2020,3.2
2/11/2020,7.4
2/12/2020,8.7
2/13/2020,7.4
2/14/2020,3.9
2/15/2020,5.4
2/16/2020,6
2/17/2020,2.3
2/18/2020,5.8
2/19/2020,8.3
2/20/2020,8.7
2/21/2020,15.5
2/22/2020,18.6
2/23/2020,8.4
2/24/2020,1.6
2/26/2020,5.3
2/27/2020,8.3
2/28/2020,6.6
2/29/2020,3.4
3/1/2020,2
3/2/2020,3.9
3/3/2020,5
3/4/2020,5.1
3/5/2020,3.7
3/6/2020,3.9
3/7/2020,8.3
3/8/2020,3.3
3/9/2020,2.7
3/10/2020,3.2
3/11/2020,4.3
3/12/2020,4.5
3/13/2020,5.5
3/14/2020,1.7
3/15/2020,1.9
3/16/2020,3.8
3/17/2020,3.9
3/18/2020,3.1
3/19/2020,3
3/20/2020,2.5
3/21/2020,3.5
3/22/2020,3.2
3/23/2020,2.4
3/24/2020,1.3
3/25/2020,2.5
3/26/2020,2
3/27/2020,3.7
3/28/2020,3.5
3/29/2020,2.4
3/30/2020,4.3
3/31/2020,2.4
4/1/2020,3.1
4/2/2020,1.6
4/3/2020,2.3
4/4/2020,6
4/5/2020,4.9
4/6/2020,4.4
4/7/2020,4.4
4/8/2020,5.5
4/9/2020,7.6
4/10/2020,3.3
4/11/2020,2.7
4/12/2020,2.5
4/13/2020,3.4
4/14/2020,4.2
4/15/2020,2.6
4/16/2020,1.9
4/17/2020,5.9
4/18/2020,8.2
4/19/2020,4
4/20/2020,4.5
4/21/2020,7.2
4/22/2020,5
4/23/2020,2.5
4/24/2020,3.6
4/25/2020,4.4
4/26/2020,3.9
4/27/2020,4.9
4/28/2020,3.2
4/29/2020,9.2
4/30/2020,7.4
5/1/2020,6.3
5/2/2020,6.7
5/3/2020,4.5
5/4/2020,4.1
5/5/2020,4.8
5/6/2020,9.1
5/7/2020,2.9
5/8/2020,9.6
5/9/2020,9.7
5/10/2020,8.4
5/11/2020,10.1
5/12/2020,10.3
5/13/2020,7.5
5/14/2020,3.6
5/15/2020,6.6
5/16/2020,5.9
5/17/2020,7.1
5/18/2020,9.6
5/19/2020,13.8
5/20/2020,6.1
5/21/2020,2.7
5/22/2020,5.3
5/23/2020,3.6
5/24/2020,4.3
5/25/2020,5.1
5/26/2020,4.4
5/27/2020,4.6
5/28/2020,5.5
5/29/2020,6.4
5/30/2020,5.8
5/31/2020,9
6/1/2020,6.1
6/2/2020,8.3
6/3/2020,7.6
6/4/2020,7.9
6/5/2020,19.2
6/6/2020,5.4
6/7/2020,4.4
6/8/2020,1.5
6/9/2020,2.2
6/10/2020,3.4
6/11/2020,3.7
6/12/2020,5.5
6/13/2020,7.3
6/14/2020,4.3
6/15/2020,4.9
6/16/2020,6.5
6/17/2020,1.5
6/18/2020,3.2
6/19/2020,3.6
6/20/2020,5
6/21/2020,4.2
6/22/2020,4.4
6/23/2020,5.8
6/24/2020,7.5
6/25/2020,6.1
6/26/2020,5.2
6/27/2020,8.6
6/28/2020,7.4
6/29/2020,2.5
6/30/2020,2.7
7/1/2020,4.5
7/2/2020,6.5
7/3/2020,6.4
7/4/2020,38
7/5/2020,17.2
7/6/2020,11
7/7/2020,8.3
7/8/2020,11.6
7/9/2020,16.3
7/11/2020,8.3
7/12/2020,7.6
7/13/2020,6.8
7/14/2020,9.6
7/15/2020,5.5
7/16/2020,7.8
7/17/2020,6.2
7/18/2020,6.7
7/19/2020,6.7
7/20/2020,8.5
7/21/2020,9.5
7/22/2020,8.9
7/23/2020,5.5
7/24/2020,9.7
7/25/2020,6.3
7/26/2020,7.9
7/28/2020,5.9
7/29/2020,7.9
7/30/2020,9.6
7/31/2020,9.4
8/1/2020,8.9
8/2/2020,7
8/3/2020,11.2
8/4/2020,20.5
8/5/2020,11.4
8/6/2020,5.7
8/7/2020,6.2
8/8/2020,5.7
8/9/2020,7
8/10/2020,8.4
8/11/2020,7.7
8/12/2020,10.8
8/13/2020,15.5
8/14/2020,10.8
8/15/2020,9.6
8/16/2020,7.3
8/17/2020,9.2
8/18/2020,11.2
8/19/2020,12
8/20/2020,15.9
8/21/2020,46.1
8/22/2020,31.9
8/23/2020,17.1
8/24/2020,24.1
8/25/2020,14.9
8/26/2020,11.7
8/27/2020,9.4
8/28/2020,16.3
8/29/2020,10.2
8/30/2020,11.1
8/31/2020,6.5
9/1/2020,3.8
9/2/2020,5.3
9/3/2020,5.2
9/4/2020,9.2
9/5/2020,8.3
9/6/2020,21.8
9/7/2020,34.1
9/12/2020,14.2
9/13/2020,12.3
9/14/2020,9.1
9/15/2020,9.6
9/16/2020,11.8
9/17/2020,13.4
9/18/2020,13.3
9/19/2020,18.7
9/20/2020,15.7
9/21/2020,21.6
9/22/2020,10.1
9/23/2020,12.4
9/24/2020,15.9
9/25/2020,22.6
9/26/2020,10.2
9/27/2020,4.1
9/28/2020,4.4
9/29/2020,6.5
9/30/2020,7.5
10/1/2020,8.2
10/2/2020,9.7
10/3/2020,17.2
10/4/2020,24.9
10/5/2020,18.8
10/6/2020,26
10/7/2020,27.8
10/8/2020,16
10/9/2020,13.5
10/10/2020,7.5
10/11/2020,16.1
10/12/2020,9.2
10/13/2020,16.3
10/14/2020,8.1
10/15/2020,8.8
10/16/2020,8.4
10/17/2020,10.5
10/18/2020,9.3
10/19/2020,7.3
10/20/2020,6.5
10/21/2020,7.2
10/22/2020,3.3
10/23/2020,9.2
10/24/2020,9.9
10/25/2020,3.9
10/26/2020,6.4
10/27/2020,11.6
10/28/2020,10.5
10/29/2020,13.4
10/30/2020,8.6
10/31/2020,9.1
11/1/2020,17.5
11/2/2020,16.9
11/3/2020,17.1
11/4/2020,14.5
11/5/2020,13.1
11/6/2020,10
11/7/2020,8.4
11/8/2020,2.4
11/9/2020,5.8
11/10/2020,4.6
11/11/2020,4.2
11/12/2020,9.6
11/13/2020,4.9
11/14/2020,2.3
11/15/2020,3.8
11/16/2020,9.4
11/17/2020,6.4
11/18/2020,14
11/19/2020,4.4
11/20/2020,7.7
11/21/2020,12.3
11/22/2020,12.2
11/23/2020,18.1
11/24/2020,7.4
11/25/2020,7.6
11/26/2020,3
11/27/2020,7
11/28/2020,12
11/29/2020,16.9
11/30/2020,22.3
12/1/2020,7.5
12/2/2020,7.9
12/3/2020,13.4
12/4/2020,16.9
12/5/2020,23.7
12/6/2020,29
12/7/2020,28.6
12/8/2020,34.2
12/9/2020,33.9
12/10/2020,37.4
12/11/2020,19
12/12/2020,7.9
12/13/2020,8
12/14/2020,7.2
12/15/2020,8.7
12/16/2020,8.1
12/17/2020,6.2
12/18/2020,5.5
12/19/2020,9
12/20/2020,11.4
12/21/2020,10.4
12/22/2020,4.3
12/23/2020,3
12/24/2020,7.4
12/25/2020,19.6
12/26/2020,20.2
12/27/2020,11.9
12/28/2020,9.9
12/29/2020,9.8
12/30/2020,13.3
12/31/2020,14.9
1/1/2020,7.4
1/2/2020,3.9
1/3/2020,5
1/4/2020,9.3
1/5/2020,13.1
1/6/2020,4.4
1/7/2020,3.8
1/8/2020,5.4
1/9/2020,6.4
1/10/2020,1.3
1/11/2020,4.4
1/12/2020,3.1
1/13/2020,2.7
1/14/2020,3.4
1/15/2020,7.5
1/16/2020,5
1/17/2020,2.5
1/18/2020,6.8
1/19/2020,12
1/20/2020,21.6
1/21/2020,18.1
1/22/2020,7.6
1/23/2020,10.9
1/24/2020,11.3
1/25/2020,20.8
1/26/2020,11.6
1/27/2020,3.2
1/28/2020,4.6
1/29/2020,3.5
1/30/2020,7.6
1/31/2020,9.9
2/1/2020,8.7
2/2/2020,4.1
2/3/2020,1.5
2/4/2020,5.7
2/5/2020,5.8
2/6/2020,9.2
2/7/2020,7.9
2/8/2020,2.1
2/9/2020,3.3
2/10/2020,5.8
2/11/2020,7.6
2/12/2020,10.1
2/13/2020,7.6
2/14/2020,4
2/15/2020,5.4
2/16/2020,6.6
2/17/2020,2.6
2/18/2020,6.9
2/19/2020,8.2
2/20/2020,8.5
2/21/2020,15.9
2/22/2020,19.9
2/23/2020,8.6
2/24/2020,1.3
2/25/2020,4.1
2/26/2020,5.9
2/27/2020,10.3
2/28/2020,7.6
2/29/2020,3.8
3/1/2020,2.8
3/2/2020,5.2
3/3/2020,6.6
3/4/2020,7.8
3/5/2020,4.7
3/6/2020,4.2
3/7/2020,8.2
3/8/2020,4.4
3/9/2020,4
3/10/2020,5.5
3/11/2020,6
3/12/2020,6.1
3/13/2020,5.6
3/14/2020,1.7
3/15/2020,2.5
3/16/2020,4.9
3/17/2020,3.6
3/18/2020,2.3
3/19/2020,4.5
3/20/2020,2.9
3/21/2020,4.7
3/22/2020,3.9
3/23/2020,3.3
3/24/2020,1.6
3/25/2020,3.4
3/26/2020,3.3
3/27/2020,5.4
3/28/2020,6
3/29/2020,4
3/30/2020,5.2
3/31/2020,1.7
4/1/2020,3.2
4/2/2020,2.3
4/3/2020,3.2
4/4/2020,7.9
4/5/2020,5.4
4/6/2020,5.2
4/7/2020,6
4/8/2020,8.1
4/9/2020,5
4/10/2020,4.2
4/11/2020,3
4/12/2020,2.3
4/13/2020,4.2
4/14/2020,5.6
4/15/2020,3
4/16/2020,2.1
4/17/2020,7.4
4/18/2020,6.8
4/19/2020,3.5
4/20/2020,5.4
4/21/2020,7.5
4/22/2020,5.1
4/23/2020,2.8
4/24/2020,3.1
4/25/2020,4.9
4/26/2020,4.3
4/27/2020,6.3
4/28/2020,4.3
5/2/2020,6.8
5/3/2020,5
5/4/2020,4.1
5/5/2020,6.6
5/6/2020,9
5/7/2020,3.4
5/8/2020,8
5/9/2020,8.5
5/10/2020,9.3
5/11/2020,7.4
5/12/2020,9.4
5/13/2020,7.5
5/14/2020,3
5/15/2020,2.9
5/16/2020,5.2
5/17/2020,7.3
5/18/2020,7.4
5/19/2020,10.5
5/20/2020,6.2
5/21/2020,5.4
5/22/2020,5.7
5/23/2020,3.8
5/24/2020,6.3
5/25/2020,6
5/26/2020,6.5
5/27/2020,8.1
5/28/2020,7.2
5/29/2020,6.5
5/30/2020,3.6
5/31/2020,7.7
6/1/2020,5.1
6/2/2020,16.2
6/3/2020,13.8
6/4/2020,13.9
6/5/2020,12.6
6/6/2020,8.2
6/7/2020,5
6/8/2020,2.4
6/9/2020,4.3
6/10/2020,3
6/11/2020,3.7
6/12/2020,4.9
6/13/2020,6.7
6/14/2020,4.8
6/15/2020,6.4
6/16/2020,4
6/17/2020,1.6
6/18/2020,5.1
6/19/2020,6
6/20/2020,6.2
6/21/2020,5.1
6/22/2020,5.9
6/23/2020,7.5
6/24/2020,8
6/25/2020,6.1
6/26/2020,6.2
6/27/2020,6.2
6/28/2020,9.1
6/29/2020,5.5
6/30/2020,5.2
7/1/2020,6.6
7/2/2020,8
7/3/2020,7.1
7/4/2020,27.7
7/5/2020,28.6
7/6/2020,14.5
7/7/2020,10.3
7/8/2020,9.1
7/9/2020,10.6
7/10/2020,7.1
7/11/2020,9.3
7/12/2020,6.6
7/13/2020,8.3
7/14/2020,7
7/15/2020,7.8
7/16/2020,10
7/17/2020,7.2
7/18/2020,7.1
7/19/2020,8.1
7/20/2020,9.4
7/21/2020,11
7/22/2020,7.8
7/23/2020,5.9
7/24/2020,8
7/25/2020,7.1
7/26/2020,7.6
7/27/2020,10.5
7/28/2020,6.7
7/29/2020,7.8
7/30/2020,11.1
7/31/2020,13
8/1/2020,9.1
8/2/2020,7.3
8/3/2020,13.5
8/4/2020,13.8
8/5/2020,12.9
8/6/2020,5.6
8/7/2020,6.3
8/8/2020,5.7
8/9/2020,9.7
8/10/2020,11.9
8/11/2020,7.9
8/12/2020,13.6
8/13/2020,18.2
8/14/2020,6.8
8/15/2020,11.4
8/16/2020,8.3
8/17/2020,10.6
8/18/2020,12.6
8/19/2020,12.6
8/20/2020,19.1
8/21/2020,52.2
8/22/2020,35.2
8/23/2020,18.7
8/24/2020,20.7
8/25/2020,16.3
8/26/2020,14.9
8/27/2020,10.1
8/28/2020,13
8/29/2020,11.2
8/30/2020,11.8
8/31/2020,5.8
9/1/2020,4.8
9/2/2020,10.2
9/3/2020,8.4
9/4/2020,13.8
9/5/2020,14.1
9/6/2020,28.1
9/7/2020,36.6
9/12/2020,12.7
9/13/2020,13.5
9/14/2020,8.7
9/15/2020,11.7
9/16/2020,13.4
9/17/2020,17.4
9/18/2020,16
9/19/2020,23.5
9/20/2020,18.5
9/21/2020,23.1
9/22/2020,9.8
9/23/2020,13.6
9/24/2020,17.2
9/25/2020,23.2
9/26/2020,7.3
9/27/2020,3.6
9/28/2020,5.6
9/29/2020,5.4
9/30/2020,7.9
10/1/2020,8.9
10/2/2020,10.9
10/3/2020,21.3
10/4/2020,29
10/5/2020,20.9
10/6/2020,31.1
10/7/2020,30.9
10/8/2020,17.4
10/9/2020,13.6
10/10/2020,12.7
10/11/2020,3.1
10/12/2020,4.6
10/13/2020,7.9
10/14/2020,4.9
10/15/2020,4.6
10/16/2020,5.8
10/17/2020,7.1
10/18/2020,5
10/19/2020,5.4
10/20/2020,5.6
10/21/2020,6.5
10/22/2020,3.8
10/23/2020,10.9
10/24/2020,11.7
10/25/2020,3.8
10/26/2020,5.8
10/27/2020,9
10/28/2020,11.6
10/29/2020,13.8
10/30/2020,8.8
10/31/2020,8.7
11/1/2020,15.2
11/2/2020,18.3
11/3/2020,18.6
11/4/2020,17
11/5/2020,17.2
11/6/2020,7.6
11/7/2020,4.9
11/8/2020,4
11/9/2020,5.8
11/10/2020,5.2
11/11/2020,3.5
11/12/2020,5.5
11/13/2020,5.1
11/14/2020,1.6
11/15/2020,3.7
11/16/2020,12
11/17/2020,2.7
11/18/2020,8
11/19/2020,1.8
11/20/2020,6.6
11/21/2020,12.1
11/22/2020,11.5
11/23/2020,18
11/24/2020,6.7
11/25/2020,6.3
11/26/2020,1.6
11/27/2020,6.7
11/28/2020,10.6
11/29/2020,16.9
11/30/2020,22.3
12/1/2020,6
12/2/2020,6
12/3/2020,12.6
12/4/2020,14.9
12/5/2020,25.4
12/6/2020,29.6
12/7/2020,29.4
12/8/2020,32.6
12/9/2020,33.5
12/10/2020,33.6
12/11/2020,15.3
12/12/2020,5.7
12/13/2020,5.3
12/14/2020,7
12/15/2020,7.8
12/16/2020,6.7
12/17/2020,4.1
12/18/2020,6.3
12/19/2020,7.7
12/20/2020,8.9
12/21/2020,9.4
12/22/2020,2
12/23/2020,3
12/24/2020,7.9
12/25/2020,18.2
12/26/2020,19.4
12/27/2020,10.7
12/28/2020,8.9
12/29/2020,9.4
12/30/2020,14.1
12/31/2020,15.4
1/1/2020,21.074
1/2/2020,3.2765
1/3/2020,7.072
1/4/2020,6.054
1/5/2020,28.0105
1/6/2020,17.059
1/7/2020,4.552
1/8/2020,11.032
1/9/2020,16.844
1/10/2020,1.2705
1/11/2020,2.7815
1/12/2020,7.7805
1/13/2020,1.551
1/14/2020,3.243
1/15/2020,4.205
1/16/2020,5.9075
1/17/2020,0.754
1/18/2020,3.104
1/19/2020,16.2785
1/20/2020,37.2965
1/21/2020,36.2435
1/22/2020,23.3745
1/23/2020,15.6295
1/24/2020,24.548
1/25/2020,27.924
1/26/2020,28.126
1/27/2020,11.893
1/28/2020,5.4785
1/29/2020,4.089
1/30/2020,10.4295
1/31/2020,12.9255
2/1/2020,15.5825
2/2/2020,12.257
2/3/2020,1.777
2/4/2020,7.4205
2/5/2020,7.0405
2/6/2020,13.048
2/7/2020,11.725
2/8/2020,4.978
2/9/2020,1.8585
2/10/2020,5.2255
2/11/2020,12.0055
2/12/2020,11.056
2/13/2020,11.8435
2/14/2020,4.3835
2/15/2020,5.644
2/16/2020,11.208
2/17/2020,4.2635
2/18/2020,4.7285
2/19/2020,11.2085
2/20/2020,8.8025
2/21/2020,20.4265
2/22/2020,33.516
2/23/2020,19.3375
2/24/2020,2.841
2/25/2020,2.022
2/26/2020,4.598
2/27/2020,10.078
2/28/2020,7.7595
2/29/2020,3.0915
3/1/2020,1.9835
3/2/2020,3.4115
3/3/2020,5.1145
3/4/2020,8.111
3/5/2020,3.8395
3/6/2020,2.053
3/7/2020,1.8755
3/8/2020,3.0175
3/9/2020,2.9785
3/10/2020,3.7025
3/11/2020,4.753
3/12/2020,3.8025
3/13/2020,7.2865
3/14/2020,0.5955
3/15/2020,0.317
3/16/2020,0.963
3/17/2020,2.415
3/18/2020,0.536
3/19/2020,3.6855
3/20/2020,5.1825
3/21/2020,5.061
3/22/2020,2.4455
3/23/2020,2.943
3/24/2020,0.7265
3/25/2020,1.7045
3/26/2020,1.627
3/27/2020,4.2305
3/28/2020,4.8165
3/29/2020,4.484
3/30/2020,3.099
3/31/2020,1.3355
4/1/2020,4.65
4/2/2020,1.1185
4/3/2020,0.8985
4/4/2020,4.618
4/5/2020,4.121
4/6/2020,1.7625
4/7/2020,1.8215
4/8/2020,3.589
4/9/2020,2.458
4/10/2020,2.862
4/11/2020,2.676
4/12/2020,1.293
4/13/2020,1.997
4/14/2020,4.0095
4/15/2020,2.552
4/16/2020,1.5845
4/17/2020,4.1945
4/18/2020,11.6495
4/19/2020,3.5565
4/20/2020,4.047
4/21/2020,5.557
4/22/2020,4.7735
4/23/2020,1.453
4/24/2020,1.0845
4/25/2020,2.899
4/26/2020,2.6255
4/27/2020,3.5175
4/28/2020,1.552
4/29/2020,2.71
4/30/2020,1.931
5/1/2020,2.685
5/2/2020,9.611
5/3/2020,4.0125
5/4/2020,1.872
5/5/2020,3.149
5/6/2020,4.3435
5/7/2020,1.5635
5/8/2020,2.054
5/9/2020,5.9175
5/10/2020,7.7655
5/11/2020,3.2135
5/12/2020,3.2135
5/13/2020,1.3265
5/14/2020,1.784
5/15/2020,1.331
5/16/2020,4.6825
5/17/2020,5.3775
5/18/2020,1.5045
5/19/2020,1.739
5/20/2020,0.7695
5/21/2020,1.476
5/22/2020,2.022
5/23/2020,0.623
5/24/2020,4.251
5/25/2020,4.0875
5/26/2020,2.661
5/27/2020,2.3485
5/28/2020,2.841
5/29/2020,2.665
5/30/2020,2.464
5/31/2020,2.012
6/1/2020,1.9715
6/2/2020,2.4615
6/3/2020,3.667
6/4/2020,3.5055
6/5/2020,4.9635
6/6/2020,2.953
6/7/2020,1.881
6/8/2020,0.555
6/9/2020,1.2035
6/10/2020,1.0095
6/11/2020,0.9965
6/12/2020,2.0015
6/13/2020,5.4635
6/14/2020,1.631
6/15/2020,2.5515
6/16/2020,1.6855
6/17/2020,1.0065
6/18/2020,2.526
6/19/2020,2.6125
6/20/2020,2.656
6/21/2020,2.1705
6/22/2020,3.141
6/23/2020,3.1405
6/24/2020,2.766
6/25/2020,2.9265
6/26/2020,2.6795
6/27/2020,3.2
6/28/2020,4.045
6/29/2020,1.7185
6/30/2020,3.1985
7/1/2020,4.371
7/2/2020,3.2455
7/3/2020,3.908
7/4/2020,2.5025
7/5/2020,18.9225
7/6/2020,7.6195
7/7/2020,2.8345
7/8/2020,5.194
7/9/2020,5.787
7/10/2020,5.11
7/11/2020,5.5465
7/12/2020,4.845
7/13/2020,3.4345
7/14/2020,3.8965
7/15/2020,2.658
7/16/2020,4.2885
7/17/2020,5.16
7/18/2020,3.467
7/19/2020,4.7085
7/20/2020,5.6215
7/21/2020,10.849
7/22/2020,8.7735
7/23/2020,4.643
7/24/2020,2.0865
7/25/2020,8.3695
7/26/2020,3.0645
7/27/2020,6.867
7/28/2020,3.58
7/29/2020,3.8565
7/30/2020,8.683
7/31/2020,6.4045
8/1/2020,7.476
8/2/2020,4.3475
8/3/2020,12.35
8/4/2020,9.8725
8/5/2020,10.697
8/6/2020,6.1615
8/7/2020,2.973
8/8/2020,4.2445
8/9/2020,5.4075
8/10/2020,5.684
8/11/2020,3.3775
8/12/2020,3.38
8/13/2020,4.21
8/14/2020,4.638
8/15/2020,6.5655
8/16/2020,6.299
8/17/2020,7.1225
8/18/2020,8.4745
8/19/2020,10.397
8/20/2020,12.0445
8/21/2020,50.213
8/22/2020,51.4375
8/23/2020,35.99
8/24/2020,20.8065
8/25/2020,15.63
8/26/2020,13.4465
8/27/2020,15.192
8/28/2020,14.6825
8/29/2020,13.709
8/30/2020,17.6055
8/31/2020,10.321
9/1/2020,3.591
9/2/2020,3.3125
9/3/2020,3.188
9/4/2020,7.0285
9/5/2020,7.375
9/6/2020,13.5615
9/7/2020,52.187
9/8/2020,10.4615
9/9/2020,2.5675
9/10/2020,5.3725
9/11/2020,9.4695
9/12/2020,15.8145
9/13/2020,24.639
9/14/2020,10.899
9/15/2020,6.988
9/16/2020,9.735
9/17/2020,16.364
9/18/2020,16.863
9/19/2020,30.668
9/20/2020,24.247
9/21/2020,33.8835
9/22/2020,16.865
9/23/2020,15.339
9/24/2020,26.124
9/25/2020,31.23
9/26/2020,21.5805
9/27/2020,2.037
9/28/2020,3.813
9/29/2020,3.2785
9/30/2020,4.6105
10/1/2020,4.321
10/2/2020,4.946
10/3/2020,15.1635
10/4/2020,37.208
10/5/2020,35.6645
10/6/2020,35.317
10/7/2020,44.2825
10/8/2020,30.3215
10/9/2020,14.5585
10/10/2020,8.7995
10/11/2020,4.519
10/12/2020,1.7155
10/13/2020,3.6855
10/14/2020,2.8095
10/15/2020,1.3025
10/16/2020,2.0265
10/17/2020,1.6995
10/18/2020,7.9395
10/19/2020,3.4985
10/20/2020,2.4425
10/21/2020,5.3225
10/22/2020,3.834
10/23/2020,3.5015
10/24/2020,13.379
10/25/2020,4.3565
10/26/2020,5.0325
10/27/2020,15.2945
10/28/2020,19.6125
10/29/2020,16.6175
10/30/2020,11.585
10/31/2020,5.392
11/1/2020,14.135
11/2/2020,20.652
11/3/2020,19.053
11/4/2020,13.2665
11/5/2020,10.3015
11/6/2020,8.4105
11/7/2020,2.843
11/8/2020,0.2375
11/9/2020,8.8585
11/10/2020,7.6125
11/11/2020,5.9595
11/12/2020,3.907
11/13/2020,5.981
11/14/2020,0.9925
11/15/2020,1.532
11/16/2020,7.7745
11/17/2020,7.3545
11/18/2020,0.7365
11/19/2020,2.1075
11/20/2020,3.5295
11/21/2020,11.17
11/22/2020,15.9405
11/23/2020,27.701
11/24/2020,13.9475
11/25/2020,9.2825
11/26/2020,2.3985
11/27/2020,4.9635
11/28/2020,13.4595
11/29/2020,22.242
11/30/2020,33.8645
12/1/2020,14.599
12/2/2020,6.889
12/3/2020,7.7945
12/4/2020,18.263
12/5/2020,31.303
12/6/2020,44.1895
12/7/2020,46.4165
12/8/2020,41.8845
12/9/2020,44.2115
12/10/2020,58.978
12/11/2020,42.452
12/12/2020,15.198
12/13/2020,7.1775
12/14/2020,18.308
12/15/2020,12.6405
12/16/2020,11.1855
12/17/2020,8.0215
12/18/2020,10.358
12/19/2020,14.644
12/20/2020,15.599
12/21/2020,12.309
12/22/2020,9.8845
12/23/2020,0.117
12/24/2020,5.8315
12/25/2020,26.4405
12/26/2020,38.6965
12/27/2020,29.1835
12/28/2020,13.144
12/29/2020,21.124
12/30/2020,22.0915
12/31/2020,28.1135
1/1/2020,8.1
1/2/2020,4.7
1/3/2020,5.5
1/4/2020,8.4
1/5/2020,15.9
1/6/2020,6.7
1/7/2020,5.1
1/8/2020,8.1
1/9/2020,7.1
1/10/2020,3.3
1/11/2020,4.9
1/12/2020,3.9
1/13/2020,3.4
1/14/2020,3.5
1/15/2020,8.7
1/16/2020,12.9
1/17/2020,3.3
1/18/2020,6.7
1/19/2020,12
1/20/2020,24.6
1/21/2020,20.1
1/22/2020,8.3
1/23/2020,11.9
1/24/2020,12.1
1/25/2020,18.4
1/26/2020,13.7
1/27/2020,5.5
1/28/2020,4.9
1/29/2020,3.4
1/30/2020,6.9
1/31/2020,10.3
2/1/2020,9.3
2/2/2020,5.5
2/3/2020,2.2
2/4/2020,7.6
2/11/2020,7.9
2/12/2020,8.5
2/13/2020,8
2/14/2020,4.3
2/15/2020,5.3
2/16/2020,6.9
2/17/2020,2.2
2/18/2020,5.3
2/19/2020,7.3
2/20/2020,8.3
2/21/2020,16.1
2/22/2020,19.5
2/23/2020,8.4
2/24/2020,2
2/25/2020,3.7
2/26/2020,6.5
2/27/2020,9.3
2/28/2020,7.2
2/29/2020,3
3/1/2020,1.8
3/2/2020,3.3
3/3/2020,5.7
3/4/2020,5.5
3/5/2020,3.9
3/6/2020,3.2
3/7/2020,8.1
3/8/2020,3.2
3/9/2020,2.9
3/10/2020,3.4
3/11/2020,5.1
3/12/2020,4.8
3/13/2020,6.6
3/14/2020,1.9
3/15/2020,2.1
3/16/2020,3.1
3/17/2020,4
3/19/2020,3.1
3/20/2020,2.5
3/21/2020,2.7
3/22/2020,2.8
3/23/2020,2.5
3/24/2020,1.4
3/25/2020,2.3
3/26/2020,1.9
3/27/2020,3.8
3/28/2020,3.8
3/29/2020,4.4
3/30/2020,4.2
3/31/2020,6
4/1/2020,3.3
4/2/2020,1.4
4/3/2020,2.9
4/4/2020,5.9
4/5/2020,5
4/6/2020,4.3
4/7/2020,4
4/8/2020,5.4
4/9/2020,4.3
4/10/2020,3.3
4/11/2020,3.4
4/15/2020,4.1
4/16/2020,0
4/17/2020,1.9
4/18/2020,3.8
4/19/2020,5.5
4/20/2020,3.4
4/21/2020,6.1
4/22/2020,4.4
4/23/2020,2.5
4/24/2020,3.1
4/25/2020,4.6
4/26/2020,3.3
4/27/2020,4.7
4/28/2020,3.1
4/29/2020,5.1
4/30/2020,4
5/1/2020,5.6
5/2/2020,6.7
5/3/2020,9.5
5/4/2020,2.9
5/5/2020,5.3
5/6/2020,8.5
5/7/2020,2.7
5/8/2020,5.7
5/9/2020,7.5
5/10/2020,7.2
5/11/2020,7.4
5/12/2020,7
5/13/2020,9.2
5/14/2020,6.4
5/15/2020,4.7
5/16/2020,6.3
5/17/2020,8.1
5/18/2020,7.6
5/19/2020,8.6
5/20/2020,5.8
5/27/2020,4.7
5/28/2020,4.4
5/29/2020,5.9
5/30/2020,5.7
5/31/2020,6.7
6/1/2020,5.2
6/2/2020,7.1
6/3/2020,6.5
6/4/2020,8.1
6/5/2020,10.6
6/6/2020,5.2
6/7/2020,4.6
6/8/2020,1.4
6/9/2020,2.4
6/10/2020,3.1
6/11/2020,3.3
6/12/2020,4.6
6/13/2020,6.6
6/14/2020,3.2
6/15/2020,5.1
6/16/2020,3.2
6/17/2020,1.7
6/18/2020,3.8
6/19/2020,4
6/20/2020,4.9
6/21/2020,4.7
6/22/2020,4.1
6/23/2020,6
6/24/2020,6.9
6/25/2020,4.6
6/26/2020,4.9
6/27/2020,7.6
6/28/2020,7.6
6/29/2020,3.7
6/30/2020,3.1
7/1/2020,6.1
7/2/2020,7.5
7/3/2020,6.4
7/4/2020,18.6
7/5/2020,18.6
7/6/2020,9.9
7/7/2020,9.5
7/8/2020,7.2
7/9/2020,9.3
7/10/2020,6.9
7/11/2020,7.9
7/12/2020,7.6
7/13/2020,6.6
7/14/2020,4.8
7/15/2020,5.2
7/16/2020,8.3
7/17/2020,6.7
7/18/2020,6.3
7/19/2020,6.2
7/20/2020,8.8
7/23/2020,5
7/24/2020,5.7
7/25/2020,7.4
7/26/2020,6
7/27/2020,7.8
7/28/2020,5
7/29/2020,6.7
7/30/2020,8
7/31/2020,7.9
8/1/2020,6.7
8/2/2020,5.5
8/3/2020,10.6
8/4/2020,10.7
8/5/2020,10
8/6/2020,6
8/7/2020,5.9
8/8/2020,5.6
8/9/2020,6.1
8/10/2020,7.9
8/11/2020,8
8/12/2020,11.6
8/13/2020,13.6
8/14/2020,10.3
8/15/2020,8
8/16/2020,6.8
8/17/2020,8.9
8/18/2020,11.9
8/19/2020,11.6
8/20/2020,15.3
8/21/2020,46
8/22/2020,33
8/23/2020,17.4
8/24/2020,26.7
8/25/2020,21.3
8/26/2020,11.9
8/27/2020,9.6
8/28/2020,11.4
8/29/2020,9.9
8/30/2020,11.5
8/31/2020,7.2
9/1/2020,5.2
9/2/2020,5.1
9/3/2020,7.1
9/4/2020,11.8
9/5/2020,7.9
9/6/2020,23.1
9/7/2020,38.4
9/9/2020,2.7
9/10/2020,6.9
9/11/2020,10.9
9/12/2020,15.7
9/13/2020,15.1
9/16/2020,11.2
9/17/2020,0
9/18/2020,13.2
9/19/2020,12.7
9/20/2020,18.3
9/21/2020,0
9/22/2020,22
9/23/2020,12.5
9/24/2020,16.9
9/25/2020,20.2
9/26/2020,10.3
9/27/2020,4.1
9/28/2020,4.3
9/29/2020,6.4
9/30/2020,7.3
10/1/2020,8.2
10/2/2020,13.3
10/3/2020,16.1
10/4/2020,25.3
10/5/2020,19.4
10/6/2020,25.8
10/7/2020,30
10/8/2020,16.7
10/9/2020,12.9
10/10/2020,8.8
10/11/2020,3.1
10/12/2020,4
10/13/2020,6.6
10/14/2020,5.1
10/15/2020,3.6
10/16/2020,5
10/17/2020,6.8
10/18/2020,4.5
10/19/2020,5.7
10/20/2020,4.9
10/21/2020,5.6
10/22/2020,2.5
10/23/2020,6.8
10/24/2020,9.2
10/25/2020,3.3
10/26/2020,5.4
10/27/2020,11
10/28/2020,10.8
10/29/2020,12.1
10/30/2020,8.2
10/31/2020,6.7
11/1/2020,12.4
11/2/2020,14.8
11/3/2020,16
11/4/2020,10.7
11/5/2020,10.5
11/6/2020,8.5
11/7/2020,5.9
11/8/2020,2.2
11/9/2020,4.3
11/10/2020,4.2
11/11/2020,3
11/12/2020,4.9
11/13/2020,4.5
11/14/2020,1.8
11/15/2020,2.7
11/16/2020,10.5
11/17/2020,3.9
11/19/2020,2.9
11/20/2020,5.6
11/21/2020,10.3
11/22/2020,12.2
11/23/2020,18.5
11/24/2020,6.3
11/25/2020,6.2
11/26/2020,1.5
11/27/2020,5.8
11/28/2020,10.6
11/29/2020,16.5
11/30/2020,22
12/1/2020,6.3
12/2/2020,6.8
12/3/2020,10.3
12/4/2020,16.4
12/5/2020,22.7
12/6/2020,29.1
12/7/2020,28.9
12/8/2020,35
12/9/2020,33.1
12/10/2020,34.9
12/11/2020,18.5
12/12/2020,6.8
12/13/2020,6.1
12/14/2020,7.4
12/15/2020,8.1
12/16/2020,7.2
12/17/2020,5.1
12/18/2020,5.9
12/19/2020,8.8
12/20/2020,9.1
12/21/2020,10.2
12/22/2020,2.5
12/23/2020,2.4
12/24/2020,7.1
12/25/2020,18
12/26/2020,19.2
12/27/2020,11
12/28/2020,11
12/29/2020,10.1
12/30/2020,13.8
12/31/2020,15.1
1/1/2020,2.9
1/2/2020,1.6
1/3/2020,3.2
1/4/2020,5.2
1/5/2020,6.9
1/6/2020,3.2
1/7/2020,2
1/8/2020,2.8
1/9/2020,3
1/10/2020,0.6
1/11/2020,2.2
1/12/2020,1.6
1/13/2020,1.3
1/14/2020,1.7
1/15/2020,4.2
1/16/2020,3.1
1/17/2020,1.8
1/18/2020,3.5
1/19/2020,5.9
1/20/2020,12.6
1/21/2020,9.3
1/22/2020,3.5
1/23/2020,4.9
1/24/2020,4.8
1/25/2020,8.4
1/26/2020,4.8
1/27/2020,1.3
1/28/2020,2
1/29/2020,1.4
1/30/2020,3.6
1/31/2020,5.2
2/1/2020,3.8
2/2/2020,1.9
2/3/2020,0.4
2/4/2020,4
2/5/2020,3.7
2/6/2020,4.1
2/7/2020,4.2
2/8/2020,1.4
2/9/2020,1.8
2/10/2020,4
2/11/2020,3.5
2/12/2020,3.7
2/13/2020,3.6
2/14/2020,2.5
2/15/2020,2.6
2/16/2020,3.3
2/17/2020,1.2
2/18/2020,3.3
2/19/2020,3.4
2/20/2020,3.7
2/21/2020,7.2
2/22/2020,9
2/23/2020,4
2/24/2020,0.9
2/25/2020,2.3
2/26/2020,4
2/27/2020,5
2/28/2020,4
2/29/2020,1.8
3/1/2020,0.9
3/2/2020,2.5
3/3/2020,3.9
3/4/2020,3.8
3/5/2020,2.7
3/6/2020,2.1
3/7/2020,4.8
3/8/2020,2.3
3/9/2020,2.1
3/10/2020,3.1
3/11/2020,3.6
3/12/2020,3
3/13/2020,3.5
3/14/2020,0.9
3/15/2020,0.8
3/16/2020,2.5
3/17/2020,2.6
3/18/2020,1.3
3/19/2020,2.4
3/20/2020,2.1
3/21/2020,2.2
3/22/2020,2.3
3/23/2020,2.2
3/24/2020,1.1
3/25/2020,1.8
3/26/2020,2.1
3/27/2020,3.5
3/28/2020,3.4
3/29/2020,2.2
3/30/2020,2.4
3/31/2020,2.3
4/1/2020,2.4
4/2/2020,1.1
4/3/2020,3
4/4/2020,5.3
4/5/2020,3
4/6/2020,2.8
4/7/2020,3.2
4/8/2020,3.3
4/9/2020,2.7
4/10/2020,2.5
4/11/2020,2.4
4/12/2020,1
4/13/2020,2.6
4/14/2020,3.5
4/15/2020,2.3
4/16/2020,1.1
4/17/2020,3.5
4/18/2020,4.2
4/19/2020,2.1
4/20/2020,3.4
4/21/2020,4.2
4/22/2020,2.7
4/23/2020,1.9
4/24/2020,3.1
4/25/2020,3.8
4/26/2020,2.2
4/27/2020,3.2
4/28/2020,2.2
4/29/2020,3.9
4/30/2020,2.6
5/1/2020,3.9
5/2/2020,4.5
5/3/2020,2.7
5/4/2020,2.3
5/5/2020,3.5
5/6/2020,5.2
5/7/2020,1.6
5/8/2020,3.7
5/9/2020,3.9
5/10/2020,5.3
5/11/2020,5.3
5/12/2020,4.5
5/13/2020,3.1
5/14/2020,3.4
5/15/2020,3.1
5/16/2020,3.2
5/17/2020,6.8
5/18/2020,6.4
5/19/2020,5.7
5/20/2020,1.8
5/21/2020,1.9
5/22/2020,3
5/23/2020,0.9
5/24/2020,2.8
5/25/2020,2.6
5/26/2020,3.6
5/27/2020,3.2
5/28/2020,3.5
5/29/2020,3.6
5/30/2020,3.9
5/31/2020,4.8
6/1/2020,3.2
6/2/2020,4.4
6/3/2020,4.5
6/4/2020,6.1
6/5/2020,8.3
6/6/2020,7.5
6/7/2020,7.6
6/8/2020,7
6/9/2020,7.3
6/10/2020,7.5
6/11/2020,7.7
6/12/2020,7.5
6/13/2020,7.5
6/14/2020,7.6
6/15/2020,7.7
6/16/2020,7
6/17/2020,7.1
6/18/2020,7.8
6/19/2020,8
6/20/2020,7.3
6/21/2020,7.7
6/22/2020,7.5
6/23/2020,7.7
6/24/2020,7.6
6/25/2020,6.1
6/26/2020,5.8
6/27/2020,6.1
6/28/2020,5.5
6/29/2020,5.8
6/30/2020,6.3
1/1/2020,19.339
1/2/2020,3.0545
1/3/2020,3.9215
1/4/2020,6.5015
1/5/2020,29.553
1/6/2020,12.5335
1/7/2020,4.5355
1/8/2020,7.2595
1/9/2020,19.847
1/10/2020,431.7585
1/11/2020,2.464
1/12/2020,6.5295
1/13/2020,2.428
1/14/2020,33.233
1/15/2020,4.894
1/16/2020,6.8765
1/17/2020,1.6135
1/18/2020,4.2375
1/19/2020,17.4775
1/20/2020,45.443
1/21/2020,40.2155
1/22/2020,18.03
1/23/2020,15.418
1/24/2020,19.7195
1/25/2020,25.3675
1/26/2020,24.6645
1/27/2020,12.5075
1/28/2020,5.563
1/29/2020,3.5645
1/30/2020,9.69
1/31/2020,15.7145
2/1/2020,15.3235
2/2/2020,6.463
2/3/2020,2.27
2/4/2020,2.0095
2/5/2020,6.6165
2/6/2020,13.7945
2/7/2020,10.881
2/8/2020,6.6615
2/9/2020,1.6255
2/10/2020,5.8065
2/11/2020,13.204
2/12/2020,11.544
2/13/2020,12.2765
2/14/2020,4.127
2/15/2020,7.906
2/16/2020,11.757
2/17/2020,4.644
2/18/2020,4.1535
2/19/2020,9.7975
2/20/2020,6.9505
2/21/2020,20.3725
2/22/2020,34.733
2/23/2020,19.3235
2/24/2020,3.0275
2/25/2020,1.471
2/26/2020,4.1515
2/27/2020,10.851
2/28/2020,9.8255
2/29/2020,2.969
3/1/2020,2.568
3/2/2020,2.83
3/3/2020,5.1685
3/4/2020,9.3485
3/5/2020,4.4205
3/6/2020,1.7705
3/7/2020,1.3015
3/8/2020,2.1375
3/9/2020,3.274
3/10/2020,4.12
3/11/2020,4.6315
3/12/2020,4.385
3/13/2020,6.8095
3/14/2020,0.3275
3/15/2020,0.3425
3/16/2020,0.708
3/17/2020,16.864
3/18/2020,0.7095
3/19/2020,3.447
3/20/2020,5.011
3/21/2020,3.6865
3/22/2020,2.9325
3/23/2020,4.5365
3/24/2020,0.134
3/25/2020,1.9905
3/26/2020,32.7245
3/27/2020,2.315
3/28/2020,4.227
3/29/2020,6.296
3/30/2020,4.4095
3/31/2020,4.2485
4/1/2020,0.8125
4/2/2020,14.4845
4/3/2020,1.6005
4/4/2020,114.9675
4/5/2020,5.8565
4/6/2020,1.829
4/7/2020,1.358
4/8/2020,3.583
4/9/2020,3.8115
4/10/2020,2.574
4/11/2020,188.551
4/12/2020,122.4685
4/13/2020,270.281
4/14/2020,48.975
4/15/2020,609.628
4/16/2020,194.9735
4/17/2020,4.1185
4/18/2020,13.6335
4/19/2020,2.936
4/20/2020,4.451
4/21/2020,5.9375
4/22/2020,63.45
4/23/2020,132.676
4/24/2020,1.926
4/25/2020,2.202
4/26/2020,2.2815
4/27/2020,2.4575
4/28/2020,2.672
4/29/2020,2.4445
4/30/2020,1.901
5/1/2020,3.126
5/2/2020,5.826
5/3/2020,4.053
5/4/2020,3.2375
5/5/2020,3.4965
5/6/2020,5.125
5/7/2020,24.504
5/8/2020,2.0685
5/9/2020,2.3565
5/10/2020,5.101
5/11/2020,4.1135
5/12/2020,23.0415
5/13/2020,3.265
5/14/2020,2.0225
5/15/2020,4.365
5/16/2020,1.5875
5/17/2020,4.8875
5/18/2020,5.063
5/19/2020,191.0815
5/20/2020,2.4395
5/21/2020,0.9415
5/22/2020,2.89
5/23/2020,5.47
5/24/2020,56.298
5/25/2020,2.1285
5/26/2020,2.531
5/27/2020,4.2145
5/28/2020,2.7225
5/29/2020,3.0205
5/30/2020,3.0225
5/31/2020,3.1795
6/1/2020,1.146
6/2/2020,4.6325
6/3/2020,5.776
6/4/2020,4.195
6/5/2020,7.1555
6/6/2020,2.4615
6/7/2020,4.705
6/8/2020,0.871
6/9/2020,2.092
6/10/2020,1.2345
6/11/2020,1.7105
6/12/2020,2.8105
6/13/2020,3.427
6/14/2020,1.498
6/15/2020,2.437
6/16/2020,2.3535
6/17/2020,1.022
6/18/2020,2.3235
6/19/2020,2.66
6/20/2020,3.154
6/21/2020,2.9345
6/22/2020,3.171
6/23/2020,2.381
6/24/2020,2.818
6/25/2020,4.1935
6/26/2020,3.4095
6/27/2020,2.901
6/28/2020,4.769
6/29/2020,1.805
6/30/2020,2.5005
7/1/2020,4.381
7/2/2020,2.827
7/3/2020,3.732
7/4/2020,2.254
7/5/2020,40.69
7/6/2020,8.2235
7/7/2020,3.145
7/8/2020,5.8515
7/9/2020,6.2705
7/10/2020,5.1725
7/11/2020,5.087
7/12/2020,4.8865
7/13/2020,4.295
7/14/2020,4.0535
7/15/2020,4.4115
7/16/2020,5.2995
7/17/2020,4.894
7/18/2020,2.598
7/19/2020,5.2295
7/20/2020,6.455
7/21/2020,14.9795
7/22/2020,8.8185
7/23/2020,4.575
7/24/2020,2.379
7/25/2020,12.5495
7/26/2020,5.026
7/27/2020,5.883
7/28/2020,3.066
7/29/2020,4.199
7/30/2020,7.609
7/31/2020,6.87
8/1/2020,7.0165
8/2/2020,3.7345
8/3/2020,11.619
8/4/2020,11.9925
8/5/2020,10.161
8/6/2020,5.7185
8/7/2020,2.3975
8/8/2020,3.8855
8/9/2020,6.5085
8/10/2020,5.9815
8/11/2020,4.316
8/12/2020,4.0925
8/13/2020,4.6435
8/14/2020,5.0515
8/15/2020,7.212
8/16/2020,5.8515
8/17/2020,7.688
8/18/2020,8.668
8/19/2020,12.466
8/20/2020,12.6605
8/21/2020,43.3725
8/22/2020,56.187
8/23/2020,34.21
8/24/2020,18.2925
8/25/2020,16.295
8/26/2020,13.369
8/27/2020,15.1305
8/28/2020,14.6135
8/29/2020,14.3265
8/30/2020,18.937
8/31/2020,10.4015
9/1/2020,4.782
9/2/2020,3.286
9/3/2020,2.925
9/4/2020,5.2945
9/5/2020,7.67
9/6/2020,15.501
9/7/2020,61.8125
9/8/2020,9.015
9/9/2020,1.5745
9/10/2020,5.227
9/11/2020,10.9825
9/12/2020,14.306
9/13/2020,27.2255
9/14/2020,11.7905
9/15/2020,7.338
9/16/2020,9.0775
9/17/2020,15.015
9/18/2020,17.721
9/19/2020,29.7635
9/20/2020,25.6555
9/21/2020,35.654
9/22/2020,19.5995
9/23/2020,16.354
9/24/2020,27.009
9/25/2020,31.9115
9/26/2020,23.453
9/27/2020,2.6175
9/28/2020,2.2075
9/29/2020,3.191
9/30/2020,5.3185
10/1/2020,4.326
10/2/2020,6.5785
10/3/2020,14.836
10/4/2020,38.2505
10/5/2020,37.7615
10/6/2020,37.189
10/7/2020,45.4235
10/8/2020,41.124
10/15/2020,0.4595
10/16/2020,3.127
10/17/2020,4.316
10/18/2020,7.8555
10/19/2020,4.1465
10/20/2020,3.6395
10/21/2020,3.7705
10/22/2020,3.2185
10/23/2020,3.6345
10/24/2020,15.8475
10/25/2020,4.281
10/26/2020,4.76
10/27/2020,16.967
10/28/2020,22.661
10/29/2020,18.383
10/30/2020,14.0465
10/31/2020,6.511
11/1/2020,15.8415
11/2/2020,19.0285
11/3/2020,20.1465
11/4/2020,17.4095
11/5/2020,11.519
11/6/2020,7.934
11/7/2020,2.6465
11/8/2020,0.795
11/9/2020,10.921
11/10/2020,6.957
11/11/2020,5.878
11/12/2020,3.4095
11/13/2020,6.6355
11/14/2020,0.564
11/15/2020,1.9085
11/16/2020,8.904
11/17/2020,7.9485
11/18/2020,0.9405
11/19/2020,2.2365
11/20/2020,4.508
11/21/2020,12.6815
11/22/2020,14.984
11/23/2020,27.026
11/24/2020,16.4215
11/25/2020,13.003
11/26/2020,4.088
11/27/2020,5.336
11/28/2020,13.2025
11/29/2020,27.289
11/30/2020,31.525
12/1/2020,16.345
12/2/2020,6.186
12/3/2020,9.6285
12/4/2020,17.096
12/5/2020,33.5825
12/6/2020,48.189
12/7/2020,48.9805
12/8/2020,46.129
12/9/2020,44.389
12/10/2020,50.4495
12/11/2020,35.8285
12/12/2020,14.5115
12/13/2020,7.293
12/14/2020,19.8285
12/15/2020,9.3835
12/16/2020,8.962
12/17/2020,6.407
12/18/2020,9.1605
12/19/2020,13.8085
12/20/2020,11.5855
12/21/2020,8.0585
12/22/2020,6.8545
12/23/2020,0.34
12/24/2020,5.543
12/25/2020,22.272
12/26/2020,38.846
12/27/2020,25.5195
12/28/2020,12.3575
12/29/2020,8.756
12/30/2020,20.9775
12/31/2020,25.1285
1/1/2020,8.4
1/2/2020,4.6
1/3/2020,6.4
1/4/2020,12
1/5/2020,13.4
1/6/2020,7
1/7/2020,5.7
1/8/2020,8.6
1/9/2020,8.2
1/10/2020,3.2
1/11/2020,5
1/12/2020,4.8
1/13/2020,4.7
1/14/2020,6.4
1/15/2020,10.2
1/16/2020,4.6
1/17/2020,4.7
1/18/2020,8.2
1/19/2020,15.8
1/23/2020,15.6
1/24/2020,13.7
1/25/2020,16.6
1/26/2020,10.9
1/27/2020,4.9
1/28/2020,4.7
1/29/2020,4.4
1/30/2020,9
1/31/2020,12.5
2/1/2020,8.5
2/2/2020,3.7
2/3/2020,2.2
2/4/2020,8.5
2/5/2020,8.1
2/6/2020,10.8
2/7/2020,8.2
2/8/2020,3.3
2/9/2020,3.2
2/10/2020,8.9
2/11/2020,10
2/12/2020,10.3
2/13/2020,8.7
2/14/2020,7.5
2/15/2020,8.7
2/16/2020,10.6
2/17/2020,3.3
2/18/2020,6.7
2/19/2020,7.7
2/20/2020,10.2
2/21/2020,19.3
2/22/2020,20.3
2/23/2020,9
2/24/2020,2.6
2/25/2020,5
2/26/2020,9.2
2/27/2020,12.3
2/28/2020,9.1
2/29/2020,4.4
3/1/2020,3.7
3/2/2020,5.1
3/3/2020,8.6
3/4/2020,8.9
3/5/2020,5.9
3/6/2020,5
3/7/2020,7.8
3/8/2020,5
3/9/2020,4.1
3/10/2020,5.8
3/11/2020,6.4
3/12/2020,6.2
3/13/2020,7.1
3/14/2020,2
3/15/2020,2.3
3/16/2020,4.7
3/17/2020,4.1
3/18/2020,2.8
3/19/2020,6
3/20/2020,3
3/21/2020,4.3
3/22/2020,4.8
3/23/2020,3.8
3/24/2020,2
3/25/2020,4.2
3/26/2020,2.4
3/27/2020,4.1
3/28/2020,6.6
3/29/2020,5
3/30/2020,4.5
3/31/2020,2.8
4/1/2020,2.1
4/2/2020,1.4
4/3/2020,5
4/4/2020,8.9
4/5/2020,5.4
4/6/2020,5.6
4/7/2020,5.9
4/8/2020,8.2
4/9/2020,6.5
4/10/2020,5.9
4/11/2020,4.3
4/12/2020,4.3
4/13/2020,4.8
4/14/2020,6.3
4/15/2020,3.6
4/16/2020,2.2
4/17/2020,7.1
4/18/2020,6.9
4/19/2020,3.8
4/20/2020,6.8
4/21/2020,7.6
4/22/2020,5.3
4/23/2020,3.8
4/24/2020,5.7
4/25/2020,6.5
4/26/2020,4.5
4/27/2020,5.4
4/28/2020,4.1
4/29/2020,6.9
4/30/2020,5
5/1/2020,8.8
5/2/2020,5.8
5/3/2020,5.2
5/4/2020,5.1
5/5/2020,8
5/6/2020,8.6
5/7/2020,3.8
5/8/2020,6.8
5/9/2020,6.8
5/10/2020,8.2
5/11/2020,8
5/12/2020,8.7
5/13/2020,6.1
5/14/2020,4.8
5/15/2020,5.2
5/16/2020,6.9
5/17/2020,8.8
5/18/2020,9.4
5/19/2020,12
5/20/2020,8.3
5/21/2020,4.2
5/22/2020,6.7
5/23/2020,3
5/24/2020,3.5
5/25/2020,4.2
5/26/2020,7.8
5/30/2020,6.7
5/31/2020,7.9
6/1/2020,6.2
6/2/2020,17.4
6/3/2020,13.1
6/4/2020,11.2
6/5/2020,13.5
6/6/2020,7
6/7/2020,5.9
6/8/2020,3.9
6/9/2020,4.7
6/10/2020,5.8
6/11/2020,7.6
6/12/2020,7.5
6/13/2020,8.8
6/14/2020,5.6
6/15/2020,8.7
6/16/2020,4.9
6/17/2020,3.7
6/18/2020,4.4
6/19/2020,6.7
6/20/2020,7.4
6/21/2020,6.5
6/22/2020,7
6/23/2020,7.6
6/24/2020,6.8
6/25/2020,7.2
6/26/2020,10
6/27/2020,9.2
6/28/2020,11.1
6/29/2020,4.2
6/30/2020,4.5
7/1/2020,11.4
7/2/2020,9.3
7/3/2020,14.9
7/4/2020,34.5
7/5/2020,138.8
7/6/2020,11.7
7/7/2020,9.4
7/8/2020,9.9
7/9/2020,13.4
7/10/2020,8.9
7/11/2020,12.3
7/12/2020,8.5
7/13/2020,12.3
7/14/2020,8.9
7/15/2020,9.6
7/16/2020,13.5
7/17/2020,10.7
7/18/2020,8.3
7/19/2020,12.1
7/20/2020,14.3
7/21/2020,19.5
7/22/2020,11.3
7/23/2020,8.5
7/24/2020,12.2
7/25/2020,17.7
7/26/2020,9.2
7/27/2020,13.3
7/28/2020,8.6
7/29/2020,9.8
7/30/2020,13.8
7/31/2020,14.7
8/1/2020,10.7
8/2/2020,9.3
8/3/2020,12.9
8/4/2020,13.5
8/5/2020,13.1
8/6/2020,6.9
8/7/2020,8.5
8/8/2020,9.8
8/9/2020,12.6
8/10/2020,10.5
8/11/2020,12.7
8/12/2020,14.2
8/13/2020,18.4
8/14/2020,19.9
8/15/2020,13.2
8/16/2020,11.4
8/17/2020,14.7
8/18/2020,17.2
8/19/2020,16.3
8/20/2020,21.5
8/21/2020,47.3
8/22/2020,36.3
8/23/2020,18.7
8/24/2020,21.9
8/27/2020,12.8
8/28/2020,14.8
8/29/2020,13.3
8/30/2020,13.2
8/31/2020,7.1
9/1/2020,5.3
9/2/2020,8.1
9/3/2020,8.9
9/4/2020,10.6
9/5/2020,10.7
9/6/2020,26.3
9/7/2020,39.3
9/8/2020,5.1
9/9/2020,5.5
9/10/2020,10.9
9/11/2020,13.5
9/12/2020,18.7
9/13/2020,16.6
9/14/2020,10.5
9/15/2020,14.8
9/16/2020,17.3
9/17/2020,20.9
9/18/2020,18.7
9/19/2020,24.1
9/20/2020,18
9/21/2020,26.7
9/22/2020,11
9/23/2020,16.9
9/24/2020,19.2
9/25/2020,28.4
9/26/2020,12.2
9/27/2020,4.3
9/28/2020,5.7
9/29/2020,9.3
9/30/2020,11.9
10/1/2020,11.1
10/2/2020,13.9
10/3/2020,21.9
10/4/2020,29.9
10/5/2020,24
10/6/2020,32
10/7/2020,36.9
10/8/2020,21.3
10/9/2020,16.5
10/10/2020,12.4
10/11/2020,3.9
10/12/2020,6.9
10/13/2020,8.4
10/14/2020,6.1
10/15/2020,5.2
10/16/2020,9.5
10/17/2020,9.4
10/18/2020,7.1
10/19/2020,9
10/20/2020,8.3
10/21/2020,9.3
10/22/2020,4.7
10/23/2020,11.2
10/24/2020,12.7
10/25/2020,4.2
10/26/2020,9.2
10/27/2020,15.3
10/28/2020,14.9
10/29/2020,16.6
10/30/2020,9.9
10/31/2020,9.9
11/1/2020,14.1
11/2/2020,17.1
11/3/2020,19.2
11/4/2020,12.8
11/5/2020,12.2
11/6/2020,7.8
11/7/2020,4.9
11/8/2020,5.1
11/9/2020,5.8
11/10/2020,7.5
11/11/2020,5.4
11/12/2020,6.9
11/13/2020,6.8
11/14/2020,3.3
11/15/2020,4.7
11/16/2020,13.4
11/17/2020,3.6
11/18/2020,7.6
11/19/2020,4.9
11/20/2020,7.5
11/21/2020,12.3
11/22/2020,11.6
11/23/2020,19.1
11/24/2020,8.9
11/25/2020,8.3
11/26/2020,3.9
11/27/2020,7.8
11/28/2020,12.1
11/29/2020,18.6
11/30/2020,20.7
12/1/2020,7.5
12/2/2020,8.1
12/3/2020,10.2
12/4/2020,18.4
12/5/2020,26
12/6/2020,32.1
12/7/2020,31.6
12/8/2020,34.5
12/9/2020,32.5
12/10/2020,31.8
12/11/2020,17.4
12/12/2020,7.7
12/13/2020,7.9
12/14/2020,8.6
12/15/2020,9.4
12/16/2020,8.1
12/17/2020,6.3
12/18/2020,6.9
12/19/2020,11.1
12/22/2020,2.8
12/23/2020,5.6
12/24/2020,11
12/25/2020,16.4
12/26/2020,22.3
12/27/2020,11.7
12/28/2020,9.6
12/29/2020,11
12/30/2020,16.7
12/31/2020,16.4
