time_stamp,pm2.5_atm
2020-01-01,51.668
2020-01-02,36.8085
2020-01-03,43.775000000000006
2020-01-04,45.1225
2020-01-05,42.216
2020-01-06,42.9905
2020-01-07,37.6425
2020-01-08,36.142500000000005
2020-01-09,54.646
2020-01-10,36.97
2020-01-11,35.6375
2020-01-12,35.8175
2020-01-13,44.5655
2020-01-14,29.9385
2020-01-15,29.316
2020-01-16,35.65
2020-01-17,31.226
2020-01-18,30.897
2020-01-19,33.4795
2020-01-20,45.1045
2020-01-21,33.891
2020-01-22,41.9305
2020-01-23,53.6425
2020-01-24,59.672
2020-01-25,60.2415
2020-01-26,56.8055
2020-01-27,46.041
2020-01-28,38.912
2020-01-29,38.667
2020-01-30,37.259
2020-01-31,44.86
2020-02-01,42.2695
2020-02-02,35.653
2020-02-03,32.4655
2020-02-04,28.777
2020-02-05,26.5915
2020-02-06,39.652
2020-02-07,43.971
2020-02-08,45.348000000000006
2020-02-09,34.252
2020-02-10,32.026
2020-02-11,43.9085
2020-02-12,38.5325
2020-02-13,38.265
2020-02-14,33.9265
2020-02-15,39.239
2020-02-16,41.5395
2020-02-17,40.465
2020-02-18,35.289500000000004
2020-02-19,45.093
2020-02-20,45.1295
2020-02-21,46.8935
2020-02-22,58.155
2020-02-23,58.5835
2020-02-24,41.515
2020-02-25,40.5315
2020-02-26,39.9195
2020-02-27,39.4905
2020-02-28,44.8085
2020-02-29,43.492
2020-03-01,38.974500000000006
2020-03-02,45.664
2020-03-03,41.017
2020-03-04,46.5435
2020-03-05,42.0425
2020-03-06,39.611
2020-03-07,40.4425
2020-03-08,39.4515
2020-03-09,41.081500000000005
2020-03-10,40.4275
2020-03-11,36.215
2020-03-12,44.13
2020-03-13,39.735
2020-03-14,38.5045
2020-03-15,38.166
2020-03-16,38.0395
2020-03-17,35.8905
2020-03-18,37.2235
2020-03-19,39.9635
2020-03-20,39.2945
2020-03-21,37.034
2020-03-22,42.3755
2020-03-23,35.7625
2020-03-24,36.39
2020-03-25,37.9735
2020-03-26,38.0145
2020-03-27,41.0865
2020-03-28,37.4825
2020-03-29,44.5165
2020-03-30,35.173500000000004
2020-03-31,40.7635
2020-04-01,40.163
2020-04-02,38.5385
2020-04-03,34.77
2020-04-04,38.5985
2020-04-05,42.0805
2020-04-06,41.635
2020-04-07,38.3695
2020-04-08,38.703
2020-04-09,46.0835
2020-05-19,39.215
2020-05-20,40.7355
2020-05-21,36.323
2020-05-22,37.2505
2020-05-23,46.7215
2020-05-24,39.322500000000005
2020-05-25,38.601
2020-05-26,38.6155
2020-05-27,40.0785
2020-05-28,37.6135
2020-05-29,41.37
2020-05-30,33.6955
2020-05-31,35.4845
2020-06-01,32.152
2020-06-02,39.317
2020-06-03,40.651500000000006
2020-06-04,42.6105
2020-06-05,44.492
2020-06-06,44.177
2020-06-07,43.29900000000001
2020-06-08,50.2165
2020-06-09,40.904
2020-06-10,41.8175
2020-06-11,36.6965
2020-06-12,39.388000000000005
2020-06-13,36.6575
2020-06-14,39.0075
2020-06-15,38.2625
2020-06-16,39.6245
2020-06-17,43.818
2020-06-18,46.472
2020-06-19,42.0195
2020-06-20,37.876
2020-06-21,37.033
2020-06-22,36.167
2020-06-23,37.6445
2020-06-24,38.041
2020-06-25,35.526
2020-06-26,38.536
2020-06-27,38.5665
2020-06-28,43.6175
2020-06-29,50.999500000000005
2020-06-30,46.199
2020-07-01,43.7035
2020-07-02,38.138
2020-07-03,41.5905
2020-07-04,43.139
2020-07-05,51.449
2020-07-06,44.837
2020-07-07,41.804
2020-07-08,47.6355
2020-07-09,43.8125
2020-07-10,45.25
2020-07-11,42.782
2020-07-12,44.1085
2020-07-13,44.872
2020-07-14,42.9645
2020-07-15,43.249
2020-07-16,46.539
2020-07-17,40.2505
2020-07-18,39.3485
2020-07-19,44.997
2020-07-20,43.8175
2020-07-21,56.1815
2020-07-22,51.711
2020-07-23,45.2165
2020-07-24,43.802
2020-07-25,46.857
2020-07-26,46.5195
2020-07-27,45.7845
2020-07-28,44.5535
2020-07-29,43.824
2020-07-30,41.9715
2020-07-31,41.978
2020-08-01,41.9985
2020-08-02,40.542
2020-08-03,47.968
2020-08-04,48.2855
2020-08-05,46.5895
2020-08-06,44.587
2020-08-07,43.343
2020-08-08,39.961
2020-08-09,45.2455
2020-08-10,43.9205
2020-08-11,42.799
2020-08-12,42.1115
2020-08-13,41.8875
2020-08-14,41.664
2020-08-15,46.9685
2020-08-16,46.516000000000005
2020-08-17,49.392
2020-08-18,68.077
2020-08-19,50.647
2020-08-20,50.373
2020-08-21,69.2995
2020-08-22,75.9675
2020-08-23,64.092
2020-08-24,55.3405
2020-08-25,54.486
2020-08-26,55.207
2020-08-27,53.7905
2020-08-28,52.61
2020-08-29,49.3335
2020-08-30,53.52
2020-08-31,56.4315
2020-09-01,48.497
2020-09-02,43.2265
2020-09-03,48.4
2020-09-04,49.9305
2020-09-05,50.4825
2020-09-06,52.338
2020-09-07,102.644
2020-09-08,66.319
2020-09-09,58.341
2020-09-10,55.3525
2020-09-11,57.1845
2020-09-12,58.0665
2020-09-13,56.223
2020-09-14,51.825
2020-09-15,50.3675
2020-09-16,52.7885
2020-09-17,57.0895
2020-09-18,56.897
2020-09-19,74.66499999999999
2020-09-20,83.2825
2020-09-21,70.8965
2020-09-22,61.5335
2020-09-23,65.521
2020-09-24,71.675
2020-09-25,68.48599999999999
2020-09-26,73.2765
2020-09-27,63.593
2020-09-28,62.925
2020-09-29,63.927
2020-09-30,61.3195
2020-10-01,63.9765
2020-10-02,66.063
2020-10-03,69.941
2020-10-04,87.063
2020-10-05,85.1465
2020-10-06,83.67399999999999
2020-10-07,93.066
2020-10-08,80.5605
2020-10-09,60.9555
2020-10-10,65.0085
2020-10-11,66.355
2020-10-12,26.246
2020-10-13,39.683
2020-10-14,61.4075
2020-10-15,51.802
2020-10-16,30.329
2020-10-17,29.5945
2020-10-18,59.341
2020-10-19,44.831
2020-10-20,36.199000000000005
2020-10-21,41.204
2020-10-22,49.069
2020-10-23,16.072
2020-10-24,25.183
2020-10-25,23.2255
2020-10-26,1.4895
2020-10-27,5.307
2020-10-28,24.2635
2020-10-29,27.009
2020-10-30,24.102
2020-10-31,26.102
2020-11-01,26.076
2020-11-02,27.6665
2020-11-03,24.497
2020-11-04,42.5515
2020-11-05,37.108
2020-11-06,44.1275
2020-11-07,58.3765
2020-11-08,0.386
2020-11-09,4.485
2020-11-10,2.6875
2020-11-11,2.325
2020-11-12,0.6505
2020-11-13,1.1445
2020-11-14,0.1125
2020-11-15,1.4225
2020-11-16,13.775
2020-11-17,17.6045
2020-11-18,1.253
2020-11-19,0.655
2020-11-20,1.3465
2020-11-21,5.592
2020-11-22,5.344
2020-11-23,11.882
2020-11-24,8.414
2020-11-25,3.8285
2020-11-26,1.983
2020-11-27,2.0345
2020-11-28,4.507
2020-11-29,6.8725
2020-11-30,7.9865
2020-12-01,3.189
2020-12-02,2.2185
2020-12-03,1.334
2020-12-04,3.7695
2020-12-05,9.2595
2020-12-06,14.613
2020-12-07,16.544
2020-12-08,11.978
2020-12-09,15.7885
2020-12-10,20.3805
2020-12-11,15.0055
2020-12-12,8.302
2020-12-13,3.0015
2020-12-14,3.8375
2020-12-15,4.0205
2020-12-16,3.5105
2020-12-17,3.3425
2020-12-18,4.3105
2020-12-19,6.22
2020-12-20,4.7015
2020-12-21,6.696
2020-12-22,3.513
2020-12-23,0.1595
2020-12-24,1.6255
2020-12-25,4.9765
2020-12-26,5.4945
2020-12-27,7.1235
2020-12-28,3.426
2020-12-29,4.503
2020-12-30,7.4095
2020-12-31,9.4385
1/1/2020,5.3
1/2/2020,2.2
1/3/2020,5.5
1/4/2020,8.3
1/5/2020,8.6
1/6/2020,4.6
1/7/2020,3.7
1/8/2020,4.9
1/9/2020,7.5
1/10/2020,1.7
1/11/2020,4.4
1/12/2020,2.2
1/13/2020,2.3
1/14/2020,3.0
1/15/2020,7.8
1/16/2020,4.7
1/17/2020,4.7
1/18/2020,6.6
1/19/2020,11.2
1/20/2020,24.8
1/21/2020,12.8
1/22/2020,5.7
1/23/2020,7.3
1/24/2020,6.8
1/25/2020,10.2
1/26/2020,6.9
1/27/2020,2.1
1/28/2020,5.3
1/29/2020,5.1
1/30/2020,7.3
1/31/2020,8.1
2/1/2020,5.3
2/2/2020,2.4
2/3/2020,1.5
2/4/2020,7.1
2/5/2020,5.1
2/6/2020,6.0
2/7/2020,5.3
2/8/2020,2.4
2/9/2020,3.1
2/10/2020,5.5
2/11/2020,6.9
2/12/2020,6.9
2/13/2020,5.7
2/14/2020,2.9
2/15/2020,5.5
2/16/2020,5.8
2/17/2020,1.6
2/18/2020,5.6
2/19/2020,7.4
2/20/2020,8.2
2/21/2020,14.6
2/22/2020,18.3
2/23/2020,7.0
2/24/2020,1.3
2/25/2020,5.0
2/26/2020,5.9
2/27/2020,8.6
2/28/2020,5.1
2/29/2020,2.2
3/1/2020,3.0
3/2/2020,4.1
3/3/2020,6.5
3/4/2020,6.0
3/5/2020,4.1
3/6/2020,3.2
3/7/2020,5.3
3/8/2020,3.3
3/9/2020,4.1
3/10/2020,4.9
3/11/2020,5.0
3/12/2020,5.3
3/13/2020,6.1
3/14/2020,3.4
3/15/2020,3.3
3/16/2020,4.5
3/17/2020,4.8
3/18/2020,3.5
3/19/2020,4.3
3/20/2020,2.1
3/21/2020,3.9
3/22/2020,4.2
3/23/2020,2.6
3/24/2020,1.3
3/25/2020,3.1
3/26/2020,2.5
3/27/2020,3.2
3/28/2020,5.3
3/29/2020,4.1
3/30/2020,3.8
3/31/2020,1.5
4/1/2020,2.3
4/2/2020,2.4
4/3/2020,3.2
4/4/2020,3.5
4/5/2020,5.0
4/6/2020,4.6
4/7/2020,5.2
4/8/2020,6.4
4/9/2020,5.4
4/10/2020,3.9
4/11/2020,4.3
4/12/2020,2.5
4/13/2020,4.6
4/17/2020,4.8
4/18/2020,6.8
4/19/2020,3.1
4/20/2020,6.1
4/21/2020,6.6
4/22/2020,6.3
4/23/2020,3.2
4/24/2020,4.0
4/25/2020,6.1
4/26/2020,4.6
4/27/2020,6.9
4/28/2020,5.1
4/29/2020,5.4
4/30/2020,5.2
5/1/2020,7.8
5/2/2020,7.7
5/3/2020,5.4
5/4/2020,4.5
5/5/2020,6.6
5/6/2020,11.6
5/7/2020,4.5
5/8/2020,6.2
5/9/2020,6.4
5/10/2020,7.4
5/11/2020,7.0
5/12/2020,8.2
5/13/2020,5.8
5/14/2020,4.7
5/15/2020,7.3
5/16/2020,8.0
5/17/2020,12.0
5/18/2020,9.6
5/19/2020,12.7
5/20/2020,5.0
5/21/2020,2.8
5/22/2020,7.4
5/23/2020,3.1
5/24/2020,6.0
5/25/2020,19.9
5/26/2020,7.0
5/27/2020,12.9
5/28/2020,10.3
5/29/2020,9.7
5/30/2020,5.9
5/31/2020,8.6
6/1/2020,6.0
6/2/2020,8.9
6/3/2020,8.7
6/4/2020,9.8
6/5/2020,11.6
6/6/2020,6.4
6/7/2020,5.0
6/8/2020,2.6
6/9/2020,3.5
6/10/2020,4.0
6/11/2020,5.5
6/12/2020,6.1
6/13/2020,6.9
6/14/2020,5.1
6/15/2020,5.9
6/16/2020,3.7
6/17/2020,2.2
6/18/2020,4.4
6/19/2020,5.4
6/20/2020,6.1
6/21/2020,6.5
6/22/2020,6.6
6/23/2020,6.7
6/24/2020,7.6
6/25/2020,8.1
6/26/2020,6.6
6/27/2020,7.9
6/28/2020,10.5
6/29/2020,3.2
6/30/2020,4.3
7/1/2020,5.4
7/2/2020,6.6
7/3/2020,7.1
7/4/2020,33.8
7/5/2020,49.3
7/6/2020,12.6
7/7/2020,10.2
7/8/2020,10.3
7/9/2020,11.7
7/10/2020,8.8
7/11/2020,9.6
7/12/2020,7.9
7/13/2020,9.1
7/14/2020,6.2
7/15/2020,7.8
7/16/2020,10.8
7/17/2020,7.3
7/18/2020,7.7
7/19/2020,11.7
7/20/2020,10.5
7/21/2020,17.8
7/22/2020,9.6
7/23/2020,5.9
7/24/2020,18.0
7/25/2020,18.6
7/26/2020,9.2
7/27/2020,10.1
7/28/2020,7.8
7/29/2020,10.0
7/30/2020,11.5
7/31/2020,10.0
8/1/2020,8.0
8/2/2020,7.1
8/3/2020,12.7
8/4/2020,19.2
8/5/2020,15.6
8/6/2020,8.2
8/7/2020,10.6
8/8/2020,16.4
8/9/2020,10.8
8/10/2020,15.0
8/11/2020,10.3
8/12/2020,15.7
8/13/2020,23.5
8/14/2020,26.7
8/15/2020,15.3
8/16/2020,8.8
8/17/2020,12.0
8/18/2020,12.1
8/19/2020,15.6
8/20/2020,19.4
8/21/2020,48.7
8/22/2020,36.9
8/23/2020,18.5
8/24/2020,27.4
8/25/2020,24.1
8/26/2020,18.3
8/27/2020,12.9
8/28/2020,13.8
8/29/2020,12.2
8/30/2020,12.3
8/31/2020,6.2
9/1/2020,4.6
9/2/2020,7.1
9/3/2020,7.9
9/4/2020,9.6
9/5/2020,10.1
9/6/2020,26.8
9/7/2020,40.6
9/8/2020,3.0
9/9/2020,3.7
9/10/2020,9.2
9/11/2020,11.6
9/12/2020,17.0
9/13/2020,13.8
9/14/2020,8.1
9/15/2020,10.2
9/16/2020,11.2
9/17/2020,15.3
9/18/2020,15.3
9/19/2020,21.7
9/20/2020,18.8
9/21/2020,24.8
9/22/2020,10.3
9/23/2020,14.4
9/24/2020,16.9
9/25/2020,23.7
9/26/2020,11.6
9/27/2020,3.7
9/28/2020,5.2
9/29/2020,7.7
9/30/2020,8.5
10/1/2020,8.7
10/2/2020,12.8
10/3/2020,19.2
10/4/2020,27.9
10/5/2020,22.9
10/6/2020,30.4
10/7/2020,33.8
10/8/2020,18.5
10/9/2020,11.8
10/10/2020,9.1
10/11/2020,3.6
10/12/2020,5.7
10/13/2020,7.0
10/14/2020,5.0
10/15/2020,5.1
10/16/2020,6.3
10/17/2020,7.1
10/18/2020,6.1
10/19/2020,7.4
10/20/2020,6.2
10/21/2020,8.1
10/22/2020,4.0
10/23/2020,10.5
10/24/2020,11.6
10/25/2020,3.8
10/26/2020,7.0
10/27/2020,14.1
10/28/2020,13.5
10/29/2020,14.3
10/30/2020,7.3
10/31/2020,10.8
11/1/2020,13.3
11/2/2020,14.0
11/3/2020,16.8
11/4/2020,11.0
11/5/2020,10.8
11/6/2020,7.7
11/7/2020,5.1
11/8/2020,4.2
11/9/2020,6.3
11/10/2020,4.5
11/11/2020,3.4
11/12/2020,5.8
11/13/2020,5.1
11/14/2020,2.3
11/15/2020,4.2
11/16/2020,11.9
11/17/2020,3.5
11/18/2020,7.4
11/19/2020,6.0
11/20/2020,8.3
11/21/2020,11.5
11/22/2020,10.9
11/23/2020,16.6
11/24/2020,6.9
11/25/2020,6.8
11/26/2020,4.2
11/27/2020,7.4
11/28/2020,11.8
11/29/2020,17.2
11/30/2020,17.8
12/1/2020,6.0
12/2/2020,6.5
12/3/2020,9.7
12/4/2020,14.8
12/5/2020,23.4
12/6/2020,29.2
12/7/2020,29.7
12/8/2020,30.6
12/9/2020,31.7
12/10/2020,31.2
12/11/2020,15.9
12/12/2020,8.2
12/13/2020,6.3
12/14/2020,9.9
12/15/2020,7.0
12/16/2020,6.5
12/17/2020,4.7
12/18/2020,6.4
12/19/2020,8.7
12/20/2020,7.0
12/21/2020,8.0
12/22/2020,2.6
12/23/2020,4.7
12/24/2020,9.0
12/25/2020,15.7
12/26/2020,20.8
12/27/2020,10.9
12/28/2020,8.4
12/29/2020,9.6
12/30/2020,14.4
12/31/2020,16.2
2020-01-01,20.554
2020-01-02,3.9305
2020-01-03,6.4345
2020-01-04,5.2365
2020-01-05,16.279
2020-01-06,10.671
2020-01-07,5.331
2020-01-08,7.477
2020-01-09,15.8125
2020-01-10,1.4235
2020-01-11,2.575
2020-01-12,8.215499999999999
2020-01-13,1.8005
2020-01-14,1.9175
2020-01-15,1.938
2020-01-16,6.379
2020-01-17,0.877
2020-01-18,2.457
2020-01-19,8.0785
2020-01-20,36.465
2020-01-21,36.1595
2020-01-22,16.435
2020-01-23,11.9095
2020-01-24,13.095
2020-01-25,24.907
2020-01-26,25.744
2020-01-27,9.843
2020-01-28,3.9215
2020-01-29,5.111000000000001
2020-01-30,8.345
2020-01-31,8.561499999999999
2020-02-01,15.813
2020-02-02,6.7215
2020-02-03,2.1195
2020-02-04,2.8375
2020-02-05,6.1205
2020-02-06,14.3145
2020-02-07,13.0105
2020-02-08,5.0745000000000005
2020-02-09,2.181
2020-02-10,3.38
2020-02-11,8.583
2020-02-12,8.2155
2020-02-13,10.2985
2020-02-14,3.3515
2020-02-15,7.626
2020-02-16,10.5645
2020-02-17,3.0655
2020-02-18,3.0725
2020-02-19,10.2385
2020-02-20,5.3665
2020-02-21,15.303
2020-02-22,29.7165
2020-02-23,19.4235
2020-02-24,3.1820000000000004
2020-02-25,0.968
2020-02-26,2.5225
2020-02-27,5.7005
2020-02-28,4.3935
2020-02-29,2.5695
2020-03-01,2.865
2020-03-02,3.4930000000000003
2020-03-03,3.396
2020-03-04,4.8355
2020-03-05,2.705
2020-03-06,1.254
2020-03-07,1.523
2020-03-08,2.065
2020-03-09,2.3995
2020-03-10,3.5285
2020-03-11,3.028
2020-03-12,3.0615
2020-03-13,5.343999999999999
2020-03-14,0.8694999999999999
2020-03-15,0.3305
2020-03-16,0.718
2020-03-17,1.068
2020-03-18,0.2259999999999999
2020-03-19,3.9285
2020-03-20,4.140499999999999
2020-03-21,3.3625
2020-03-22,1.71
2020-03-23,1.3330000000000002
2020-03-24,0.131
2020-03-25,1.02
2020-03-26,2.7055
2020-03-27,2.545
2020-03-28,4.568
2020-03-29,3.519
2020-03-30,2.347
2020-03-31,1.0425
2020-04-01,3.301
2020-04-02,0.8374999999999999
2020-04-03,0.1225
2020-04-04,1.6345
2020-04-05,4.6080000000000005
2020-04-06,1.46
2020-04-07,1.2405
2020-04-08,1.5515
2020-04-09,1.471
2020-04-10,1.5745
2020-04-11,0.8474999999999999
2020-04-12,0.4935
2020-04-13,1.61
2020-04-14,2.7535
2020-04-15,1.9325
2020-04-16,1.6425
2020-04-17,3.1795
2020-04-18,9.047
2020-04-19,2.2745
2020-04-20,3.0965
2020-04-21,3.611
2020-04-22,1.6735
2020-04-23,1.2025
2020-04-24,0.6699999999999999
2020-04-25,0.8055
2020-04-26,1.186
2020-04-27,1.31
2020-04-28,1.9295
2020-04-29,1.281
2020-04-30,1.4095
2020-05-01,3.1365
2020-05-02,3.8595
2020-05-03,3.113
2020-05-04,1.781
2020-05-05,1.945
2020-05-06,3.0735
2020-05-07,1.4675
2020-05-08,1.5205
2020-05-09,1.7685
2020-05-10,4.016
2020-05-11,3.2085
2020-05-12,2.1065
2020-05-13,1.245
2020-05-14,1.4449999999999998
2020-05-15,0.9575
2020-05-16,1.073
2020-05-17,4.247
2020-05-18,1.2080000000000002
2020-05-19,1.02
2020-05-20,0.6165
2020-05-21,0.6970000000000001
2020-05-22,1.835
2020-05-23,0.573
2020-05-24,1.831
2020-05-25,1.7955
2020-05-26,1.424
2020-05-27,1.8755
2020-05-28,2.1100000000000003
2020-05-29,2.197
2020-05-30,2.307
2020-05-31,1.904
2020-06-01,1.3355
2020-06-02,3.69
2020-06-03,3.629
2020-06-04,3.105
2020-06-05,5.032
2020-06-06,2.4450000000000003
2020-06-07,1.3655
2020-06-08,0.408
2020-06-09,0.1885
2020-06-10,0.429
2020-06-11,0.754
2020-06-12,1.6685
2020-06-13,4.265499999999999
2020-06-14,1.481
2020-06-15,2.9705000000000004
2020-06-16,1.101
2020-06-17,0.598
2020-06-18,0.7505
2020-06-19,1.306
2020-06-20,1.387
2020-06-21,1.9405
2020-06-22,3.202
2020-06-23,2.0715
2020-06-24,3.2685
2020-06-25,2.286
2020-06-26,3.2725
2020-06-27,2.689
2020-06-28,4.6155
2020-06-29,1.904
2020-06-30,1.8345
2020-07-01,3.1845
2020-07-02,3.3115
2020-07-03,3.341
2020-07-04,1.545
2020-07-05,8.3925
2020-07-06,5.492
2020-07-07,2.393
2020-07-08,5.7325
2020-07-09,5.583500000000001
2020-07-10,4.734
2020-07-11,4.8095
2020-07-12,3.42
2020-07-13,2.866
2020-07-14,3.028
2020-07-15,3.1
2020-07-16,3.798
2020-07-17,5.77
2020-07-18,3.209
2020-07-19,5.529
2020-07-20,5.4445
2020-07-21,10.4865
2020-07-22,8.716999999999999
2020-07-23,4.1025
2020-07-24,1.6845
2020-07-25,4.76
2020-07-26,2.484
2020-07-27,6.009
2020-07-28,2.5825
2020-07-29,7.2835
2020-07-30,7.3695
2020-07-31,5.880000000000001
2020-08-01,6.411
2020-08-02,3.7515
2020-08-03,10.552499999999998
2020-08-04,9.923
2020-08-05,10.4105
2020-08-06,6.5665
2020-08-07,3.7225
2020-08-08,3.975
2020-08-09,4.678
2020-08-10,4.671
2020-08-11,3.15
2020-08-12,3.0445
2020-08-13,4.9515
2020-08-14,3.1045
2020-08-15,5.231999999999999
2020-08-16,4.4935
2020-08-17,5.871499999999999
2020-08-18,7.659
2020-08-19,10.1585
2020-08-20,12.3
2020-08-21,53.4275
2020-08-22,47.937
2020-08-23,33.5055
2020-08-24,21.311
2020-08-25,15.0125
2020-08-26,11.498
2020-08-27,15.0675
2020-08-28,12.927
2020-08-29,12.961
2020-08-30,17.738999999999997
2020-08-31,13.036
2020-09-01,3.8715
2020-09-02,2.843
2020-09-03,2.827
2020-09-04,6.7780000000000005
2020-09-05,7.0915
2020-09-06,14.084
2020-09-07,50.698
2020-09-08,6.4955
2020-09-09,1.029
2020-09-10,4.5955
2020-09-11,8.938500000000001
2020-09-12,15.282
2020-09-13,22.078000000000003
2020-09-14,10.513
2020-09-15,7.0055
2020-09-16,7.386
2020-09-17,14.51
2020-09-18,16.102
2020-09-19,30.09
2020-09-20,26.801
2020-09-21,31.461
2020-09-22,15.876
2020-09-23,14.989999999999998
2020-09-24,26.922
2020-09-25,26.682
2020-09-26,20.4745
2020-09-27,3.0595
2020-09-28,2.526
2020-09-29,2.0915
2020-09-30,3.9385
2020-10-01,5.8085
2020-10-02,4.1905
2020-10-03,19.1075
2020-10-04,37.7195
2020-10-05,34.1235
2020-10-06,34.607
2020-10-07,46.6035
2020-10-08,27.2555
2020-10-09,11.452
2020-10-10,7.887
2020-10-11,4.683
2020-10-12,0.932
2020-10-13,1.9735
2020-10-14,2.318
2020-10-15,2.035
2020-10-16,1.6275
2020-10-17,2.1585
2020-10-18,4.407500000000001
2020-10-19,2.537
2020-10-20,1.914
2020-10-21,1.601
2020-10-22,2.094
2020-10-23,2.9290000000000003
2020-10-24,9.048
2020-10-25,4.561
2020-10-26,4.1505
2020-10-27,12.85
2020-10-28,13.9775
2020-10-29,12.5075
2020-10-30,8.438500000000001
2020-10-31,4.4125
2020-11-01,13.244
2020-11-02,10.9645
2020-11-03,13.8045
2020-11-04,13.13
2020-11-05,7.35
2020-11-06,7.765000000000001
2020-11-07,2.821
2020-11-08,0.513
2020-11-09,9.739
2020-11-10,6.363
2020-11-11,6.039
2020-11-12,1.6715
2020-11-13,3.552
2020-11-14,0.456
2020-11-15,1.6505
2020-11-16,7.952
2020-11-17,5.8100000000000005
2020-11-18,0.657
2020-11-19,3.066
2020-11-20,2.8925
2020-11-21,7.702500000000001
2020-11-22,11.5945
2020-11-23,18.885
2020-11-24,16.9785
2020-11-25,6.9425
2020-11-26,3.5355
2020-11-27,3.6435
2020-11-28,11.587
2020-11-29,18.922
2020-11-30,22.1535
2020-12-01,13.314
2020-12-02,3.4815
2020-12-03,5.4335
2020-12-04,13.822
2020-12-05,28.359
2020-12-06,32.4365
2020-12-07,38.5065
2020-12-08,32.0165
2020-12-09,29.8295
2020-12-10,41.822
2020-12-11,33.492000000000004
2020-12-12,8.9415
2020-12-13,5.569
2020-12-14,14.4195
2020-12-15,9.8235
2020-12-16,11.183
2020-12-17,5.312
2020-12-18,8.306999999999999
2020-12-19,8.512
2020-12-20,10.883
2020-12-21,10.336
2020-12-22,5.202999999999999
2020-12-23,0.361
2020-12-24,2.375
2020-12-25,17.149500000000003
2020-12-26,34.939
2020-12-27,26.2455
2020-12-28,8.552
2020-12-29,9.3495
2020-12-30,11.21
2020-12-31,22.027
1/3/2020,5.8
1/4/2020,8.5
1/5/2020,10.5
1/14/2020,3.0
1/15/2020,7.2
1/16/2020,4.0
1/17/2020,2.9
1/18/2020,6.4
1/19/2020,10.0
1/20/2020,30.2
1/21/2020,17.6
1/22/2020,7.9
1/23/2020,9.2
1/24/2020,10.1
1/25/2020,17.4
1/26/2020,13.8
1/27/2020,3.7
1/28/2020,4.2
1/29/2020,4.0
1/30/2020,5.8
1/31/2020,8.9
2/1/2020,9.7
2/2/2020,4.9
2/3/2020,2.6
2/4/2020,3.7
2/5/2020,7.3
2/6/2020,10.8
2/7/2020,8.8
2/8/2020,2.9
2/9/2020,3.7
2/10/2020,5.5
2/11/2020,6.2
2/12/2020,8.2
2/13/2020,6.1
2/14/2020,4.2
2/15/2020,5.9
2/16/2020,6.6
2/17/2020,2.3
2/18/2020,4.7
2/19/2020,6.4
2/20/2020,7.5
2/21/2020,15.6
2/22/2020,18.9
2/23/2020,8.7
2/24/2020,2.2
2/25/2020,2.4
2/26/2020,4.0
2/27/2020,5.1
2/28/2020,4.6
2/29/2020,2.6
3/1/2020,3.0
3/2/2020,2.9
3/3/2020,4.2
3/4/2020,3.9
3/5/2020,2.8
3/6/2020,3.6
3/7/2020,7.0
3/8/2020,2.9
3/9/2020,2.9
3/10/2020,2.9
3/11/2020,3.7
3/12/2020,3.5
3/13/2020,4.9
3/14/2020,1.4
3/15/2020,1.8
3/16/2020,2.3
3/17/2020,2.5
3/18/2020,1.5
3/19/2020,3.1
3/20/2020,2.2
3/21/2020,2.0
3/22/2020,2.5
3/23/2020,1.9
3/24/2020,1.4
3/25/2020,2.4
3/26/2020,1.9
3/27/2020,2.4
3/28/2020,3.3
3/29/2020,2.5
3/30/2020,2.7
3/31/2020,2.2
4/1/2020,3.2
4/2/2020,1.4
4/3/2020,1.3
4/4/2020,4.6
4/5/2020,4.1
4/6/2020,3.9
4/7/2020,3.7
4/8/2020,4.1
4/9/2020,3.4
4/10/2020,2.8
4/11/2020,2.8
4/12/2020,2.2
4/13/2020,8.9
4/14/2020,11.5
4/15/2020,7.7
4/16/2020,4.5
4/17/2020,11.3
4/18/2020,12.6
4/19/2020,9.7
4/20/2020,13.5
4/21/2020,16.2
4/22/2020,12.1
4/23/2020,13.1
4/24/2020,10.9
4/25/2020,12.0
4/26/2020,12.0
4/27/2020,21.6
4/28/2020,15.4
4/29/2020,17.9
5/1/2020,5.4
5/2/2020,4.8
5/3/2020,3.9
5/12/2020,6.1
5/13/2020,3.7
5/14/2020,3.0
5/15/2020,2.3
5/16/2020,3.3
5/17/2020,5.2
5/18/2020,5.8
5/19/2020,6.4
5/20/2020,2.6
5/21/2020,2.6
5/22/2020,4.0
5/23/2020,1.7
5/24/2020,2.8
5/25/2020,4.1
5/26/2020,3.6
5/27/2020,4.2
5/28/2020,4.0
5/29/2020,4.5
5/30/2020,4.1
5/31/2020,5.2
6/1/2020,4.1
6/2/2020,5.7
6/3/2020,5.2
6/4/2020,5.4
6/5/2020,7.5
6/6/2020,5.4
6/7/2020,3.9
6/9/2020,1.5
6/10/2020,2.5
6/11/2020,2.9
6/12/2020,5.2
6/13/2020,6.0
6/14/2020,4.1
6/15/2020,4.8
6/16/2020,3.4
6/17/2020,1.4
6/18/2020,3.9
6/19/2020,3.4
6/20/2020,3.8
6/21/2020,4.2
6/22/2020,4.8
6/23/2020,4.9
6/24/2020,5.6
6/25/2020,4.5
6/26/2020,4.0
6/27/2020,5.4
6/28/2020,6.8
6/29/2020,2.2
6/30/2020,2.3
7/1/2020,4.7
7/2/2020,6.0
7/3/2020,4.9
7/4/2020,12.0
7/5/2020,9.0
7/6/2020,7.1
7/10/2020,6.1
7/11/2020,7.5
7/12/2020,5.7
7/13/2020,6.2
7/15/2020,5.0
7/16/2020,6.3
7/17/2020,6.3
7/18/2020,5.3
7/19/2020,7.5
7/20/2020,6.3
7/21/2020,7.3
7/22/2020,6.3
7/23/2020,4.5
7/25/2020,4.6
7/26/2020,4.8
7/27/2020,6.3
7/28/2020,4.9
7/29/2020,6.9
7/30/2020,6.4
7/31/2020,6.1
8/1/2020,5.8
8/2/2020,4.1
8/3/2020,8.1
8/4/2020,9.0
8/5/2020,8.4
8/6/2020,5.2
8/7/2020,5.1
8/8/2020,4.6
8/9/2020,4.9
8/10/2020,6.2
8/11/2020,6.6
8/12/2020,8.8
8/13/2020,11.8
8/14/2020,9.2
8/15/2020,6.2
8/16/2020,5.3
8/17/2020,7.5
8/19/2020,10.7
8/20/2020,12.5
8/21/2020,41.7
8/22/2020,29.1
8/23/2020,16.0
8/24/2020,20.8
8/25/2020,13.8
8/26/2020,10.6
8/27/2020,9.2
8/28/2020,11.7
8/29/2020,10.4
8/30/2020,12.7
8/31/2020,6.9
9/1/2020,3.9
9/2/2020,5.0
9/3/2020,5.0
9/4/2020,7.9
9/5/2020,7.0
9/11/2020,10.1
9/12/2020,12.5
9/13/2020,12.4
9/14/2020,7.7
9/15/2020,7.5
9/16/2020,8.7
9/17/2020,17.5
9/18/2020,16.0
9/19/2020,16.6
9/20/2020,15.2
9/21/2020,19.7
9/22/2020,9.7
9/23/2020,12.7
9/24/2020,16.4
9/25/2020,18.3
9/26/2020,10.8
9/27/2020,4.3
9/28/2020,5.3
9/29/2020,6.7
9/30/2020,5.6
10/1/2020,6.4
10/2/2020,8.0
10/3/2020,17.7
10/4/2020,23.7
10/5/2020,17.6
10/6/2020,24.5
10/7/2020,27.6
10/8/2020,14.4
10/9/2020,10.2
10/10/2020,9.6
10/11/2020,4.2
10/12/2020,3.6
10/13/2020,5.0
10/14/2020,5.1
10/15/2020,3.7
10/16/2020,5.4
10/17/2020,5.7
10/18/2020,4.5
10/19/2020,4.5
10/22/2020,3.5
10/23/2020,5.8
10/24/2020,8.3
10/25/2020,3.2
10/26/2020,5.1
10/28/2020,8.6
10/29/2020,10.0
10/30/2020,5.3
10/31/2020,8.6
11/1/2020,9.0
11/2/2020,9.9
11/3/2020,13.8
11/4/2020,7.6
11/5/2020,8.6
11/6/2020,6.5
11/7/2020,4.3
11/8/2020,2.2
11/9/2020,4.9
11/12/2020,2.5
11/13/2020,3.3
11/14/2020,2.0
11/15/2020,4.1
11/16/2020,8.1
11/17/2020,3.3
11/18/2020,7.5
11/19/2020,3.2
11/20/2020,5.2
11/21/2020,7.7
11/22/2020,10.3
11/23/2020,15.3
11/24/2020,8.0
11/25/2020,6.0
11/26/2020,3.1
11/27/2020,4.8
11/28/2020,11.1
11/29/2020,13.1
11/30/2020,16.5
12/3/2020,7.6
12/4/2020,14.1
12/5/2020,21.2
12/6/2020,22.8
12/7/2020,27.1
12/8/2020,25.0
12/9/2020,26.4
12/10/2020,29.3
12/11/2020,15.8
12/12/2020,6.1
12/13/2020,6.3
12/14/2020,8.8
12/15/2020,7.5
12/16/2020,8.5
12/17/2020,4.7
12/18/2020,6.2
12/19/2020,7.8
12/20/2020,9.1
12/21/2020,9.0
12/22/2020,2.3
12/23/2020,2.5
12/24/2020,6.6
12/25/2020,15.5
12/26/2020,22.3
12/27/2020,11.8
12/28/2020,4.6
12/29/2020,7.7
12/30/2020,11.0
12/31/2020,14.6
1/1/2020,7.8
1/2/2020,3.2
1/3/2020,5.0
1/4/2020,8.0
1/5/2020,8.6
1/6/2020,4.6
1/7/2020,5.2
1/8/2020,5.5
1/9/2020,6.7
1/10/2020,2.0
1/11/2020,4.2
1/12/2020,3.3
1/13/2020,1.8
1/14/2020,2.0
1/15/2020,5.2
1/16/2020,5.0
1/17/2020,3.3
1/18/2020,6.1
1/19/2020,8.8
1/20/2020,28.0
1/21/2020,16.3
1/22/2020,7.1
1/23/2020,7.4
1/24/2020,8.4
1/25/2020,16.1
1/26/2020,11.0
1/27/2020,2.4
1/28/2020,3.3
1/29/2020,3.1
1/30/2020,5.5
1/31/2020,7.5
2/1/2020,7.4
2/2/2020,3.6
2/3/2020,1.5
2/4/2020,2.0
2/5/2020,5.9
2/6/2020,7.1
2/7/2020,7.0
2/8/2020,2.6
2/9/2020,3.6
2/10/2020,4.4
2/11/2020,5.3
2/12/2020,7.8
2/13/2020,5.6
2/14/2020,4.0
2/15/2020,5.8
2/16/2020,6.4
2/17/2020,2.0
2/18/2020,3.6
2/19/2020,6.7
2/20/2020,6.9
2/21/2020,14.3
2/22/2020,18.0
2/23/2020,8.0
2/24/2020,1.8
2/25/2020,1.6
2/26/2020,3.5
2/27/2020,6.0
2/28/2020,4.9
2/29/2020,2.7
3/1/2020,3.3
3/2/2020,3.0
3/3/2020,4.3
3/4/2020,5.5
3/5/2020,3.5
3/6/2020,4.0
3/7/2020,7.2
3/8/2020,4.4
3/9/2020,4.5
3/10/2020,5.1
3/11/2020,4.6
3/12/2020,4.8
3/13/2020,5.0
3/14/2020,1.3
3/15/2020,1.6
3/16/2020,2.3
3/17/2020,2.5
3/18/2020,1.8
3/19/2020,4.2
3/20/2020,3.1
3/21/2020,3.8
3/22/2020,3.2
3/23/2020,2.2
3/24/2020,1.7
3/25/2020,3.4
3/26/2020,3.2
3/27/2020,3.9
3/28/2020,4.6
3/29/2020,2.9
3/30/2020,3.1
3/31/2020,2.1
4/1/2020,3.5
4/2/2020,1.7
4/3/2020,1.8
4/4/2020,4.9
4/5/2020,4.8
4/6/2020,4.3
4/7/2020,4.3
4/8/2020,4.4
4/9/2020,3.7
4/10/2020,3.3
4/11/2020,3.5
4/12/2020,2.3
4/13/2020,4.1
4/14/2020,4.8
4/15/2020,2.8
4/16/2020,1.8
4/17/2020,4.1
4/18/2020,6.0
4/19/2020,3.7
4/20/2020,5.3
4/21/2020,5.1
4/22/2020,3.4
4/23/2020,2.6
4/24/2020,2.4
4/25/2020,3.5
4/26/2020,3.6
4/27/2020,5.2
4/28/2020,4.1
4/29/2020,4.4
4/30/2020,4.9
5/1/2020,8.1
5/2/2020,6.2
5/3/2020,4.9
5/4/2020,3.7
5/5/2020,4.4
5/6/2020,7.5
5/7/2020,3.8
5/8/2020,4.2
5/9/2020,5.2
5/10/2020,6.4
5/11/2020,7.4
5/12/2020,7.1
5/13/2020,5.2
5/14/2020,4.5
5/15/2020,3.2
5/16/2020,4.6
5/17/2020,6.9
5/18/2020,7.8
5/19/2020,10.7
5/20/2020,4.2
5/21/2020,3.7
5/22/2020,4.7
5/23/2020,2.6
5/24/2020,2.7
5/25/2020,2.4
5/26/2020,3.5
5/27/2020,4.9
5/28/2020,5.2
5/29/2020,6.2
5/30/2020,5.8
5/31/2020,6.4
6/1/2020,5.2
6/2/2020,7.7
6/3/2020,6.0
6/4/2020,7.1
6/5/2020,8.5
6/6/2020,8.0
6/7/2020,5.1
6/8/2020,2.0
6/9/2020,2.6
6/10/2020,6.0
6/11/2020,4.4
6/12/2020,7.1
6/13/2020,7.5
6/14/2020,8.1
6/15/2020,6.8
6/16/2020,4.9
6/17/2020,3.2
6/18/2020,2.7
6/19/2020,4.9
6/20/2020,4.3
6/21/2020,6.9
6/22/2020,5.8
6/23/2020,5.6
6/24/2020,6.0
6/25/2020,6.6
6/26/2020,6.2
6/27/2020,5.4
6/28/2020,10.2
6/29/2020,3.4
6/30/2020,4.5
7/1/2020,7.7
7/2/2020,7.0
7/3/2020,5.9
7/4/2020,7.6
7/5/2020,10.1
7/6/2020,7.8
7/7/2020,8.1
7/8/2020,9.9
7/9/2020,10.0
7/10/2020,7.9
7/11/2020,9.0
7/12/2020,6.7
7/13/2020,7.7
7/15/2020,6.0
7/16/2020,6.1
7/17/2020,6.1
7/18/2020,1.5
7/19/2020,2.2
7/20/2020,4.9
7/21/2020,8.7
7/22/2020,7.0
7/23/2020,5.2
7/24/2020,10.1
7/25/2020,5.5
7/26/2020,6.0
7/27/2020,7.7
7/28/2020,5.9
7/29/2020,7.9
7/30/2020,7.5
8/1/2020,1.7
8/2/2020,1.8
8/3/2020,3.7
8/4/2020,4.7
8/5/2020,9.1
8/6/2020,8.9
8/7/2020,6.5
8/8/2020,5.6
8/9/2020,5.7
8/10/2020,6.9
8/11/2020,7.2
8/12/2020,9.7
8/13/2020,11.6
8/14/2020,9.9
8/15/2020,7.3
8/16/2020,6.0
8/17/2020,7.9
8/22/2020,29.3
8/23/2020,16.2
8/24/2020,16.6
8/25/2020,14.8
8/26/2020,12.1
8/27/2020,10.3
8/28/2020,11.5
8/29/2020,11.1
8/30/2020,13.1
8/31/2020,5.7
9/1/2020,4.1
9/2/2020,4.7
9/3/2020,8.0
9/4/2020,8.3
9/5/2020,7.4
9/6/2020,26.9
9/7/2020,30.9
9/9/2020,2.0
9/10/2020,7.9
9/11/2020,9.4
9/12/2020,14.4
9/13/2020,12.0
9/14/2020,7.5
9/15/2020,8.7
9/16/2020,10.3
9/17/2020,12.9
9/18/2020,15.8
9/19/2020,23.3
9/20/2020,18.2
9/21/2020,20.8
9/22/2020,10.0
9/23/2020,14.0
9/24/2020,17.1
9/25/2020,19.8
9/26/2020,9.7
9/27/2020,4.0
9/28/2020,4.7
9/29/2020,6.1
9/30/2020,6.5
10/1/2020,6.7
10/2/2020,10.6
10/3/2020,18.8
10/4/2020,27.0
10/5/2020,19.5
10/6/2020,28.7
10/7/2020,30.0
10/8/2020,14.6
10/9/2020,10.3
10/10/2020,9.3
10/11/2020,3.6
10/12/2020,3.9
10/13/2020,6.0
10/14/2020,6.0
10/15/2020,5.0
10/16/2020,5.6
10/17/2020,6.3
10/18/2020,4.0
10/19/2020,5.5
10/20/2020,3.8
10/21/2020,5.0
10/22/2020,5.1
10/23/2020,8.0
10/24/2020,9.9
10/25/2020,3.8
10/26/2020,6.1
10/27/2020,11.4
10/28/2020,10.2
10/29/2020,11.5
10/30/2020,6.2
10/31/2020,9.1
11/1/2020,12.1
11/2/2020,11.4
11/3/2020,15.1
11/4/2020,9.5
11/5/2020,10.8
11/6/2020,6.7
11/7/2020,4.5
11/8/2020,4.0
11/9/2020,5.3
11/10/2020,4.3
11/11/2020,3.7
11/12/2020,3.3
11/13/2020,4.2
11/14/2020,2.6
11/15/2020,5.1
11/16/2020,9.9
11/17/2020,3.0
11/18/2020,7.0
11/19/2020,3.8
11/20/2020,6.6
11/21/2020,7.3
11/22/2020,9.6
11/23/2020,14.9
11/24/2020,7.1
11/25/2020,6.0
11/26/2020,3.0
11/27/2020,4.9
11/28/2020,9.8
11/29/2020,11.7
11/30/2020,15.6
12/1/2020,5.8
12/2/2020,2.0
12/5/2020,20.8
12/6/2020,22.1
12/7/2020,27.0
12/8/2020,25.3
12/9/2020,25.7
12/10/2020,29.1
12/11/2020,14.5
12/12/2020,5.0
12/13/2020,4.9
12/14/2020,6.8
12/15/2020,7.2
12/16/2020,7.5
12/17/2020,4.1
12/18/2020,6.0
12/19/2020,7.7
12/20/2020,8.8
12/21/2020,9.1
12/22/2020,2.7
12/23/2020,2.0
12/24/2020,5.3
12/25/2020,14.2
12/26/2020,21.5
12/27/2020,12.0
12/28/2020,4.3
12/29/2020,6.6
12/30/2020,9.8
12/31/2020,13.5
1/1/2020,8.9
1/2/2020,3.8
1/3/2020,5.0
1/4/2020,8.0
1/5/2020,8.7
1/6/2020,5.0
1/7/2020,5.4
1/8/2020,6.0
1/9/2020,6.4
1/10/2020,2.7
1/11/2020,4.7
1/12/2020,4.2
1/13/2020,2.6
1/14/2020,2.7
1/15/2020,5.5
1/16/2020,4.8
1/17/2020,3.2
1/18/2020,4.9
1/19/2020,9.2
1/20/2020,27.3
1/21/2020,16.8
1/22/2020,8.1
1/23/2020,8.3
1/24/2020,9.4
1/25/2020,16.9
1/26/2020,12.0
1/27/2020,3.2
1/28/2020,3.1
1/29/2020,3.8
1/30/2020,4.5
1/31/2020,7.2
2/1/2020,8.8
2/2/2020,4.5
2/3/2020,2.4
2/4/2020,3.2
2/5/2020,5.4
2/6/2020,9.9
2/7/2020,7.5
2/8/2020,3.4
2/9/2020,2.8
2/10/2020,4.5
2/11/2020,4.7
2/12/2020,7.4
2/13/2020,6.1
2/14/2020,4.1
2/15/2020,4.9
2/16/2020,7.0
2/17/2020,2.2
2/18/2020,4.2
2/19/2020,6.2
2/20/2020,5.3
2/21/2020,14.0
2/22/2020,17.8
2/23/2020,8.2
2/24/2020,2.7
2/25/2020,2.5
2/26/2020,3.8
2/27/2020,5.3
2/28/2020,5.1
2/29/2020,2.2
3/1/2020,4.3
3/2/2020,2.5
3/3/2020,4.3
3/4/2020,4.1
3/5/2020,2.9
3/6/2020,3.1
3/7/2020,6.4
3/8/2020,4.7
3/9/2020,2.8
3/10/2020,3.9
3/11/2020,4.1
3/12/2020,6.5
3/13/2020,5.2
3/14/2020,1.9
3/15/2020,2.1
3/16/2020,2.6
3/17/2020,3.0
3/18/2020,4.6
3/19/2020,4.4
3/20/2020,2.9
3/21/2020,0.0
3/22/2020,2.1
3/23/2020,2.3
3/24/2020,2.0
3/25/2020,2.9
3/26/2020,2.3
3/27/2020,2.7
3/28/2020,4.1
3/29/2020,3.1
3/30/2020,2.7
3/31/2020,2.0
4/1/2020,3.7
4/2/2020,2.1
4/3/2020,2.2
4/4/2020,4.4
4/5/2020,4.7
4/6/2020,4.7
4/7/2020,3.9
4/8/2020,3.3
4/9/2020,3.4
4/10/2020,2.6
4/11/2020,2.7
4/12/2020,2.2
4/13/2020,2.6
4/14/2020,3.1
4/15/2020,2.7
4/16/2020,2.8
4/17/2020,3.9
4/18/2020,6.1
4/19/2020,3.6
4/20/2020,3.8
4/21/2020,4.5
4/22/2020,3.4
4/23/2020,2.5
4/24/2020,2.3
4/25/2020,3.0
4/26/2020,3.2
4/27/2020,4.6
4/28/2020,4.2
4/29/2020,3.2
4/30/2020,4.7
5/1/2020,6.1
5/2/2020,4.2
5/3/2020,3.9
5/4/2020,2.3
5/5/2020,3.4
5/6/2020,7.3
5/7/2020,3.7
5/8/2020,3.5
5/9/2020,3.5
5/10/2020,5.1
5/11/2020,6.1
5/12/2020,6.6
5/13/2020,4.9
5/14/2020,3.8
5/15/2020,2.7
5/16/2020,3.4
5/17/2020,6.9
5/18/2020,7.2
5/19/2020,10.5
5/20/2020,9.2
5/21/2020,3.2
5/22/2020,5.7
5/23/2020,3.4
5/24/2020,2.5
5/25/2020,2.4
5/26/2020,3.1
5/27/2020,3.8
5/28/2020,4.4
5/29/2020,5.0
5/30/2020,4.9
5/31/2020,4.5
6/1/2020,4.4
6/2/2020,5.2
6/3/2020,4.9
6/4/2020,5.1
6/5/2020,5.9
6/6/2020,4.9
6/7/2020,5.3
6/8/2020,4.2
6/9/2020,3.7
6/10/2020,3.9
6/11/2020,3.6
6/12/2020,4.9
6/13/2020,5.0
6/14/2020,8.6
6/15/2020,5.7
6/16/2020,7.3
6/17/2020,2.8
6/18/2020,2.5
6/19/2020,3.5
6/20/2020,4.0
6/21/2020,7.0
6/22/2020,5.4
6/23/2020,6.2
6/24/2020,9.5
6/25/2020,8.8
6/26/2020,11.5
6/27/2020,5.5
6/28/2020,8.7
6/29/2020,4.2
6/30/2020,4.0
8/5/2020,7.3
8/6/2020,5.1
8/7/2020,5.8
8/8/2020,4.7
8/9/2020,7.9
8/10/2020,6.6
8/11/2020,7.4
8/12/2020,9.7
8/13/2020,13.0
8/14/2020,9.2
8/15/2020,7.5
8/16/2020,4.2
8/17/2020,9.5
8/18/2020,6.3
8/19/2020,13.4
8/20/2020,17.5
8/21/2020,41.5
8/22/2020,28.1
8/23/2020,16.1
8/24/2020,16.5
8/25/2020,12.7
8/26/2020,11.2
8/27/2020,10.4
8/28/2020,12.0
8/29/2020,10.7
8/30/2020,11.9
8/31/2020,3.8
9/1/2020,2.1
9/2/2020,1.7
9/3/2020,7.3
9/4/2020,8.1
9/5/2020,7.5
9/6/2020,23.3
9/7/2020,25.3
9/8/2020,0.7
9/9/2020,0.7
9/10/2020,7.4
9/11/2020,8.0
9/12/2020,15.6
9/13/2020,9.3
9/14/2020,6.9
9/15/2020,8.5
9/16/2020,9.1
9/17/2020,10.5
9/18/2020,16.2
9/19/2020,23.5
9/20/2020,17.8
9/21/2020,18.8
9/22/2020,9.0
9/23/2020,13.6
9/24/2020,16.2
9/25/2020,18.7
9/26/2020,8.7
9/27/2020,3.0
9/28/2020,5.0
9/29/2020,3.5
9/30/2020,6.1
10/1/2020,7.0
10/2/2020,8.2
10/3/2020,17.1
10/4/2020,22.8
10/5/2020,17.0
10/6/2020,25.8
10/7/2020,26.1
10/8/2020,12.8
10/9/2020,9.3
10/10/2020,8.1
10/11/2020,3.1
10/12/2020,3.0
10/13/2020,4.6
10/14/2020,6.1
10/15/2020,4.5
10/16/2020,4.4
10/17/2020,5.0
10/18/2020,2.8
10/19/2020,4.7
10/20/2020,3.4
10/21/2020,5.3
10/22/2020,4.3
10/23/2020,6.6
10/24/2020,8.6
10/25/2020,4.6
10/26/2020,7.0
10/27/2020,11.8
10/28/2020,10.1
10/29/2020,10.3
10/30/2020,5.7
10/31/2020,8.4
11/1/2020,10.0
11/2/2020,11.1
11/3/2020,14.4
11/4/2020,8.0
11/5/2020,10.1
11/6/2020,8.4
11/7/2020,4.9
11/8/2020,3.4
11/9/2020,4.1
11/10/2020,4.9
11/11/2020,4.3
11/12/2020,2.7
11/13/2020,3.1
11/14/2020,0.8
11/15/2020,4.5
11/16/2020,9.2
11/17/2020,1.7
11/18/2020,6.7
11/19/2020,2.7
11/20/2020,5.6
11/21/2020,6.7
11/22/2020,8.4
11/23/2020,13.9
11/24/2020,6.7
11/25/2020,4.7
11/26/2020,1.9
11/27/2020,5.0
11/28/2020,10.3
11/29/2020,11.7
11/30/2020,15.8
12/1/2020,5.3
12/2/2020,3.4
12/3/2020,5.6
12/4/2020,11.9
12/5/2020,20.4
12/6/2020,21.3
12/7/2020,27.2
12/8/2020,23.2
12/9/2020,23.5
12/10/2020,28.0
12/11/2020,12.8
12/12/2020,4.2
12/13/2020,4.6
12/14/2020,6.5
12/15/2020,6.5
12/16/2020,7.1
12/17/2020,3.1
12/18/2020,6.4
12/19/2020,5.4
12/20/2020,8.1
12/21/2020,8.7
12/22/2020,1.6
12/23/2020,1.2
12/24/2020,6.2
12/25/2020,13.7
12/26/2020,19.7
12/27/2020,10.8
12/28/2020,3.2
12/29/2020,7.2
12/30/2020,10.5
12/31/2020,14.4
2020-11-16,103.2585
1/1/2020,8.4
1/2/2020,4.9
1/3/2020,4.7
1/4/2020,8.3
1/5/2020,15.4
1/6/2020,5.6
1/7/2020,4.5
1/9/2020,6.2
1/10/2020,2.4
1/11/2020,4.7
1/12/2020,3.3
1/13/2020,2.7
1/14/2020,3.2
1/15/2020,8.2
1/16/2020,3.9
1/17/2020,2.5
1/18/2020,6.4
1/19/2020,12.3
1/20/2020,22.5
1/21/2020,18.4
1/22/2020,7.4
1/23/2020,11.0
1/24/2020,11.4
1/25/2020,18.2
1/26/2020,12.6
1/27/2020,3.7
1/28/2020,4.8
1/29/2020,2.6
1/30/2020,6.4
1/31/2020,9.4
2/1/2020,10.1
2/2/2020,4.9
2/3/2020,2.4
2/4/2020,6.5
2/6/2020,10.4
2/7/2020,8.0
2/8/2020,2.2
2/9/2020,3.2
2/10/2020,6.0
2/12/2020,8.3
2/13/2020,7.2
2/14/2020,3.8
2/15/2020,5.3
2/16/2020,6.1
2/17/2020,2.2
2/18/2020,5.6
2/19/2020,8.1
2/20/2020,8.8
2/21/2020,15.5
2/22/2020,18.8
2/23/2020,8.3
2/24/2020,1.9
2/25/2020,3.7
2/26/2020,5.3
2/27/2020,8.6
2/28/2020,9.0
2/29/2020,3.4
3/1/2020,2.2
3/2/2020,3.8
3/3/2020,4.9
3/4/2020,5.1
3/5/2020,3.7
3/6/2020,3.6
3/7/2020,8.8
3/8/2020,3.2
3/9/2020,2.5
3/10/2020,3.1
3/11/2020,4.2
3/12/2020,4.6
3/13/2020,5.4
3/14/2020,1.6
3/15/2020,2.2
3/16/2020,3.5
3/17/2020,3.4
3/18/2020,2.1
3/19/2020,2.9
3/20/2020,2.3
3/21/2020,3.4
3/23/2020,2.3
3/24/2020,1.3
3/25/2020,2.3
3/26/2020,2.0
3/27/2020,3.5
3/28/2020,3.5
3/29/2020,2.7
3/30/2020,4.5
3/31/2020,2.4
4/1/2020,3.1
4/2/2020,1.7
4/3/2020,2.2
4/4/2020,5.8
4/5/2020,4.5
4/6/2020,4.3
4/7/2020,4.2
4/8/2020,5.7
4/9/2020,4.3
4/10/2020,3.1
4/11/2020,2.7
4/12/2020,1.9
4/13/2020,4.4
4/14/2020,3.5
4/15/2020,2.3
4/16/2020,1.5
4/17/2020,4.6
4/18/2020,6.8
4/19/2020,3.6
4/20/2020,4.2
4/21/2020,6.0
4/22/2020,4.4
4/23/2020,2.2
4/24/2020,3.0
4/25/2020,4.2
4/26/2020,4.0
4/28/2020,3.5
4/29/2020,4.7
4/30/2020,4.4
5/1/2020,8.5
5/2/2020,6.4
5/3/2020,6.2
5/4/2020,3.5
5/5/2020,5.3
5/6/2020,11.4
5/8/2020,8.1
5/9/2020,10.0
5/11/2020,8.1
5/12/2020,11.1
5/13/2020,5.8
5/14/2020,5.1
5/15/2020,2.9
5/16/2020,8.9
5/17/2020,6.1
5/18/2020,8.4
5/19/2020,11.2
5/20/2020,5.1
5/21/2020,2.6
5/22/2020,5.0
5/23/2020,6.0
5/24/2020,4.6
5/25/2020,4.5
5/26/2020,4.3
5/27/2020,4.6
5/28/2020,5.7
5/30/2020,5.8
5/31/2020,6.7
6/1/2020,5.0
6/2/2020,6.8
6/3/2020,7.4
6/4/2020,7.7
6/5/2020,9.1
6/6/2020,4.9
6/7/2020,4.4
6/8/2020,1.5
6/9/2020,2.4
6/10/2020,2.9
6/11/2020,3.2
6/12/2020,4.3
6/13/2020,6.7
6/14/2020,4.7
6/15/2020,5.9
6/16/2020,4.6
6/17/2020,1.5
6/18/2020,3.6
6/19/2020,4.0
6/20/2020,5.3
6/21/2020,3.9
6/22/2020,4.0
6/23/2020,6.0
6/24/2020,7.9
6/25/2020,6.0
6/26/2020,4.7
6/27/2020,5.7
6/28/2020,9.1
6/29/2020,2.6
6/30/2020,2.6
7/1/2020,4.5
7/2/2020,6.3
7/3/2020,5.9
7/4/2020,38.1
7/5/2020,15.7
7/6/2020,9.5
7/7/2020,7.9
7/8/2020,6.7
7/9/2020,8.7
7/10/2020,6.4
7/11/2020,9.5
7/12/2020,7.7
7/14/2020,5.1
7/15/2020,5.5
7/16/2020,7.2
7/17/2020,5.6
7/18/2020,6.3
7/19/2020,7.6
7/20/2020,8.2
7/21/2020,9.2
7/22/2020,6.6
7/23/2020,4.5
7/24/2020,8.0
7/25/2020,5.4
7/26/2020,6.2
7/28/2020,5.0
7/29/2020,7.0
7/30/2020,9.2
7/31/2020,8.7
8/1/2020,7.5
8/2/2020,5.7
8/3/2020,10.1
8/4/2020,9.7
8/5/2020,9.5
8/6/2020,5.5
8/7/2020,6.5
8/8/2020,5.3
8/9/2020,6.9
8/10/2020,7.7
8/11/2020,7.2
8/12/2020,10.3
8/13/2020,15.1
8/14/2020,10.7
8/15/2020,9.6
8/16/2020,7.7
8/17/2020,8.9
8/18/2020,11.1
8/19/2020,11.3
8/20/2020,15.2
8/21/2020,46.5
8/22/2020,32.4
8/23/2020,17.0
8/24/2020,23.8
8/25/2020,14.2
8/26/2020,11.6
8/27/2020,9.5
8/28/2020,11.2
8/29/2020,10.1
8/30/2020,11.0
8/31/2020,6.4
9/1/2020,3.5
9/2/2020,5.3
9/3/2020,6.5
9/4/2020,9.0
9/5/2020,8.0
9/6/2020,22.1
9/7/2020,34.0
9/12/2020,14.0
9/13/2020,12.5
9/14/2020,9.0
9/15/2020,9.3
9/16/2020,12.1
9/17/2020,13.2
9/18/2020,13.0
9/19/2020,18.5
9/20/2020,15.7
9/21/2020,20.8
9/22/2020,8.5
9/23/2020,12.3
9/24/2020,15.8
9/25/2020,21.4
9/26/2020,8.9
9/27/2020,3.7
9/28/2020,4.3
9/29/2020,5.9
9/30/2020,8.4
10/1/2020,7.8
10/2/2020,9.8
10/3/2020,17.4
10/4/2020,25.3
10/5/2020,19.3
10/6/2020,26.1
10/7/2020,28.2
10/8/2020,16.2
10/9/2020,12.4
10/10/2020,7.4
10/11/2020,2.7
10/12/2020,3.7
10/13/2020,5.4
10/14/2020,3.9
10/15/2020,3.3
10/16/2020,1.8
10/17/2020,5.5
10/18/2020,4.1
10/19/2020,4.9
10/20/2020,4.2
10/21/2020,4.8
10/22/2020,2.8
10/23/2020,9.1
10/24/2020,10.2
10/25/2020,3.7
10/31/2020,8.7
11/1/2020,12.4
11/2/2020,13.7
11/3/2020,15.9
11/4/2020,10.9
11/5/2020,10.2
11/6/2020,7.8
11/7/2020,5.1
11/8/2020,2.1
11/9/2020,4.2
11/10/2020,4.2
11/11/2020,3.1
11/12/2020,4.5
11/13/2020,3.7
11/14/2020,1.4
11/15/2020,2.7
11/16/2020,9.2
11/17/2020,3.0
11/18/2020,9.1
11/19/2020,3.1
11/20/2020,5.8
11/21/2020,10.7
11/22/2020,10.8
11/23/2020,17.0
11/24/2020,6.4
11/25/2020,5.7
11/26/2020,1.9
11/27/2020,6.0
11/28/2020,10.9
11/29/2020,15.7
11/30/2020,20.7
12/1/2020,6.5
12/2/2020,6.4
12/3/2020,11.3
12/4/2020,15.4
12/5/2020,22.2
12/6/2020,27.3
12/7/2020,27.0
12/8/2020,32.2
12/9/2020,32.0
12/10/2020,35.1
12/11/2020,17.3
12/12/2020,6.8
12/13/2020,5.8
12/14/2020,6.7
12/16/2020,7.3
12/17/2020,4.4
12/18/2020,5.1
12/19/2020,7.7
12/20/2020,9.4
12/21/2020,8.6
12/22/2020,2.1
12/23/2020,2.6
12/24/2020,6.9
12/25/2020,17.5
12/26/2020,18.8
12/27/2020,10.9
12/28/2020,9.4
12/29/2020,9.3
12/30/2020,12.8
12/31/2020,14.5
1/1/2020,8.0
1/2/2020,4.6
1/3/2020,4.6
1/4/2020,8.3
1/5/2020,15.7
1/6/2020,5.8
1/9/2020,6.5
1/10/2020,2.5
1/11/2020,4.9
1/12/2020,3.4
1/13/2020,2.5
1/14/2020,3.2
1/15/2020,8.1
1/16/2020,3.8
1/17/2020,2.6
1/18/2020,6.6
1/19/2020,12.3
1/20/2020,22.3
1/21/2020,18.3
1/22/2020,7.2
1/23/2020,10.9
1/24/2020,11.1
1/25/2020,18.0
1/26/2020,12.4
1/27/2020,3.9
1/28/2020,4.9
1/29/2020,2.7
1/30/2020,6.3
1/31/2020,9.5
2/1/2020,9.3
2/2/2020,4.5
2/3/2020,2.0
2/4/2020,6.3
2/5/2020,7.6
2/6/2020,10.2
2/7/2020,7.7
2/8/2020,2.1
2/9/2020,3.2
2/11/2020,7.4
2/12/2020,8.7
2/13/2020,7.4
2/14/2020,3.9
2/15/2020,5.4
2/16/2020,6.0
2/17/2020,2.3
2/18/2020,5.8
2/19/2020,8.3
2/20/2020,8.7
2/21/2020,15.5
2/22/2020,18.6
2/23/2020,8.4
2/24/2020,1.6
2/26/2020,5.3
2/27/2020,8.3
2/28/2020,6.6
2/29/2020,3.4
3/1/2020,2.0
3/2/2020,3.9
3/3/2020,5.0
3/4/2020,5.1
3/5/2020,3.7
3/6/2020,3.9
3/7/2020,8.3
3/8/2020,3.3
3/9/2020,2.7
3/10/2020,3.2
3/11/2020,4.3
3/12/2020,4.5
3/13/2020,5.5
3/14/2020,1.7
3/15/2020,1.9
3/16/2020,3.8
3/17/2020,3.9
3/18/2020,3.1
3/19/2020,3.0
3/20/2020,2.5
3/21/2020,3.5
3/22/2020,3.2
3/23/2020,2.4
3/24/2020,1.3
3/25/2020,2.5
3/26/2020,2.0
3/27/2020,3.7
3/28/2020,3.5
3/29/2020,2.4
3/30/2020,4.3
3/31/2020,2.4
4/1/2020,3.1
4/2/2020,1.6
4/3/2020,2.3
4/4/2020,6.0
4/5/2020,4.9
4/6/2020,4.4
4/7/2020,4.4
4/8/2020,5.5
4/9/2020,7.6
4/10/2020,3.3
4/11/2020,2.7
4/12/2020,2.5
4/13/2020,3.4
4/14/2020,4.2
4/15/2020,2.6
4/16/2020,1.9
4/17/2020,5.9
4/18/2020,8.2
4/19/2020,4.0
4/20/2020,4.5
4/21/2020,7.2
4/22/2020,5.0
4/23/2020,2.5
4/24/2020,3.6
4/25/2020,4.4
4/26/2020,3.9
4/27/2020,4.9
4/28/2020,3.2
4/29/2020,9.2
4/30/2020,7.4
5/1/2020,6.3
5/2/2020,6.7
5/3/2020,4.5
5/4/2020,4.1
5/5/2020,4.8
5/6/2020,9.1
5/7/2020,2.9
5/8/2020,9.6
5/9/2020,9.7
5/10/2020,8.4
5/11/2020,10.1
5/12/2020,10.3
5/13/2020,7.5
5/14/2020,3.6
5/15/2020,6.6
5/16/2020,5.9
5/17/2020,7.1
5/18/2020,9.6
5/19/2020,13.8
5/20/2020,6.1
5/21/2020,2.7
5/22/2020,5.3
5/23/2020,3.6
5/24/2020,4.3
5/25/2020,5.1
5/26/2020,4.4
5/27/2020,4.6
5/28/2020,5.5
5/29/2020,6.4
5/30/2020,5.8
5/31/2020,9.0
6/1/2020,6.1
6/2/2020,8.3
6/3/2020,7.6
6/4/2020,7.9
6/5/2020,19.2
6/6/2020,5.4
6/7/2020,4.4
6/8/2020,1.5
6/9/2020,2.2
6/10/2020,3.4
6/11/2020,3.7
6/12/2020,5.5
6/13/2020,7.3
6/14/2020,4.3
6/15/2020,4.9
6/16/2020,6.5
6/17/2020,1.5
6/18/2020,3.2
6/19/2020,3.6
6/20/2020,5.0
6/21/2020,4.2
6/22/2020,4.4
6/23/2020,5.8
6/24/2020,7.5
6/25/2020,6.1
6/26/2020,5.2
6/27/2020,8.6
6/28/2020,7.4
6/29/2020,2.5
6/30/2020,2.7
7/1/2020,4.5
7/2/2020,6.5
7/3/2020,6.4
7/4/2020,38.0
7/5/2020,17.2
7/6/2020,11.0
7/7/2020,8.3
7/8/2020,11.6
7/9/2020,16.3
7/11/2020,8.3
7/12/2020,7.6
7/13/2020,6.8
7/14/2020,9.6
7/15/2020,5.5
7/16/2020,7.8
7/17/2020,6.2
7/18/2020,6.7
7/19/2020,6.7
7/20/2020,8.5
7/21/2020,9.5
7/22/2020,8.9
7/23/2020,5.5
7/24/2020,9.7
7/25/2020,6.3
7/26/2020,7.9
7/28/2020,5.9
7/29/2020,7.9
7/30/2020,9.6
7/31/2020,9.4
8/1/2020,8.9
8/2/2020,7.0
8/3/2020,11.2
8/4/2020,20.5
8/5/2020,11.4
8/6/2020,5.7
8/7/2020,6.2
8/8/2020,5.7
8/9/2020,7.0
8/10/2020,8.4
8/11/2020,7.7
8/12/2020,10.8
8/13/2020,15.5
8/14/2020,10.8
8/15/2020,9.6
8/16/2020,7.3
8/17/2020,9.2
8/18/2020,11.2
8/19/2020,12.0
8/20/2020,15.9
8/21/2020,46.1
8/22/2020,31.9
8/23/2020,17.1
8/24/2020,24.1
8/25/2020,14.9
8/26/2020,11.7
8/27/2020,9.4
8/28/2020,16.3
8/29/2020,10.2
8/30/2020,11.1
8/31/2020,6.5
9/1/2020,3.8
9/2/2020,5.3
9/3/2020,5.2
9/4/2020,9.2
9/5/2020,8.3
9/6/2020,21.8
9/7/2020,34.1
9/12/2020,14.2
9/13/2020,12.3
9/14/2020,9.1
9/15/2020,9.6
9/16/2020,11.8
9/17/2020,13.4
9/18/2020,13.3
9/19/2020,18.7
9/20/2020,15.7
9/21/2020,21.6
9/22/2020,10.1
9/23/2020,12.4
9/24/2020,15.9
9/25/2020,22.6
9/26/2020,10.2
9/27/2020,4.1
9/28/2020,4.4
9/29/2020,6.5
9/30/2020,7.5
10/1/2020,8.2
10/2/2020,9.7
10/3/2020,17.2
10/4/2020,24.9
10/5/2020,18.8
10/6/2020,26.0
10/7/2020,27.8
10/8/2020,16.0
10/9/2020,13.5
10/10/2020,7.5
10/11/2020,16.1
10/12/2020,9.2
10/13/2020,16.3
10/14/2020,8.1
10/15/2020,8.8
10/16/2020,8.4
10/17/2020,10.5
10/18/2020,9.3
10/19/2020,7.3
10/20/2020,6.5
10/21/2020,7.2
10/22/2020,3.3
10/23/2020,9.2
10/24/2020,9.9
10/25/2020,3.9
10/26/2020,6.4
10/27/2020,11.6
10/28/2020,10.5
10/29/2020,13.4
10/30/2020,8.6
10/31/2020,9.1
11/1/2020,17.5
11/2/2020,16.9
11/3/2020,17.1
11/4/2020,14.5
11/5/2020,13.1
11/6/2020,10.0
11/7/2020,8.4
11/8/2020,2.4
11/9/2020,5.8
11/10/2020,4.6
11/11/2020,4.2
11/12/2020,9.6
11/13/2020,4.9
11/14/2020,2.3
11/15/2020,3.8
11/16/2020,9.4
11/17/2020,6.4
11/18/2020,14.0
11/19/2020,4.4
11/20/2020,7.7
11/21/2020,12.3
11/22/2020,12.2
11/23/2020,18.1
11/24/2020,7.4
11/25/2020,7.6
11/26/2020,3.0
11/27/2020,7.0
11/28/2020,12.0
11/29/2020,16.9
11/30/2020,22.3
12/1/2020,7.5
12/2/2020,7.9
12/3/2020,13.4
12/4/2020,16.9
12/5/2020,23.7
12/6/2020,29.0
12/7/2020,28.6
12/8/2020,34.2
12/9/2020,33.9
12/10/2020,37.4
12/11/2020,19.0
12/12/2020,7.9
12/13/2020,8.0
12/14/2020,7.2
12/15/2020,8.7
12/16/2020,8.1
12/17/2020,6.2
12/18/2020,5.5
12/19/2020,9.0
12/20/2020,11.4
12/21/2020,10.4
12/22/2020,4.3
12/23/2020,3.0
12/24/2020,7.4
12/25/2020,19.6
12/26/2020,20.2
12/27/2020,11.9
12/28/2020,9.9
12/29/2020,9.8
12/30/2020,13.3
12/31/2020,14.9
1/1/2020,7.4
1/2/2020,3.9
1/3/2020,5.0
1/4/2020,9.3
1/5/2020,13.1
1/6/2020,4.4
1/7/2020,3.8
1/8/2020,5.4
1/9/2020,6.4
1/10/2020,1.3
1/11/2020,4.4
1/12/2020,3.1
1/13/2020,2.7
1/14/2020,3.4
1/15/2020,7.5
1/16/2020,5.0
1/17/2020,2.5
1/18/2020,6.8
1/19/2020,12.0
1/20/2020,21.6
1/21/2020,18.1
1/22/2020,7.6
1/23/2020,10.9
1/24/2020,11.3
1/25/2020,20.8
1/26/2020,11.6
1/27/2020,3.2
1/28/2020,4.6
1/29/2020,3.5
1/30/2020,7.6
1/31/2020,9.9
2/1/2020,8.7
2/2/2020,4.1
2/3/2020,1.5
2/4/2020,5.7
2/5/2020,5.8
2/6/2020,9.2
2/7/2020,7.9
2/8/2020,2.1
2/9/2020,3.3
2/10/2020,5.8
2/11/2020,7.6
2/12/2020,10.1
2/13/2020,7.6
2/14/2020,4.0
2/15/2020,5.4
2/16/2020,6.6
2/17/2020,2.6
2/18/2020,6.9
2/19/2020,8.2
2/20/2020,8.5
2/21/2020,15.9
2/22/2020,19.9
2/23/2020,8.6
2/24/2020,1.3
2/25/2020,4.1
2/26/2020,5.9
2/27/2020,10.3
2/28/2020,7.6
2/29/2020,3.8
3/1/2020,2.8
3/2/2020,5.2
3/3/2020,6.6
3/4/2020,7.8
3/5/2020,4.7
3/6/2020,4.2
3/7/2020,8.2
3/8/2020,4.4
3/9/2020,4.0
3/10/2020,5.5
3/11/2020,6.0
3/12/2020,6.1
3/13/2020,5.6
3/14/2020,1.7
3/15/2020,2.5
3/16/2020,4.9
3/17/2020,3.6
3/18/2020,2.3
3/19/2020,4.5
3/20/2020,2.9
3/21/2020,4.7
3/22/2020,3.9
3/23/2020,3.3
3/24/2020,1.6
3/25/2020,3.4
3/26/2020,3.3
3/27/2020,5.4
3/28/2020,6.0
3/29/2020,4.0
3/30/2020,5.2
3/31/2020,1.7
4/1/2020,3.2
4/2/2020,2.3
4/3/2020,3.2
4/4/2020,7.9
4/5/2020,5.4
4/6/2020,5.2
4/7/2020,6.0
4/8/2020,8.1
4/9/2020,5.0
4/10/2020,4.2
4/11/2020,3.0
4/12/2020,2.3
4/13/2020,4.2
4/14/2020,5.6
4/15/2020,3.0
4/16/2020,2.1
4/17/2020,7.4
4/18/2020,6.8
4/19/2020,3.5
4/20/2020,5.4
4/21/2020,7.5
4/22/2020,5.1
4/23/2020,2.8
4/24/2020,3.1
4/25/2020,4.9
4/26/2020,4.3
4/27/2020,6.3
4/28/2020,4.3
5/2/2020,6.8
5/3/2020,5.0
5/4/2020,4.1
5/5/2020,6.6
5/6/2020,9.0
5/7/2020,3.4
5/8/2020,8.0
5/9/2020,8.5
5/10/2020,9.3
5/11/2020,7.4
5/12/2020,9.4
5/13/2020,7.5
5/14/2020,3.0
5/15/2020,2.9
5/16/2020,5.2
5/17/2020,7.3
5/18/2020,7.4
5/19/2020,10.5
5/20/2020,6.2
5/21/2020,5.4
5/22/2020,5.7
5/23/2020,3.8
5/24/2020,6.3
5/25/2020,6.0
5/26/2020,6.5
5/27/2020,8.1
5/28/2020,7.2
5/29/2020,6.5
5/30/2020,3.6
5/31/2020,7.7
6/1/2020,5.1
6/2/2020,16.2
6/3/2020,13.8
6/4/2020,13.9
6/5/2020,12.6
6/6/2020,8.2
6/7/2020,5.0
6/8/2020,2.4
6/9/2020,4.3
6/10/2020,3.0
6/11/2020,3.7
6/12/2020,4.9
6/13/2020,6.7
6/14/2020,4.8
6/15/2020,6.4
6/16/2020,4.0
6/17/2020,1.6
6/18/2020,5.1
6/19/2020,6.0
6/20/2020,6.2
6/21/2020,5.1
6/22/2020,5.9
6/23/2020,7.5
6/24/2020,8.0
6/25/2020,6.1
6/26/2020,6.2
6/27/2020,6.2
6/28/2020,9.1
6/29/2020,5.5
6/30/2020,5.2
7/1/2020,6.6
7/2/2020,8.0
7/3/2020,7.1
7/4/2020,27.7
7/5/2020,28.6
7/6/2020,14.5
7/7/2020,10.3
7/8/2020,9.1
7/9/2020,10.6
7/10/2020,7.1
7/11/2020,9.3
7/12/2020,6.6
7/13/2020,8.3
7/14/2020,7.0
7/15/2020,7.8
7/16/2020,10.0
7/17/2020,7.2
7/18/2020,7.1
7/19/2020,8.1
7/20/2020,9.4
7/21/2020,11.0
7/22/2020,7.8
7/23/2020,5.9
7/24/2020,8.0
7/25/2020,7.1
7/26/2020,7.6
7/27/2020,10.5
7/28/2020,6.7
7/29/2020,7.8
7/30/2020,11.1
7/31/2020,13.0
8/1/2020,9.1
8/2/2020,7.3
8/3/2020,13.5
8/4/2020,13.8
8/5/2020,12.9
8/6/2020,5.6
8/7/2020,6.3
8/8/2020,5.7
8/9/2020,9.7
8/10/2020,11.9
8/11/2020,7.9
8/12/2020,13.6
8/13/2020,18.2
8/14/2020,6.8
8/15/2020,11.4
8/16/2020,8.3
8/17/2020,10.6
8/18/2020,12.6
8/19/2020,12.6
8/20/2020,19.1
8/21/2020,52.2
8/22/2020,35.2
8/23/2020,18.7
8/24/2020,20.7
8/25/2020,16.3
8/26/2020,14.9
8/27/2020,10.1
8/28/2020,13.0
8/29/2020,11.2
8/30/2020,11.8
8/31/2020,5.8
9/1/2020,4.8
9/2/2020,10.2
9/3/2020,8.4
9/4/2020,13.8
9/5/2020,14.1
9/6/2020,28.1
9/7/2020,36.6
9/12/2020,12.7
9/13/2020,13.5
9/14/2020,8.7
9/15/2020,11.7
9/16/2020,13.4
9/17/2020,17.4
9/18/2020,16.0
9/19/2020,23.5
9/20/2020,18.5
9/21/2020,23.1
9/22/2020,9.8
9/23/2020,13.6
9/24/2020,17.2
9/25/2020,23.2
9/26/2020,7.3
9/27/2020,3.6
9/28/2020,5.6
9/29/2020,5.4
9/30/2020,7.9
10/1/2020,8.9
10/2/2020,10.9
10/3/2020,21.3
10/4/2020,29.0
10/5/2020,20.9
10/6/2020,31.1
10/7/2020,30.9
10/8/2020,17.4
10/9/2020,13.6
10/10/2020,12.7
10/11/2020,3.1
10/12/2020,4.6
10/13/2020,7.9
10/14/2020,4.9
10/15/2020,4.6
10/16/2020,5.8
10/17/2020,7.1
10/18/2020,5.0
10/19/2020,5.4
10/20/2020,5.6
10/21/2020,6.5
10/22/2020,3.8
10/23/2020,10.9
10/24/2020,11.7
10/25/2020,3.8
10/26/2020,5.8
10/27/2020,9.0
10/28/2020,11.6
10/29/2020,13.8
10/30/2020,8.8
10/31/2020,8.7
11/1/2020,15.2
11/2/2020,18.3
11/3/2020,18.6
11/4/2020,17.0
11/5/2020,17.2
11/6/2020,7.6
11/7/2020,4.9
11/8/2020,4.0
11/9/2020,5.8
11/10/2020,5.2
11/11/2020,3.5
11/12/2020,5.5
11/13/2020,5.1
11/14/2020,1.6
11/15/2020,3.7
11/16/2020,12.0
11/17/2020,2.7
11/18/2020,8.0
11/19/2020,1.8
11/20/2020,6.6
11/21/2020,12.1
11/22/2020,11.5
11/23/2020,18.0
11/24/2020,6.7
11/25/2020,6.3
11/26/2020,1.6
11/27/2020,6.7
11/28/2020,10.6
11/29/2020,16.9
11/30/2020,22.3
12/1/2020,6.0
12/2/2020,6.0
12/3/2020,12.6
12/4/2020,14.9
12/5/2020,25.4
12/6/2020,29.6
12/7/2020,29.4
12/8/2020,32.6
12/9/2020,33.5
12/10/2020,33.6
12/11/2020,15.3
12/12/2020,5.7
12/13/2020,5.3
12/14/2020,7.0
12/15/2020,7.8
12/16/2020,6.7
12/17/2020,4.1
12/18/2020,6.3
12/19/2020,7.7
12/20/2020,8.9
12/21/2020,9.4
12/22/2020,2.0
12/23/2020,3.0
12/24/2020,7.9
12/25/2020,18.2
12/26/2020,19.4
12/27/2020,10.7
12/28/2020,8.9
12/29/2020,9.4
12/30/2020,14.1
12/31/2020,15.4
2020-01-01,21.074
2020-01-02,3.2765
2020-01-03,7.072
2020-01-04,6.054
2020-01-05,28.0105
2020-01-06,17.059
2020-01-07,4.552
2020-01-08,11.032
2020-01-09,16.844
2020-01-10,1.2705000000000002
2020-01-11,2.7815000000000003
2020-01-12,7.7805
2020-01-13,1.5510000000000002
2020-01-14,3.243
2020-01-15,4.205
2020-01-16,5.9075
2020-01-17,0.754
2020-01-18,3.104
2020-01-19,16.2785
2020-01-20,37.2965
2020-01-21,36.2435
2020-01-22,23.3745
2020-01-23,15.6295
2020-01-24,24.548
2020-01-25,27.924
2020-01-26,28.126
2020-01-27,11.893
2020-01-28,5.4785
2020-01-29,4.089
2020-01-30,10.4295
2020-01-31,12.9255
2020-02-01,15.5825
2020-02-02,12.257
2020-02-03,1.777
2020-02-04,7.4205
2020-02-05,7.0405
2020-02-06,13.048
2020-02-07,11.725
2020-02-08,4.978
2020-02-09,1.8585
2020-02-10,5.2255
2020-02-11,12.0055
2020-02-12,11.056
2020-02-13,11.8435
2020-02-14,4.3835
2020-02-15,5.644
2020-02-16,11.208
2020-02-17,4.2635000000000005
2020-02-18,4.7285
2020-02-19,11.2085
2020-02-20,8.8025
2020-02-21,20.4265
2020-02-22,33.516
2020-02-23,19.3375
2020-02-24,2.841
2020-02-25,2.022
2020-02-26,4.598
2020-02-27,10.078
2020-02-28,7.7595
2020-02-29,3.0915
2020-03-01,1.9835
2020-03-02,3.4115
2020-03-03,5.1145
2020-03-04,8.111
2020-03-05,3.8395
2020-03-06,2.053
2020-03-07,1.8755
2020-03-08,3.0175
2020-03-09,2.9785000000000004
2020-03-10,3.7025
2020-03-11,4.753
2020-03-12,3.8025
2020-03-13,7.2865
2020-03-14,0.5955
2020-03-15,0.317
2020-03-16,0.963
2020-03-17,2.415
2020-03-18,0.536
2020-03-19,3.6855
2020-03-20,5.1825
2020-03-21,5.061
2020-03-22,2.4455
2020-03-23,2.943
2020-03-24,0.7265
2020-03-25,1.7045
2020-03-26,1.627
2020-03-27,4.2305
2020-03-28,4.8165
2020-03-29,4.484
2020-03-30,3.099
2020-03-31,1.3355
2020-04-01,4.65
2020-04-02,1.1185
2020-04-03,0.8985000000000001
2020-04-04,4.618
2020-04-05,4.121
2020-04-06,1.7625000000000002
2020-04-07,1.8215
2020-04-08,3.5890000000000004
2020-04-09,2.458
2020-04-10,2.862
2020-04-11,2.676
2020-04-12,1.293
2020-04-13,1.997
2020-04-14,4.0095
2020-04-15,2.552
2020-04-16,1.5845
2020-04-17,4.1945
2020-04-18,11.6495
2020-04-19,3.5565
2020-04-20,4.047
2020-04-21,5.557
2020-04-22,4.7735
2020-04-23,1.453
2020-04-24,1.0845
2020-04-25,2.899
2020-04-26,2.6255
2020-04-27,3.5175
2020-04-28,1.552
2020-04-29,2.71
2020-04-30,1.931
2020-05-01,2.685
2020-05-02,9.611
2020-05-03,4.0125
2020-05-04,1.872
2020-05-05,3.149
2020-05-06,4.3435
2020-05-07,1.5635
2020-05-08,2.054
2020-05-09,5.9175
2020-05-10,7.7655
2020-05-11,3.2135
2020-05-12,3.2135
2020-05-13,1.3265
2020-05-14,1.7840000000000005
2020-05-15,1.331
2020-05-16,4.6825
2020-05-17,5.3775
2020-05-18,1.5045000000000002
2020-05-19,1.739
2020-05-20,0.7695000000000001
2020-05-21,1.476
2020-05-22,2.022
2020-05-23,0.623
2020-05-24,4.251
2020-05-25,4.0875
2020-05-26,2.661
2020-05-27,2.3485
2020-05-28,2.841
2020-05-29,2.665
2020-05-30,2.464
2020-05-31,2.012
2020-06-01,1.9715
2020-06-02,2.4615
2020-06-03,3.667
2020-06-04,3.5055000000000005
2020-06-05,4.9635
2020-06-06,2.953
2020-06-07,1.881
2020-06-08,0.555
2020-06-09,1.2035
2020-06-10,1.0095
2020-06-11,0.9965
2020-06-12,2.0015
2020-06-13,5.4635
2020-06-14,1.6310000000000002
2020-06-15,2.5515
2020-06-16,1.6854999999999998
2020-06-17,1.0065
2020-06-18,2.526
2020-06-19,2.6125
2020-06-20,2.656
2020-06-21,2.1705
2020-06-22,3.141
2020-06-23,3.1405000000000003
2020-06-24,2.766
2020-06-25,2.9265
2020-06-26,2.6795
2020-06-27,3.2
2020-06-28,4.045
2020-06-29,1.7185
2020-06-30,3.1985
2020-07-01,4.371
2020-07-02,3.2455
2020-07-03,3.908
2020-07-04,2.5025
2020-07-05,18.9225
2020-07-06,7.6195
2020-07-07,2.8345
2020-07-08,5.194
2020-07-09,5.787000000000001
2020-07-10,5.11
2020-07-11,5.5465
2020-07-12,4.845
2020-07-13,3.4345
2020-07-14,3.8965
2020-07-15,2.658
2020-07-16,4.2885
2020-07-17,5.16
2020-07-18,3.467
2020-07-19,4.7085
2020-07-20,5.621499999999999
2020-07-21,10.849
2020-07-22,8.773499999999999
2020-07-23,4.643
2020-07-24,2.0865
2020-07-25,8.3695
2020-07-26,3.0645
2020-07-27,6.867
2020-07-28,3.58
2020-07-29,3.8565
2020-07-30,8.683
2020-07-31,6.4045000000000005
2020-08-01,7.476
2020-08-02,4.3475
2020-08-03,12.35
2020-08-04,9.8725
2020-08-05,10.697
2020-08-06,6.1615
2020-08-07,2.973
2020-08-08,4.2445
2020-08-09,5.407500000000001
2020-08-10,5.684
2020-08-11,3.3775
2020-08-12,3.38
2020-08-13,4.21
2020-08-14,4.638
2020-08-15,6.5655
2020-08-16,6.299
2020-08-17,7.1225000000000005
2020-08-18,8.474499999999999
2020-08-19,10.397
2020-08-20,12.0445
2020-08-21,50.213
2020-08-22,51.4375
2020-08-23,35.99
2020-08-24,20.8065
2020-08-25,15.63
2020-08-26,13.4465
2020-08-27,15.192
2020-08-28,14.6825
2020-08-29,13.709
2020-08-30,17.6055
2020-08-31,10.321000000000002
2020-09-01,3.591
2020-09-02,3.3125
2020-09-03,3.188
2020-09-04,7.0285
2020-09-05,7.375
2020-09-06,13.5615
2020-09-07,52.187
2020-09-08,10.4615
2020-09-09,2.5675
2020-09-10,5.3725000000000005
2020-09-11,9.4695
2020-09-12,15.8145
2020-09-13,24.639000000000003
2020-09-14,10.899
2020-09-15,6.988
2020-09-16,9.735
2020-09-17,16.364
2020-09-18,16.863
2020-09-19,30.668
2020-09-20,24.247
2020-09-21,33.8835
2020-09-22,16.865000000000002
2020-09-23,15.339
2020-09-24,26.124
2020-09-25,31.23
2020-09-26,21.5805
2020-09-27,2.037
2020-09-28,3.813
2020-09-29,3.2785
2020-09-30,4.6105
2020-10-01,4.321
2020-10-02,4.946
2020-10-03,15.1635
2020-10-04,37.208
2020-10-05,35.664500000000004
2020-10-06,35.317
2020-10-07,44.2825
2020-10-08,30.3215
2020-10-09,14.5585
2020-10-10,8.7995
2020-10-11,4.519
2020-10-12,1.7155
2020-10-13,3.6855
2020-10-14,2.8095
2020-10-15,1.3025
2020-10-16,2.0265
2020-10-17,1.6995
2020-10-18,7.9395
2020-10-19,3.4985
2020-10-20,2.4425
2020-10-21,5.3225
2020-10-22,3.834
2020-10-23,3.5015
2020-10-24,13.379
2020-10-25,4.3565000000000005
2020-10-26,5.032500000000001
2020-10-27,15.2945
2020-10-28,19.6125
2020-10-29,16.6175
2020-10-30,11.585
2020-10-31,5.392
2020-11-01,14.135
2020-11-02,20.652
2020-11-03,19.053
2020-11-04,13.2665
2020-11-05,10.3015
2020-11-06,8.410499999999999
2020-11-07,2.843
2020-11-08,0.2375
2020-11-09,8.8585
2020-11-10,7.612500000000001
2020-11-11,5.9595
2020-11-12,3.907
2020-11-13,5.981
2020-11-14,0.9925
2020-11-15,1.532
2020-11-16,7.7745
2020-11-17,7.3545
2020-11-18,0.7364999999999999
2020-11-19,2.1075
2020-11-20,3.5295
2020-11-21,11.17
2020-11-22,15.9405
2020-11-23,27.701
2020-11-24,13.9475
2020-11-25,9.2825
2020-11-26,2.3985
2020-11-27,4.9635
2020-11-28,13.4595
2020-11-29,22.242
2020-11-30,33.8645
2020-12-01,14.599
2020-12-02,6.888999999999999
2020-12-03,7.794499999999999
2020-12-04,18.263
2020-12-05,31.303
2020-12-06,44.1895
2020-12-07,46.4165
2020-12-08,41.8845
2020-12-09,44.2115
2020-12-10,58.978
2020-12-11,42.452
2020-12-12,15.198
2020-12-13,7.1775
2020-12-14,18.308
2020-12-15,12.6405
2020-12-16,11.1855
2020-12-17,8.0215
2020-12-18,10.358
2020-12-19,14.644
2020-12-20,15.599
2020-12-21,12.309
2020-12-22,9.8845
2020-12-23,0.1169999999999999
2020-12-24,5.8315
2020-12-25,26.4405
2020-12-26,38.6965
2020-12-27,29.1835
2020-12-28,13.144
2020-12-29,21.124
2020-12-30,22.0915
2020-12-31,28.1135
1/1/2020,8.1
1/2/2020,4.7
1/3/2020,5.5
1/4/2020,8.4
1/5/2020,15.9
1/6/2020,6.7
1/7/2020,5.1
1/8/2020,8.1
1/9/2020,7.1
1/10/2020,3.3
1/11/2020,4.9
1/12/2020,3.9
1/13/2020,3.4
1/14/2020,3.5
1/15/2020,8.7
1/16/2020,12.9
1/17/2020,3.3
1/18/2020,6.7
1/19/2020,12.0
1/20/2020,24.6
1/21/2020,20.1
1/22/2020,8.3
1/23/2020,11.9
1/24/2020,12.1
1/25/2020,18.4
1/26/2020,13.7
1/27/2020,5.5
1/28/2020,4.9
1/29/2020,3.4
1/30/2020,6.9
1/31/2020,10.3
2/1/2020,9.3
2/2/2020,5.5
2/3/2020,2.2
2/4/2020,7.6
2/11/2020,7.9
2/12/2020,8.5
2/13/2020,8.0
2/14/2020,4.3
2/15/2020,5.3
2/16/2020,6.9
2/17/2020,2.2
2/18/2020,5.3
2/19/2020,7.3
2/20/2020,8.3
2/21/2020,16.1
2/22/2020,19.5
2/23/2020,8.4
2/24/2020,2.0
2/25/2020,3.7
2/26/2020,6.5
2/27/2020,9.3
2/28/2020,7.2
2/29/2020,3.0
3/1/2020,1.8
3/2/2020,3.3
3/3/2020,5.7
3/4/2020,5.5
3/5/2020,3.9
3/6/2020,3.2
3/7/2020,8.1
3/8/2020,3.2
3/9/2020,2.9
3/10/2020,3.4
3/11/2020,5.1
3/12/2020,4.8
3/13/2020,6.6
3/14/2020,1.9
3/15/2020,2.1
3/16/2020,3.1
3/17/2020,4.0
3/19/2020,3.1
3/20/2020,2.5
3/21/2020,2.7
3/22/2020,2.8
3/23/2020,2.5
3/24/2020,1.4
3/25/2020,2.3
3/26/2020,1.9
3/27/2020,3.8
3/28/2020,3.8
3/29/2020,4.4
3/30/2020,4.2
3/31/2020,6.0
4/1/2020,3.3
4/2/2020,1.4
4/3/2020,2.9
4/4/2020,5.9
4/5/2020,5.0
4/6/2020,4.3
4/7/2020,4.0
4/8/2020,5.4
4/9/2020,4.3
4/10/2020,3.3
4/11/2020,3.4
4/15/2020,4.1
4/16/2020,0.0
4/17/2020,1.9
4/18/2020,3.8
4/19/2020,5.5
4/20/2020,3.4
4/21/2020,6.1
4/22/2020,4.4
4/23/2020,2.5
4/24/2020,3.1
4/25/2020,4.6
4/26/2020,3.3
4/27/2020,4.7
4/28/2020,3.1
4/29/2020,5.1
4/30/2020,4.0
5/1/2020,5.6
5/2/2020,6.7
5/3/2020,9.5
5/4/2020,2.9
5/5/2020,5.3
5/6/2020,8.5
5/7/2020,2.7
5/8/2020,5.7
5/9/2020,7.5
5/10/2020,7.2
5/11/2020,7.4
5/12/2020,7.0
5/13/2020,9.2
5/14/2020,6.4
5/15/2020,4.7
5/16/2020,6.3
5/17/2020,8.1
5/18/2020,7.6
5/19/2020,8.6
5/20/2020,5.8
5/27/2020,4.7
5/28/2020,4.4
5/29/2020,5.9
5/30/2020,5.7
5/31/2020,6.7
6/1/2020,5.2
6/2/2020,7.1
6/3/2020,6.5
6/4/2020,8.1
6/5/2020,10.6
6/6/2020,5.2
6/7/2020,4.6
6/8/2020,1.4
6/9/2020,2.4
6/10/2020,3.1
6/11/2020,3.3
6/12/2020,4.6
6/13/2020,6.6
6/14/2020,3.2
6/15/2020,5.1
6/16/2020,3.2
6/17/2020,1.7
6/18/2020,3.8
6/19/2020,4.0
6/20/2020,4.9
6/21/2020,4.7
6/22/2020,4.1
6/23/2020,6.0
6/24/2020,6.9
6/25/2020,4.6
6/26/2020,4.9
6/27/2020,7.6
6/28/2020,7.6
6/29/2020,3.7
6/30/2020,3.1
7/1/2020,6.1
7/2/2020,7.5
7/3/2020,6.4
7/4/2020,18.6
7/5/2020,18.6
7/6/2020,9.9
7/7/2020,9.5
7/8/2020,7.2
7/9/2020,9.3
7/10/2020,6.9
7/11/2020,7.9
7/12/2020,7.6
7/13/2020,6.6
7/14/2020,4.8
7/15/2020,5.2
7/16/2020,8.3
7/17/2020,6.7
7/18/2020,6.3
7/19/2020,6.2
7/20/2020,8.8
7/23/2020,5.0
7/24/2020,5.7
7/25/2020,7.4
7/26/2020,6.0
7/27/2020,7.8
7/28/2020,5.0
7/29/2020,6.7
7/30/2020,8.0
7/31/2020,7.9
8/1/2020,6.7
8/2/2020,5.5
8/3/2020,10.6
8/4/2020,10.7
8/5/2020,10.0
8/6/2020,6.0
8/7/2020,5.9
8/8/2020,5.6
8/9/2020,6.1
8/10/2020,7.9
8/11/2020,8.0
8/12/2020,11.6
8/13/2020,13.6
8/14/2020,10.3
8/15/2020,8.0
8/16/2020,6.8
8/17/2020,8.9
8/18/2020,11.9
8/19/2020,11.6
8/20/2020,15.3
8/21/2020,46.0
8/22/2020,33.0
8/23/2020,17.4
8/24/2020,26.7
8/25/2020,21.3
8/26/2020,11.9
8/27/2020,9.6
8/28/2020,11.4
8/29/2020,9.9
8/30/2020,11.5
8/31/2020,7.2
9/1/2020,5.2
9/2/2020,5.1
9/3/2020,7.1
9/4/2020,11.8
9/5/2020,7.9
9/6/2020,23.1
9/7/2020,38.4
9/9/2020,2.7
9/10/2020,6.9
9/11/2020,10.9
9/12/2020,15.7
9/13/2020,15.1
9/16/2020,11.2
9/17/2020,0.0
9/18/2020,13.2
9/19/2020,12.7
9/20/2020,18.3
9/21/2020,0.0
9/22/2020,22.0
9/23/2020,12.5
9/24/2020,16.9
9/25/2020,20.2
9/26/2020,10.3
9/27/2020,4.1
9/28/2020,4.3
9/29/2020,6.4
9/30/2020,7.3
10/1/2020,8.2
10/2/2020,13.3
10/3/2020,16.1
10/4/2020,25.3
10/5/2020,19.4
10/6/2020,25.8
10/7/2020,30.0
10/8/2020,16.7
10/9/2020,12.9
10/10/2020,8.8
10/11/2020,3.1
10/12/2020,4.0
10/13/2020,6.6
10/14/2020,5.1
10/15/2020,3.6
10/16/2020,5.0
10/17/2020,6.8
10/18/2020,4.5
10/19/2020,5.7
10/20/2020,4.9
10/21/2020,5.6
10/22/2020,2.5
10/23/2020,6.8
10/24/2020,9.2
10/25/2020,3.3
10/26/2020,5.4
10/27/2020,11.0
10/28/2020,10.8
10/29/2020,12.1
10/30/2020,8.2
10/31/2020,6.7
11/1/2020,12.4
11/2/2020,14.8
11/3/2020,16.0
11/4/2020,10.7
11/5/2020,10.5
11/6/2020,8.5
11/7/2020,5.9
11/8/2020,2.2
11/9/2020,4.3
11/10/2020,4.2
11/11/2020,3.0
11/12/2020,4.9
11/13/2020,4.5
11/14/2020,1.8
11/15/2020,2.7
11/16/2020,10.5
11/17/2020,3.9
11/19/2020,2.9
11/20/2020,5.6
11/21/2020,10.3
11/22/2020,12.2
11/23/2020,18.5
11/24/2020,6.3
11/25/2020,6.2
11/26/2020,1.5
11/27/2020,5.8
11/28/2020,10.6
11/29/2020,16.5
11/30/2020,22.0
12/1/2020,6.3
12/2/2020,6.8
12/3/2020,10.3
12/4/2020,16.4
12/5/2020,22.7
12/6/2020,29.1
12/7/2020,28.9
12/8/2020,35.0
12/9/2020,33.1
12/10/2020,34.9
12/11/2020,18.5
12/12/2020,6.8
12/13/2020,6.1
12/14/2020,7.4
12/15/2020,8.1
12/16/2020,7.2
12/17/2020,5.1
12/18/2020,5.9
12/19/2020,8.8
12/20/2020,9.1
12/21/2020,10.2
12/22/2020,2.5
12/23/2020,2.4
12/24/2020,7.1
12/25/2020,18.0
12/26/2020,19.2
12/27/2020,11.0
12/28/2020,11.0
12/29/2020,10.1
12/30/2020,13.8
12/31/2020,15.1
1/1/2020,2.9
1/2/2020,1.6
1/3/2020,3.2
1/4/2020,5.2
1/5/2020,6.9
1/6/2020,3.2
1/7/2020,2.0
1/8/2020,2.8
1/9/2020,3.0
1/10/2020,0.6
1/11/2020,2.2
1/12/2020,1.6
1/13/2020,1.3
1/14/2020,1.7
1/15/2020,4.2
1/16/2020,3.1
1/17/2020,1.8
1/18/2020,3.5
1/19/2020,5.9
1/20/2020,12.6
1/21/2020,9.3
1/22/2020,3.5
1/23/2020,4.9
1/24/2020,4.8
1/25/2020,8.4
1/26/2020,4.8
1/27/2020,1.3
1/28/2020,2.0
1/29/2020,1.4
1/30/2020,3.6
1/31/2020,5.2
2/1/2020,3.8
2/2/2020,1.9
2/3/2020,0.4
2/4/2020,4.0
2/5/2020,3.7
2/6/2020,4.1
2/7/2020,4.2
2/8/2020,1.4
2/9/2020,1.8
2/10/2020,4.0
2/11/2020,3.5
2/12/2020,3.7
2/13/2020,3.6
2/14/2020,2.5
2/15/2020,2.6
2/16/2020,3.3
2/17/2020,1.2
2/18/2020,3.3
2/19/2020,3.4
2/20/2020,3.7
2/21/2020,7.2
2/22/2020,9.0
2/23/2020,4.0
2/24/2020,0.9
2/25/2020,2.3
2/26/2020,4.0
2/27/2020,5.0
2/28/2020,4.0
2/29/2020,1.8
3/1/2020,0.9
3/2/2020,2.5
3/3/2020,3.9
3/4/2020,3.8
3/5/2020,2.7
3/6/2020,2.1
3/7/2020,4.8
3/8/2020,2.3
3/9/2020,2.1
3/10/2020,3.1
3/11/2020,3.6
3/12/2020,3.0
3/13/2020,3.5
3/14/2020,0.9
3/15/2020,0.8
3/16/2020,2.5
3/17/2020,2.6
3/18/2020,1.3
3/19/2020,2.4
3/20/2020,2.1
3/21/2020,2.2
3/22/2020,2.3
3/23/2020,2.2
3/24/2020,1.1
3/25/2020,1.8
3/26/2020,2.1
3/27/2020,3.5
3/28/2020,3.4
3/29/2020,2.2
3/30/2020,2.4
3/31/2020,2.3
4/1/2020,2.4
4/2/2020,1.1
4/3/2020,3.0
4/4/2020,5.3
4/5/2020,3.0
4/6/2020,2.8
4/7/2020,3.2
4/8/2020,3.3
4/9/2020,2.7
4/10/2020,2.5
4/11/2020,2.4
4/12/2020,1.0
4/13/2020,2.6
4/14/2020,3.5
4/15/2020,2.3
4/16/2020,1.1
4/17/2020,3.5
4/18/2020,4.2
4/19/2020,2.1
4/20/2020,3.4
4/21/2020,4.2
4/22/2020,2.7
4/23/2020,1.9
4/24/2020,3.1
4/25/2020,3.8
4/26/2020,2.2
4/27/2020,3.2
4/28/2020,2.2
4/29/2020,3.9
4/30/2020,2.6
5/1/2020,3.9
5/2/2020,4.5
5/3/2020,2.7
5/4/2020,2.3
5/5/2020,3.5
5/6/2020,5.2
5/7/2020,1.6
5/8/2020,3.7
5/9/2020,3.9
5/10/2020,5.3
5/11/2020,5.3
5/12/2020,4.5
5/13/2020,3.1
5/14/2020,3.4
5/15/2020,3.1
5/16/2020,3.2
5/17/2020,6.8
5/18/2020,6.4
5/19/2020,5.7
5/20/2020,1.8
5/21/2020,1.9
5/22/2020,3.0
5/23/2020,0.9
5/24/2020,2.8
5/25/2020,2.6
5/26/2020,3.6
5/27/2020,3.2
5/28/2020,3.5
5/29/2020,3.6
5/30/2020,3.9
5/31/2020,4.8
6/1/2020,3.2
6/2/2020,4.4
6/3/2020,4.5
6/4/2020,6.1
6/5/2020,8.3
6/6/2020,7.5
6/7/2020,7.6
6/8/2020,7.0
6/9/2020,7.3
6/10/2020,7.5
6/11/2020,7.7
6/12/2020,7.5
6/13/2020,7.5
6/14/2020,7.6
6/15/2020,7.7
6/16/2020,7.0
6/17/2020,7.1
6/18/2020,7.8
6/19/2020,8.0
6/20/2020,7.3
6/21/2020,7.7
6/22/2020,7.5
6/23/2020,7.7
6/24/2020,7.6
6/25/2020,6.1
6/26/2020,5.8
6/27/2020,6.1
6/28/2020,5.5
6/29/2020,5.8
6/30/2020,6.3
2020-01-01,19.339
2020-01-02,3.0545
2020-01-03,3.9215
2020-01-04,6.5015
2020-01-05,29.553
2020-01-06,12.5335
2020-01-07,4.5355
2020-01-08,7.259499999999999
2020-01-09,19.847
2020-01-10,431.7585
2020-01-11,2.464
2020-01-12,6.5295000000000005
2020-01-13,2.428
2020-01-14,33.233000000000004
2020-01-15,4.894
2020-01-16,6.8765
2020-01-17,1.6135
2020-01-18,4.2375
2020-01-19,17.4775
2020-01-20,45.443
2020-01-21,40.215500000000006
2020-01-22,18.03
2020-01-23,15.418
2020-01-24,19.7195
2020-01-25,25.3675
2020-01-26,24.6645
2020-01-27,12.5075
2020-01-28,5.563000000000001
2020-01-29,3.5645
2020-01-30,9.69
2020-01-31,15.7145
2020-02-01,15.3235
2020-02-02,6.463
2020-02-03,2.27
2020-02-04,2.0095
2020-02-05,6.6165
2020-02-06,13.7945
2020-02-07,10.881
2020-02-08,6.6615
2020-02-09,1.6255
2020-02-10,5.8065
2020-02-11,13.204
2020-02-12,11.544
2020-02-13,12.2765
2020-02-14,4.127
2020-02-15,7.906
2020-02-16,11.757
2020-02-17,4.644
2020-02-18,4.153499999999999
2020-02-19,9.7975
2020-02-20,6.9505
2020-02-21,20.3725
2020-02-22,34.733000000000004
2020-02-23,19.323500000000003
2020-02-24,3.0275
2020-02-25,1.471
2020-02-26,4.1515
2020-02-27,10.851
2020-02-28,9.8255
2020-02-29,2.9690000000000003
2020-03-01,2.568
2020-03-02,2.83
2020-03-03,5.1685
2020-03-04,9.3485
2020-03-05,4.4205000000000005
2020-03-06,1.7705
2020-03-07,1.3015
2020-03-08,2.1375
2020-03-09,3.274
2020-03-10,4.12
2020-03-11,4.6315
2020-03-12,4.385
2020-03-13,6.8095
2020-03-14,0.3275
2020-03-15,0.3425
2020-03-16,0.708
2020-03-17,16.864
2020-03-18,0.7095
2020-03-19,3.447
2020-03-20,5.011
2020-03-21,3.6865
2020-03-22,2.9325
2020-03-23,4.5365
2020-03-24,0.134
2020-03-25,1.9905
2020-03-26,32.7245
2020-03-27,2.315
2020-03-28,4.227
2020-03-29,6.296
2020-03-30,4.4095
2020-03-31,4.2485
2020-04-01,0.8125
2020-04-02,14.4845
2020-04-03,1.6004999999999998
2020-04-04,114.9675
2020-04-05,5.8565000000000005
2020-04-06,1.829
2020-04-07,1.358
2020-04-08,3.583
2020-04-09,3.8115
2020-04-10,2.574
2020-04-11,188.551
2020-04-12,122.4685
2020-04-13,270.281
2020-04-14,48.975
2020-04-15,609.628
2020-04-16,194.9735
2020-04-17,4.1185
2020-04-18,13.6335
2020-04-19,2.936
2020-04-20,4.451
2020-04-21,5.9375
2020-04-22,63.45
2020-04-23,132.67600000000002
2020-04-24,1.926
2020-04-25,2.202
2020-04-26,2.2815000000000003
2020-04-27,2.4575
2020-04-28,2.672
2020-04-29,2.4445
2020-04-30,1.901
2020-05-01,3.126
2020-05-02,5.8260000000000005
2020-05-03,4.053
2020-05-04,3.2375
2020-05-05,3.4965
2020-05-06,5.125
2020-05-07,24.504
2020-05-08,2.0685
2020-05-09,2.3565
2020-05-10,5.101
2020-05-11,4.1135
2020-05-12,23.0415
2020-05-13,3.265
2020-05-14,2.0225
2020-05-15,4.365
2020-05-16,1.5875
2020-05-17,4.887499999999999
2020-05-18,5.063
2020-05-19,191.0815
2020-05-20,2.4395
2020-05-21,0.9415
2020-05-22,2.89
2020-05-23,5.47
2020-05-24,56.298
2020-05-25,2.1285
2020-05-26,2.531
2020-05-27,4.2145
2020-05-28,2.7225
2020-05-29,3.0205
2020-05-30,3.0225
2020-05-31,3.1795
2020-06-01,1.146
2020-06-02,4.6325
2020-06-03,5.776
2020-06-04,4.195
2020-06-05,7.1555
2020-06-06,2.4615
2020-06-07,4.705
2020-06-08,0.871
2020-06-09,2.092
2020-06-10,1.2345
2020-06-11,1.7105
2020-06-12,2.8105
2020-06-13,3.427
2020-06-14,1.498
2020-06-15,2.437
2020-06-16,2.3535
2020-06-17,1.022
2020-06-18,2.3235
2020-06-19,2.66
2020-06-20,3.154
2020-06-21,2.9345
2020-06-22,3.1710000000000003
2020-06-23,2.381
2020-06-24,2.818
2020-06-25,4.1935
2020-06-26,3.4095
2020-06-27,2.901
2020-06-28,4.769
2020-06-29,1.805
2020-06-30,2.5005
2020-07-01,4.381
2020-07-02,2.827
2020-07-03,3.732
2020-07-04,2.254
2020-07-05,40.69
2020-07-06,8.2235
2020-07-07,3.145
2020-07-08,5.8515
2020-07-09,6.2705
2020-07-10,5.172499999999999
2020-07-11,5.087
2020-07-12,4.8865
2020-07-13,4.295
2020-07-14,4.0535
2020-07-15,4.4115
2020-07-16,5.2995
2020-07-17,4.894
2020-07-18,2.598
2020-07-19,5.2295
2020-07-20,6.455
2020-07-21,14.979500000000002
2020-07-22,8.8185
2020-07-23,4.575
2020-07-24,2.379
2020-07-25,12.5495
2020-07-26,5.026
2020-07-27,5.883
2020-07-28,3.066
2020-07-29,4.199
2020-07-30,7.609
2020-07-31,6.87
2020-08-01,7.0165
2020-08-02,3.7345
2020-08-03,11.619
2020-08-04,11.9925
2020-08-05,10.161
2020-08-06,5.718500000000001
2020-08-07,2.3975
2020-08-08,3.8855
2020-08-09,6.5085
2020-08-10,5.9815000000000005
2020-08-11,4.316
2020-08-12,4.092499999999999
2020-08-13,4.6435
2020-08-14,5.051500000000001
2020-08-15,7.212
2020-08-16,5.8515
2020-08-17,7.688
2020-08-18,8.668
2020-08-19,12.466
2020-08-20,12.6605
2020-08-21,43.3725
2020-08-22,56.187
2020-08-23,34.209999999999994
2020-08-24,18.2925
2020-08-25,16.294999999999998
2020-08-26,13.369
2020-08-27,15.1305
2020-08-28,14.613499999999998
2020-08-29,14.3265
2020-08-30,18.937
2020-08-31,10.4015
2020-09-01,4.782
2020-09-02,3.286
2020-09-03,2.925
2020-09-04,5.294499999999999
2020-09-05,7.67
2020-09-06,15.501
2020-09-07,61.8125
2020-09-08,9.015
2020-09-09,1.5745
2020-09-10,5.227
2020-09-11,10.9825
2020-09-12,14.306
2020-09-13,27.2255
2020-09-14,11.790500000000002
2020-09-15,7.338
2020-09-16,9.0775
2020-09-17,15.015
2020-09-18,17.721
2020-09-19,29.7635
2020-09-20,25.6555
2020-09-21,35.654
2020-09-22,19.5995
2020-09-23,16.354
2020-09-24,27.009
2020-09-25,31.9115
2020-09-26,23.453000000000003
2020-09-27,2.6175
2020-09-28,2.2075
2020-09-29,3.191
2020-09-30,5.3185
2020-10-01,4.3260000000000005
2020-10-02,6.5785
2020-10-03,14.836
2020-10-04,38.2505
2020-10-05,37.7615
2020-10-06,37.189
2020-10-07,45.4235
2020-10-08,41.124
2020-10-15,0.4595
2020-10-16,3.127
2020-10-17,4.316
2020-10-18,7.855499999999999
2020-10-19,4.1465
2020-10-20,3.6395
2020-10-21,3.7705
2020-10-22,3.2185
2020-10-23,3.6345
2020-10-24,15.8475
2020-10-25,4.281
2020-10-26,4.76
2020-10-27,16.967
2020-10-28,22.661
2020-10-29,18.383000000000003
2020-10-30,14.0465
2020-10-31,6.510999999999999
2020-11-01,15.8415
2020-11-02,19.0285
2020-11-03,20.146500000000003
2020-11-04,17.4095
2020-11-05,11.519
2020-11-06,7.934
2020-11-07,2.6465
2020-11-08,0.7949999999999999
2020-11-09,10.921
2020-11-10,6.957
2020-11-11,5.878
2020-11-12,3.4095
2020-11-13,6.6355
2020-11-14,0.5640000000000001
2020-11-15,1.9085
2020-11-16,8.904
2020-11-17,7.9485
2020-11-18,0.9405
2020-11-19,2.2365
2020-11-20,4.508
2020-11-21,12.6815
2020-11-22,14.984
2020-11-23,27.026
2020-11-24,16.4215
2020-11-25,13.003
2020-11-26,4.088
2020-11-27,5.336
2020-11-28,13.2025
2020-11-29,27.289
2020-11-30,31.525
2020-12-01,16.345
2020-12-02,6.186
2020-12-03,9.6285
2020-12-04,17.096
2020-12-05,33.5825
2020-12-06,48.189
2020-12-07,48.9805
2020-12-08,46.129000000000005
2020-12-09,44.389
2020-12-10,50.4495
2020-12-11,35.8285
2020-12-12,14.511500000000002
2020-12-13,7.293
2020-12-14,19.8285
2020-12-15,9.3835
2020-12-16,8.962
2020-12-17,6.407
2020-12-18,9.1605
2020-12-19,13.8085
2020-12-20,11.5855
2020-12-21,8.0585
2020-12-22,6.8545
2020-12-23,0.3399999999999999
2020-12-24,5.542999999999999
2020-12-25,22.272
2020-12-26,38.846
2020-12-27,25.5195
2020-12-28,12.3575
2020-12-29,8.756
2020-12-30,20.9775
2020-12-31,25.128500000000003
1/1/2020,8.4
1/2/2020,4.6
1/3/2020,6.4
1/4/2020,12.0
1/5/2020,13.4
1/6/2020,7.0
1/7/2020,5.7
1/8/2020,8.6
1/9/2020,8.2
1/10/2020,3.2
1/11/2020,5.0
1/12/2020,4.8
1/13/2020,4.7
1/14/2020,6.4
1/15/2020,10.2
1/16/2020,4.6
1/17/2020,4.7
1/18/2020,8.2
1/19/2020,15.8
1/23/2020,15.6
1/24/2020,13.7
1/25/2020,16.6
1/26/2020,10.9
1/27/2020,4.9
1/28/2020,4.7
1/29/2020,4.4
1/30/2020,9.0
1/31/2020,12.5
2/1/2020,8.5
2/2/2020,3.7
2/3/2020,2.2
2/4/2020,8.5
2/5/2020,8.1
2/6/2020,10.8
2/7/2020,8.2
2/8/2020,3.3
2/9/2020,3.2
2/10/2020,8.9
2/11/2020,10.0
2/12/2020,10.3
2/13/2020,8.7
2/14/2020,7.5
2/15/2020,8.7
2/16/2020,10.6
2/17/2020,3.3
2/18/2020,6.7
2/19/2020,7.7
2/20/2020,10.2
2/21/2020,19.3
2/22/2020,20.3
2/23/2020,9.0
2/24/2020,2.6
2/25/2020,5.0
2/26/2020,9.2
2/27/2020,12.3
2/28/2020,9.1
2/29/2020,4.4
3/1/2020,3.7
3/2/2020,5.1
3/3/2020,8.6
3/4/2020,8.9
3/5/2020,5.9
3/6/2020,5.0
3/7/2020,7.8
3/8/2020,5.0
3/9/2020,4.1
3/10/2020,5.8
3/11/2020,6.4
3/12/2020,6.2
3/13/2020,7.1
3/14/2020,2.0
3/15/2020,2.3
3/16/2020,4.7
3/17/2020,4.1
3/18/2020,2.8
3/19/2020,6.0
3/20/2020,3.0
3/21/2020,4.3
3/22/2020,4.8
3/23/2020,3.8
3/24/2020,2.0
3/25/2020,4.2
3/26/2020,2.4
3/27/2020,4.1
3/28/2020,6.6
3/29/2020,5.0
3/30/2020,4.5
3/31/2020,2.8
4/1/2020,2.1
4/2/2020,1.4
4/3/2020,5.0
4/4/2020,8.9
4/5/2020,5.4
4/6/2020,5.6
4/7/2020,5.9
4/8/2020,8.2
4/9/2020,6.5
4/10/2020,5.9
4/11/2020,4.3
4/12/2020,4.3
4/13/2020,4.8
4/14/2020,6.3
4/15/2020,3.6
4/16/2020,2.2
4/17/2020,7.1
4/18/2020,6.9
4/19/2020,3.8
4/20/2020,6.8
4/21/2020,7.6
4/22/2020,5.3
4/23/2020,3.8
4/24/2020,5.7
4/25/2020,6.5
4/26/2020,4.5
4/27/2020,5.4
4/28/2020,4.1
4/29/2020,6.9
4/30/2020,5.0
5/1/2020,8.8
5/2/2020,5.8
5/3/2020,5.2
5/4/2020,5.1
5/5/2020,8.0
5/6/2020,8.6
5/7/2020,3.8
5/8/2020,6.8
5/9/2020,6.8
5/10/2020,8.2
5/11/2020,8.0
5/12/2020,8.7
5/13/2020,6.1
5/14/2020,4.8
5/15/2020,5.2
5/16/2020,6.9
5/17/2020,8.8
5/18/2020,9.4
5/19/2020,12.0
5/20/2020,8.3
5/21/2020,4.2
5/22/2020,6.7
5/23/2020,3.0
5/24/2020,3.5
5/25/2020,4.2
5/26/2020,7.8
5/30/2020,6.7
5/31/2020,7.9
6/1/2020,6.2
6/2/2020,17.4
6/3/2020,13.1
6/4/2020,11.2
6/5/2020,13.5
6/6/2020,7.0
6/7/2020,5.9
6/8/2020,3.9
6/9/2020,4.7
6/10/2020,5.8
6/11/2020,7.6
6/12/2020,7.5
6/13/2020,8.8
6/14/2020,5.6
6/15/2020,8.7
6/16/2020,4.9
6/17/2020,3.7
6/18/2020,4.4
6/19/2020,6.7
6/20/2020,7.4
6/21/2020,6.5
6/22/2020,7.0
6/23/2020,7.6
6/24/2020,6.8
6/25/2020,7.2
6/26/2020,10.0
6/27/2020,9.2
6/28/2020,11.1
6/29/2020,4.2
6/30/2020,4.5
7/1/2020,11.4
7/2/2020,9.3
7/3/2020,14.9
7/4/2020,34.5
7/5/2020,138.8
7/6/2020,11.7
7/7/2020,9.4
7/8/2020,9.9
7/9/2020,13.4
7/10/2020,8.9
7/11/2020,12.3
7/12/2020,8.5
7/13/2020,12.3
7/14/2020,8.9
7/15/2020,9.6
7/16/2020,13.5
7/17/2020,10.7
7/18/2020,8.3
7/19/2020,12.1
7/20/2020,14.3
7/21/2020,19.5
7/22/2020,11.3
7/23/2020,8.5
7/24/2020,12.2
7/25/2020,17.7
7/26/2020,9.2
7/27/2020,13.3
7/28/2020,8.6
7/29/2020,9.8
7/30/2020,13.8
7/31/2020,14.7
8/1/2020,10.7
8/2/2020,9.3
8/3/2020,12.9
8/4/2020,13.5
8/5/2020,13.1
8/6/2020,6.9
8/7/2020,8.5
8/8/2020,9.8
8/9/2020,12.6
8/10/2020,10.5
8/11/2020,12.7
8/12/2020,14.2
8/13/2020,18.4
8/14/2020,19.9
8/15/2020,13.2
8/16/2020,11.4
8/17/2020,14.7
8/18/2020,17.2
8/19/2020,16.3
8/20/2020,21.5
8/21/2020,47.3
8/22/2020,36.3
8/23/2020,18.7
8/24/2020,21.9
8/27/2020,12.8
8/28/2020,14.8
8/29/2020,13.3
8/30/2020,13.2
8/31/2020,7.1
9/1/2020,5.3
9/2/2020,8.1
9/3/2020,8.9
9/4/2020,10.6
9/5/2020,10.7
9/6/2020,26.3
9/7/2020,39.3
9/8/2020,5.1
9/9/2020,5.5
9/10/2020,10.9
9/11/2020,13.5
9/12/2020,18.7
9/13/2020,16.6
9/14/2020,10.5
9/15/2020,14.8
9/16/2020,17.3
9/17/2020,20.9
9/18/2020,18.7
9/19/2020,24.1
9/20/2020,18.0
9/21/2020,26.7
9/22/2020,11.0
9/23/2020,16.9
9/24/2020,19.2
9/25/2020,28.4
9/26/2020,12.2
9/27/2020,4.3
9/28/2020,5.7
9/29/2020,9.3
9/30/2020,11.9
10/1/2020,11.1
10/2/2020,13.9
10/3/2020,21.9
10/4/2020,29.9
10/5/2020,24.0
10/6/2020,32.0
10/7/2020,36.9
10/8/2020,21.3
10/9/2020,16.5
10/10/2020,12.4
10/11/2020,3.9
10/12/2020,6.9
10/13/2020,8.4
10/14/2020,6.1
10/15/2020,5.2
10/16/2020,9.5
10/17/2020,9.4
10/18/2020,7.1
10/19/2020,9.0
10/20/2020,8.3
10/21/2020,9.3
10/22/2020,4.7
10/23/2020,11.2
10/24/2020,12.7
10/25/2020,4.2
10/26/2020,9.2
10/27/2020,15.3
10/28/2020,14.9
10/29/2020,16.6
10/30/2020,9.9
10/31/2020,9.9
11/1/2020,14.1
11/2/2020,17.1
11/3/2020,19.2
11/4/2020,12.8
11/5/2020,12.2
11/6/2020,7.8
11/7/2020,4.9
11/8/2020,5.1
11/9/2020,5.8
11/10/2020,7.5
11/11/2020,5.4
11/12/2020,6.9
11/13/2020,6.8
11/14/2020,3.3
11/15/2020,4.7
11/16/2020,13.4
11/17/2020,3.6
11/18/2020,7.6
11/19/2020,4.9
11/20/2020,7.5
11/21/2020,12.3
11/22/2020,11.6
11/23/2020,19.1
11/24/2020,8.9
11/25/2020,8.3
11/26/2020,3.9
11/27/2020,7.8
11/28/2020,12.1
11/29/2020,18.6
11/30/2020,20.7
12/1/2020,7.5
12/2/2020,8.1
12/3/2020,10.2
12/4/2020,18.4
12/5/2020,26.0
12/6/2020,32.1
12/7/2020,31.6
12/8/2020,34.5
12/9/2020,32.5
12/10/2020,31.8
12/11/2020,17.4
12/12/2020,7.7
12/13/2020,7.9
12/14/2020,8.6
12/15/2020,9.4
12/16/2020,8.1
12/17/2020,6.3
12/18/2020,6.9
12/19/2020,11.1
12/22/2020,2.8
12/23/2020,5.6
12/24/2020,11.0
12/25/2020,16.4
12/26/2020,22.3
12/27/2020,11.7
12/28/2020,9.6
12/29/2020,11.0
12/30/2020,16.7
12/31/2020,16.4
